"surface","scope","file","line","object","occurrence_in_line","matched_text","variant","category","canonical_meaning","direct_M_shift","context"
"appendix-container","boundary","14_appendix_model_candidate.tex","38","M","1","M","M","primitive parameter","binary institutional regime","policy object","institutional wedge \(\tau_E(M)\), whose infinite/finite value encodes the"
"appendix-container","boundary","14_appendix_model_candidate.tex","38","tau_E","1","\tau_E(M)","\tau_E(M)","primitive parameter","institutional barrier on retained entrusted route E","yes, through M only","institutional wedge \(\tau_E(M)\), whose infinite/finite value encodes the"
"appendix-container","boundary","14_appendix_model_candidate.tex","39","x_i","1","x_i","control","control / optimized control","original-drug innovation investment / project-advancement intensity","through Omega_i only","effective availability of retained entrusted manufacturing. The common control \(x_i\) is original-drug innovation"
"appendix-container","boundary","14_appendix_model_candidate.tex","44","M","1","M","M","primitive parameter","binary institutional regime","policy object","M"
"appendix-container","boundary","14_appendix_model_candidate.tex","48","a_i","1","a_i","a_i","exogenous firm characteristic","research capability for viable planning-stage projects","no","\Omega_i"
"appendix-container","boundary","14_appendix_model_candidate.tex","48","Omega_i","1","\Omega_i","\Omega_i","endogenous firm-level object","expected optimized value per planning-stage project","indirect only","\Omega_i"
"appendix-container","boundary","14_appendix_model_candidate.tex","50","x_i","1","x_i^*","optimized","control / optimized control","original-drug innovation investment / project-advancement intensity","through Omega_i only","x_i^*,"
"appendix-container","boundary","14_appendix_model_candidate.tex","77","x_i","1","x_i","control","control / optimized control","original-drug innovation investment / project-advancement intensity","through Omega_i only","\(x_i\), exogenous shares \(\rho_g\), and conditional distributions \(F_g\)"
"appendix-module","baseline","01_primitives_and_timing.tex","22","a_i","1","a_i","a_i","exogenous firm characteristic","research capability for viable planning-stage projects","no","has research capability \(a_i>0\), measured in \(\mathsf P/\mathsf X\), and"
"appendix-module","baseline","01_primitives_and_timing.tex","23","k_i","1","k_i","k_i","exogenous firm characteristic","internal manufacturing capability","no","internal manufacturing capability \(k_i>0\), measured in \(\mathsf K\). Its"
"appendix-module","baseline","01_primitives_and_timing.tex","26","a_i","1","a_i","a_i","exogenous firm characteristic","research capability for viable planning-stage projects","no","\theta_i=(a_i,k_i)."
"appendix-module","baseline","01_primitives_and_timing.tex","26","a_i","2","a_i","a_i","exogenous firm characteristic","research capability for viable planning-stage projects","no","\theta_i=(a_i,k_i)."
"appendix-module","baseline","01_primitives_and_timing.tex","26","k_i","1","k_i","k_i","exogenous firm characteristic","internal manufacturing capability","no","\theta_i=(a_i,k_i)."
"appendix-module","baseline","01_primitives_and_timing.tex","40","m","1","m","m","exogenous project characteristic","manufacturing requirement/complexity","no","scientific value shifter \(q>0\) and manufacturing requirement \(m>0\). The"
"appendix-module","baseline","01_primitives_and_timing.tex","40","q","1","q","q","exogenous project characteristic","commercial/scientific value shifter","no","scientific value shifter \(q>0\) and manufacturing requirement \(m>0\). The"
"appendix-module","baseline","01_primitives_and_timing.tex","41","k_i","1","k_i","k_i","exogenous firm characteristic","internal manufacturing capability","no","latter is measured on the same \(\mathsf K\) scale as \(k_i\). Define"
"appendix-module","baseline","01_primitives_and_timing.tex","43","m","1","m","m","exogenous project characteristic","manufacturing requirement/complexity","no","\omega=(q,m)\sim F(q,m),"
"appendix-module","baseline","01_primitives_and_timing.tex","43","m","2","m","m","exogenous project characteristic","manufacturing requirement/complexity","no","\omega=(q,m)\sim F(q,m),"
"appendix-module","baseline","01_primitives_and_timing.tex","43","q","1","q","q","exogenous project characteristic","commercial/scientific value shifter","no","\omega=(q,m)\sim F(q,m),"
"appendix-module","baseline","01_primitives_and_timing.tex","43","q","2","q","q","exogenous project characteristic","commercial/scientific value shifter","no","\omega=(q,m)\sim F(q,m),"
"appendix-module","baseline","01_primitives_and_timing.tex","46","q","1","q","q","exogenous project characteristic","commercial/scientific value shifter","no","where \(F\) is an exogenous joint distribution. Thus \(q\) governs the"
"appendix-module","baseline","01_primitives_and_timing.tex","47","k_i","1","k_i","k_i","exogenous firm characteristic","internal manufacturing capability","no","project's value side, while the pair \((m,k_i)\) governs the manufacturing"
"appendix-module","baseline","01_primitives_and_timing.tex","47","m","1","m","m","exogenous project characteristic","manufacturing requirement/complexity","no","project's value side, while the pair \((m,k_i)\) governs the manufacturing"
"appendix-module","baseline","01_primitives_and_timing.tex","48","m","1","m","m","exogenous project characteristic","manufacturing requirement/complexity","no","mismatch. The institutional regime does not directly alter \(q\), \(m\), or"
"appendix-module","baseline","01_primitives_and_timing.tex","48","q","1","q","q","exogenous project characteristic","commercial/scientific value shifter","no","mismatch. The institutional regime does not directly alter \(q\), \(m\), or"
"appendix-module","baseline","01_primitives_and_timing.tex","54","m","1","m","m","exogenous project characteristic","manufacturing requirement/complexity","no","\(\rho_g\geq0\) be the class share and \(F_g(q,m)\) the conditional project"
"appendix-module","baseline","01_primitives_and_timing.tex","54","q","1","q","q","exogenous project characteristic","commercial/scientific value shifter","no","\(\rho_g\geq0\) be the class share and \(F_g(q,m)\) the conditional project"
"appendix-module","baseline","01_primitives_and_timing.tex","59","m","1","m","m","exogenous project characteristic","manufacturing requirement/complexity","no","F(q,m)="
"appendix-module","baseline","01_primitives_and_timing.tex","59","q","1","q","q","exogenous project characteristic","commercial/scientific value shifter","no","F(q,m)="
"appendix-module","baseline","01_primitives_and_timing.tex","60","m","1","m","m","exogenous project characteristic","manufacturing requirement/complexity","no","\sum_{g\in\{O,\mathrm{Inc}\}}\rho_gF_g(q,m)."
"appendix-module","baseline","01_primitives_and_timing.tex","60","q","1","q","q","exogenous project characteristic","commercial/scientific value shifter","no","\sum_{g\in\{O,\mathrm{Inc}\}}\rho_gF_g(q,m)."
"appendix-module","baseline","01_primitives_and_timing.tex","69","M","1","M","M","primitive parameter","binary institutional regime","policy object","Let the exogenous institutional regime be \(M\in\{0,1\}\). The value \(M=0\)"
"appendix-module","baseline","01_primitives_and_timing.tex","69","M","2","M","M","primitive parameter","binary institutional regime","policy object","Let the exogenous institutional regime be \(M\in\{0,1\}\). The value \(M=0\)"
"appendix-module","baseline","01_primitives_and_timing.tex","70","M","1","M","M","primitive parameter","binary institutional regime","policy object","denotes the pre-MAH regime. The value \(M=1\) means that a developer may"
"appendix-module","baseline","01_primitives_and_timing.tex","72","M","1","M","M","primitive parameter","binary institutional regime","policy object","the product. Let \(\tau_E(M)\), measured in \(\mathsf C\) per project, denote"
"appendix-module","baseline","01_primitives_and_timing.tex","72","tau_E","1","\tau_E(M)","\tau_E(M)","primitive parameter","institutional barrier on retained entrusted route E","yes, through M only","the product. Let \(\tau_E(M)\), measured in \(\mathsf C\) per project, denote"
"appendix-module","baseline","01_primitives_and_timing.tex","76","tau_E","1","\tau_E","\tau_E","primitive parameter","institutional barrier on retained entrusted route E","yes, through M only","\tau_E(0)=+\infty,"
"appendix-module","baseline","01_primitives_and_timing.tex","78","tau_E","1","\tau_E","\tau_E","primitive parameter","institutional barrier on retained entrusted route E","yes, through M only","\tau_E(1)=\bar\tau_E<+\infty,"
"appendix-module","baseline","01_primitives_and_timing.tex","78","tau_E","2","\tau_E","\tau_E","primitive parameter","institutional barrier on retained entrusted route E","yes, through M only","\tau_E(1)=\bar\tau_E<+\infty,"
"appendix-module","baseline","01_primitives_and_timing.tex","80","tau_E","1","\tau_E","\tau_E","primitive parameter","institutional barrier on retained entrusted route E","yes, through M only","\bar\tau_E\geq0."
"appendix-module","baseline","01_primitives_and_timing.tex","94","tau_E","1","\tau_E","\tau_E","primitive parameter","institutional barrier on retained entrusted route E","yes, through M only","\(\tau_E(0)=+\infty\), which gives \(W_i^E=-\infty\) once route values are"
"appendix-module","baseline","01_primitives_and_timing.tex","94","W_E","1","W_i^E","W_i^E","endogenous route-level object","retained entrusted-manufacturing route value","through tau_E only","\(\tau_E(0)=+\infty\), which gives \(W_i^E=-\infty\) once route values are"
"appendix-module","baseline","01_primitives_and_timing.tex","98","M","1","M","M","primitive parameter","binary institutional regime","policy object","\(r_i^*(q,m;M,p_m)\), but route values and the argmax are deferred to"
"appendix-module","baseline","01_primitives_and_timing.tex","98","m","1","m","m","exogenous project characteristic","manufacturing requirement/complexity","no","\(r_i^*(q,m;M,p_m)\), but route values and the argmax are deferred to"
"appendix-module","baseline","01_primitives_and_timing.tex","98","p_m","1","p_m","candidate-or-generic","equilibrium price / candidate price","qualified manufacturing-service capacity price","no","\(r_i^*(q,m;M,p_m)\), but route values and the argmax are deferred to"
"appendix-module","baseline","01_primitives_and_timing.tex","98","q","1","q","q","exogenous project characteristic","commercial/scientific value shifter","no","\(r_i^*(q,m;M,p_m)\), but route values and the argmax are deferred to"
"appendix-module","baseline","01_primitives_and_timing.tex","104","x_i","1","x_i","control","control / optimized control","original-drug innovation investment / project-advancement intensity","through Omega_i only","Developer \(i\) chooses one common control \(x_i\geq0\), measured in"
"appendix-module","baseline","01_primitives_and_timing.tex","105","x_i","1","x_i","control","control / optimized control","original-drug innovation investment / project-advancement intensity","through Omega_i only","\(\mathsf X\). Canonically, \(x_i\) is"
"appendix-module","baseline","01_primitives_and_timing.tex","115","a_i","1","a_i","a_i","exogenous firm characteristic","research capability for viable planning-stage projects","no","\lambda_i^{\mathrm{plan}}=a_ix_i."
"appendix-module","baseline","01_primitives_and_timing.tex","115","a_i","2","a_i","a_i","exogenous firm characteristic","research capability for viable planning-stage projects","no","\lambda_i^{\mathrm{plan}}=a_ix_i."
"appendix-module","baseline","01_primitives_and_timing.tex","115","x_i","1","x_i","control","control / optimized control","original-drug innovation investment / project-advancement intensity","through Omega_i only","\lambda_i^{\mathrm{plan}}=a_ix_i."
"appendix-module","baseline","01_primitives_and_timing.tex","118","x_i","1","x_i","control","control / optimized control","original-drug innovation investment / project-advancement intensity","through Omega_i only","The control \(x_i\) has units \(\mathsf X\), so"
"appendix-module","baseline","01_primitives_and_timing.tex","119","a_i","1","a_i","a_i","exogenous firm characteristic","research capability for viable planning-stage projects","no","\(\lambda_i^{\mathrm{plan}}\) has units \(\mathsf P\)."
"appendix-module","baseline","01_primitives_and_timing.tex","121","p_m","1","p_m","candidate-or-generic","equilibrium price / candidate price","qualified manufacturing-service capacity price","no","Let \(p_m\), measured in \(\mathsf C/\mathsf B\), denote a conjectured price"
"appendix-module","baseline","01_primitives_and_timing.tex","122","p_m","1","p_m^*","equilibrium-starred","equilibrium price / candidate price","qualified manufacturing-service capacity price","no","of qualified manufacturing service and let \(p_m^*\) denote its future"
"appendix-module","baseline","01_primitives_and_timing.tex","123","a_i","1","a_i","a_i","exogenous firm characteristic","research capability for viable planning-stage projects","no","market-consistent value. Let \(\Omega_i(M,p_m)\), measured in \(\mathsf C\)"
"appendix-module","baseline","01_primitives_and_timing.tex","123","M","1","M","M","primitive parameter","binary institutional regime","policy object","market-consistent value. Let \(\Omega_i(M,p_m)\), measured in \(\mathsf C\)"
"appendix-module","baseline","01_primitives_and_timing.tex","123","Omega_i","1","\Omega_i","\Omega_i","endogenous firm-level object","expected optimized value per planning-stage project","indirect only","market-consistent value. Let \(\Omega_i(M,p_m)\), measured in \(\mathsf C\)"
"appendix-module","baseline","01_primitives_and_timing.tex","123","p_m","1","p_m","candidate-or-generic","equilibrium price / candidate price","qualified manufacturing-service capacity price","no","market-consistent value. Let \(\Omega_i(M,p_m)\), measured in \(\mathsf C\)"
"appendix-module","baseline","01_primitives_and_timing.tex","129","q","1","q","q","exogenous project characteristic","commercial/scientific value shifter","no","Finally, let \(s(q)\in[0,1]\) be the exogenous, route-independent probability"
"appendix-module","baseline","01_primitives_and_timing.tex","129","s(q)","1","s(q)","s(q)","primitive parameter/function","exogenous downstream realization probability","no","Finally, let \(s(q)\in[0,1]\) be the exogenous, route-independent probability"
"appendix-module","baseline","01_primitives_and_timing.tex","132","q","1","q","q","exogenous project characteristic","commercial/scientific value shifter","no","\Pr\{\text{downstream realization}\mid q\}=s(q)."
"appendix-module","baseline","01_primitives_and_timing.tex","132","q","2","q","q","exogenous project characteristic","commercial/scientific value shifter","no","\Pr\{\text{downstream realization}\mid q\}=s(q)."
"appendix-module","baseline","01_primitives_and_timing.tex","132","s(q)","1","s(q)","s(q)","primitive parameter/function","exogenous downstream realization probability","no","\Pr\{\text{downstream realization}\mid q\}=s(q)."
"appendix-module","baseline","01_primitives_and_timing.tex","135","q","1","q","q","exogenous project characteristic","commercial/scientific value shifter","no","The reform does not shift \(s(q)\). If typed observed outcomes later require a"
"appendix-module","baseline","01_primitives_and_timing.tex","135","s(q)","1","s(q)","s(q)","primitive parameter/function","exogenous downstream realization probability","no","The reform does not shift \(s(q)\). If typed observed outcomes later require a"
"appendix-module","baseline","01_primitives_and_timing.tex","136","q","1","q","q","exogenous project characteristic","commercial/scientific value shifter","no","class-specific probability \(s_g(q)\), it is likewise exogenous and"
"appendix-module","baseline","01_primitives_and_timing.tex","136","s(q)","1","s_g(q)","s_g(q)","primitive parameter/function","exogenous downstream realization probability","no","class-specific probability \(s_g(q)\), it is likewise exogenous and"
"appendix-module","baseline","01_primitives_and_timing.tex","143","M","1","M","M","primitive parameter","binary institutional regime","policy object","\item[Stage 0.] \textbf{Institutional regime.} The value of \(M\) is"
"appendix-module","baseline","01_primitives_and_timing.tex","149","a_i","1","a_i","a_i","exogenous firm characteristic","research capability for viable planning-stage projects","no","observes \((a_i,k_i,M)\), anticipates the market-consistent service price"
"appendix-module","baseline","01_primitives_and_timing.tex","149","k_i","1","k_i","k_i","exogenous firm characteristic","internal manufacturing capability","no","observes \((a_i,k_i,M)\), anticipates the market-consistent service price"
"appendix-module","baseline","01_primitives_and_timing.tex","149","M","1","M","M","primitive parameter","binary institutional regime","policy object","observes \((a_i,k_i,M)\), anticipates the market-consistent service price"
"appendix-module","baseline","01_primitives_and_timing.tex","150","p_m","1","p_m^*","equilibrium-starred","equilibrium price / candidate price","qualified manufacturing-service capacity price","no","\(p_m^*\) and future route opportunities, and chooses \(x_i\). Equation"
"appendix-module","baseline","01_primitives_and_timing.tex","150","x_i","1","x_i","control","control / optimized control","original-drug innovation investment / project-advancement intensity","through Omega_i only","\(p_m^*\) and future route opportunities, and chooses \(x_i\). Equation"
"appendix-module","baseline","01_primitives_and_timing.tex","155","m","1","m","m","exogenous project characteristic","manufacturing requirement/complexity","no","project draws \((q,m)\) according to \eqref{eq:p01-project-draw}. The"
"appendix-module","baseline","01_primitives_and_timing.tex","155","q","1","q","q","exogenous project characteristic","commercial/scientific value shifter","no","project draws \((q,m)\) according to \eqref{eq:p01-project-draw}. The"
"appendix-module","baseline","01_primitives_and_timing.tex","160","m","1","m","m","exogenous project characteristic","manufacturing requirement/complexity","no","\((q,m)\) and the manufacturing-service price, the project chooses a route"
"appendix-module","baseline","01_primitives_and_timing.tex","160","q","1","q","q","exogenous project characteristic","commercial/scientific value shifter","no","\((q,m)\) and the manufacturing-service price, the project chooses a route"
"appendix-module","baseline","01_primitives_and_timing.tex","172","p_m","1","p_m^*","equilibrium-starred","equilibrium price / candidate price","qualified manufacturing-service capacity price","no","\(p_m^*\) that developers anticipated. This is a simultaneous equilibrium"
"appendix-module","baseline","01_primitives_and_timing.tex","177","a_i","1","a_i","a_i","exogenous firm characteristic","research capability for viable planning-stage projects","no","Stage~0 and may help explain predetermined \(a_i\). They are outside the"
"appendix-module","baseline","01_primitives_and_timing.tex","185","M","1","M","M","primitive parameter","binary institutional regime","policy object","M\longrightarrow \tau_E(M)"
"appendix-module","baseline","01_primitives_and_timing.tex","185","M","2","M","M","primitive parameter","binary institutional regime","policy object","M\longrightarrow \tau_E(M)"
"appendix-module","baseline","01_primitives_and_timing.tex","185","tau_E","1","\tau_E(M)","\tau_E(M)","primitive parameter","institutional barrier on retained entrusted route E","yes, through M only","M\longrightarrow \tau_E(M)"
"appendix-module","baseline","01_primitives_and_timing.tex","192","M","1","M","M","primitive parameter","binary institutional regime","policy object","M"
"appendix-module","baseline","01_primitives_and_timing.tex","196","a_i","1","a_i","a_i","exogenous firm characteristic","research capability for viable planning-stage projects","no","\Omega_i"
"appendix-module","baseline","01_primitives_and_timing.tex","196","Omega_i","1","\Omega_i","\Omega_i","endogenous firm-level object","expected optimized value per planning-stage project","indirect only","\Omega_i"
"appendix-module","baseline","01_primitives_and_timing.tex","198","x_i","1","x_i^*","optimized","control / optimized control","original-drug innovation investment / project-advancement intensity","through Omega_i only","x_i^*."
"appendix-module","baseline","01_primitives_and_timing.tex","204","x_i","1","x_i^*","optimized","control / optimized control","original-drug innovation investment / project-advancement intensity","through Omega_i only","x_i^*"
"appendix-module","baseline","01_primitives_and_timing.tex","219","a_i","1","a_i","a_i","exogenous firm characteristic","research capability for viable planning-stage projects","no","In particular, \(M\) does not directly change \(a_i\), \(k_i\), \(z_j\),"
"appendix-module","baseline","01_primitives_and_timing.tex","219","k_i","1","k_i","k_i","exogenous firm characteristic","internal manufacturing capability","no","In particular, \(M\) does not directly change \(a_i\), \(k_i\), \(z_j\),"
"appendix-module","baseline","01_primitives_and_timing.tex","219","M","1","M","M","primitive parameter","binary institutional regime","policy object","In particular, \(M\) does not directly change \(a_i\), \(k_i\), \(z_j\),"
"appendix-module","baseline","01_primitives_and_timing.tex","220","m","1","m","m","exogenous project characteristic","manufacturing requirement/complexity","no","\(q\), \(m\), \(F\), \(\rho_g\), \(F_g\), \(s(q)\), or \(s_g(q)\). It does"
"appendix-module","baseline","01_primitives_and_timing.tex","220","q","1","q","q","exogenous project characteristic","commercial/scientific value shifter","no","\(q\), \(m\), \(F\), \(\rho_g\), \(F_g\), \(s(q)\), or \(s_g(q)\). It does"
"appendix-module","baseline","01_primitives_and_timing.tex","220","q","2","q","q","exogenous project characteristic","commercial/scientific value shifter","no","\(q\), \(m\), \(F\), \(\rho_g\), \(F_g\), \(s(q)\), or \(s_g(q)\). It does"
"appendix-module","baseline","01_primitives_and_timing.tex","220","q","3","q","q","exogenous project characteristic","commercial/scientific value shifter","no","\(q\), \(m\), \(F\), \(\rho_g\), \(F_g\), \(s(q)\), or \(s_g(q)\). It does"
"appendix-module","baseline","01_primitives_and_timing.tex","220","s(q)","1","s(q)","s(q)","primitive parameter/function","exogenous downstream realization probability","no","\(q\), \(m\), \(F\), \(\rho_g\), \(F_g\), \(s(q)\), or \(s_g(q)\). It does"
"appendix-module","baseline","01_primitives_and_timing.tex","220","s(q)","2","s_g(q)","s_g(q)","primitive parameter/function","exogenous downstream realization probability","no","\(q\), \(m\), \(F\), \(\rho_g\), \(F_g\), \(s(q)\), or \(s_g(q)\). It does"
"appendix-module","baseline","01_primitives_and_timing.tex","221","p_m","1","p_m^*","equilibrium-starred","equilibrium price / candidate price","qualified manufacturing-service capacity price","no","not directly lower \(p_m^*\). Nothing in this section implies an increase in"
"appendix-module","baseline","02_demand_profit_derivation.tex","6","q","1","q","q","exogenous project characteristic","commercial/scientific value shifter","no","routes. It conditions on a project value shifter \(q>0\) and a positive"
"appendix-module","baseline","02_demand_profit_derivation.tex","9","p_m","1","p_m","candidate-or-generic","equilibrium price / candidate price","qualified manufacturing-service capacity price","no","from the qualified manufacturing-service price \(p_m\)."
"appendix-module","baseline","02_demand_profit_derivation.tex","22","q","1","q","q","exogenous project characteristic","commercial/scientific value shifter","no","y(p;q)=Aq p^{-\varepsilon},"
"appendix-module","baseline","02_demand_profit_derivation.tex","23","q","1","q","q","exogenous project characteristic","commercial/scientific value shifter","no","\qquad A>0,\quad q>0,\quad \varepsilon>1."
"appendix-module","baseline","02_demand_profit_derivation.tex","26","q","1","q","q","exogenous project characteristic","commercial/scientific value shifter","no","The scale \(A\), project shifter \(q\), and elasticity \(\varepsilon\) are"
"appendix-module","baseline","02_demand_profit_derivation.tex","27","q","1","q","q","exogenous project characteristic","commercial/scientific value shifter","no","exogenous to the institutional regime. Conditional on \(q\) and \(c\), the"
"appendix-module","baseline","02_demand_profit_derivation.tex","33","q","1","q","q","exogenous project characteristic","commercial/scientific value shifter","no","Holding \(A,q,c,\varepsilon\) fixed, the derivative with respect to the"
"appendix-module","baseline","02_demand_profit_derivation.tex","75","q","1","q","q","exogenous project characteristic","commercial/scientific value shifter","no","\pi(q,c)"
"appendix-module","baseline","02_demand_profit_derivation.tex","91","q","1","q","q","exogenous project characteristic","commercial/scientific value shifter","no","\frac{\partial\pi(q,c)}{\partial q}"
"appendix-module","baseline","02_demand_profit_derivation.tex","91","q","2","q","q","exogenous project characteristic","commercial/scientific value shifter","no","\frac{\partial\pi(q,c)}{\partial q}"
"appendix-module","baseline","02_demand_profit_derivation.tex","92","q","1","q","q","exogenous project characteristic","commercial/scientific value shifter","no","=\frac{\pi(q,c)}{q}>0,"
"appendix-module","baseline","02_demand_profit_derivation.tex","92","q","2","q","q","exogenous project characteristic","commercial/scientific value shifter","no","=\frac{\pi(q,c)}{q}>0,"
"appendix-module","baseline","02_demand_profit_derivation.tex","94","q","1","q","q","exogenous project characteristic","commercial/scientific value shifter","no","\frac{\partial\pi(q,c)}{\partial c}"
"appendix-module","baseline","02_demand_profit_derivation.tex","95","q","1","q","q","exogenous project characteristic","commercial/scientific value shifter","no","=(1-\varepsilon)\frac{\pi(q,c)}{c}<0."
"appendix-module","baseline","02_demand_profit_derivation.tex","99","q","1","q","q","exogenous project characteristic","commercial/scientific value shifter","no","These are continuous conditional derivatives in \(q\) and \(c\), not a"
"appendix-module","baseline","02_demand_profit_derivation.tex","108","q","1","q","q","exogenous project characteristic","commercial/scientific value shifter","no","\(\varphi\) is not the downstream realization probability \(s(q)\): the"
"appendix-module","baseline","02_demand_profit_derivation.tex","108","s(q)","1","s(q)","s(q)","primitive parameter/function","exogenous downstream realization probability","no","\(\varphi\) is not the downstream realization probability \(s(q)\): the"
"appendix-module","baseline","02_demand_profit_derivation.tex","115","q","1","q","q","exogenous project characteristic","commercial/scientific value shifter","no","R(q,c)"
"appendix-module","baseline","02_demand_profit_derivation.tex","116","q","1","q","q","exogenous project characteristic","commercial/scientific value shifter","no","&=\sum_{t=0}^{\infty}(\beta\varphi)^t\pi(q,c) \notag\\"
"appendix-module","baseline","02_demand_profit_derivation.tex","117","q","1","q","q","exogenous project characteristic","commercial/scientific value shifter","no","&=\frac{\pi(q,c)}{1-\beta\varphi},"
"appendix-module","baseline","02_demand_profit_derivation.tex","124","q","1","q","q","exogenous project characteristic","commercial/scientific value shifter","no","\frac{\partial R(q,c)}{\partial q}"
"appendix-module","baseline","02_demand_profit_derivation.tex","124","q","2","q","q","exogenous project characteristic","commercial/scientific value shifter","no","\frac{\partial R(q,c)}{\partial q}"
"appendix-module","baseline","02_demand_profit_derivation.tex","125","q","1","q","q","exogenous project characteristic","commercial/scientific value shifter","no","=\frac{R(q,c)}{q}>0,"
"appendix-module","baseline","02_demand_profit_derivation.tex","125","q","2","q","q","exogenous project characteristic","commercial/scientific value shifter","no","=\frac{R(q,c)}{q}>0,"
"appendix-module","baseline","02_demand_profit_derivation.tex","127","q","1","q","q","exogenous project characteristic","commercial/scientific value shifter","no","\frac{\partial R(q,c)}{\partial c}"
"appendix-module","baseline","02_demand_profit_derivation.tex","128","q","1","q","q","exogenous project characteristic","commercial/scientific value shifter","no","=(1-\varepsilon)\frac{R(q,c)}{c}<0."
"appendix-module","baseline","02_demand_profit_derivation.tex","137","q","1","q","q","exogenous project characteristic","commercial/scientific value shifter","no","\item As \(q\downarrow0\), both \(\pi(q,c)\) and \(R(q,c)\) converge to"
"appendix-module","baseline","02_demand_profit_derivation.tex","137","q","2","q","q","exogenous project characteristic","commercial/scientific value shifter","no","\item As \(q\downarrow0\), both \(\pi(q,c)\) and \(R(q,c)\) converge to"
"appendix-module","baseline","02_demand_profit_derivation.tex","137","q","3","q","q","exogenous project characteristic","commercial/scientific value shifter","no","\item As \(q\downarrow0\), both \(\pi(q,c)\) and \(R(q,c)\) converge to"
"appendix-module","baseline","02_demand_profit_derivation.tex","142","q","1","q","q","exogenous project characteristic","commercial/scientific value shifter","no","expectation and \(R(q,c)=\pi(q,c)\)."
"appendix-module","baseline","02_demand_profit_derivation.tex","142","q","2","q","q","exogenous project characteristic","commercial/scientific value shifter","no","expectation and \(R(q,c)=\pi(q,c)\)."
"appendix-module","baseline","02_demand_profit_derivation.tex","144","q","1","q","q","exogenous project characteristic","commercial/scientific value shifter","no","\(R(q,c)\to\pi(q,c)/(1-\beta)\), which remains finite because"
"appendix-module","baseline","02_demand_profit_derivation.tex","144","q","2","q","q","exogenous project characteristic","commercial/scientific value shifter","no","\(R(q,c)\to\pi(q,c)/(1-\beta)\), which remains finite because"
"appendix-module","baseline","02_demand_profit_derivation.tex","151","q","1","q","q","exogenous project characteristic","commercial/scientific value shifter","no","The object \(R(q,c)\) is gross operating present value. The marginal cost"
"appendix-module","baseline","02_demand_profit_derivation.tex","161","q","1","q","q","exogenous project characteristic","commercial/scientific value shifter","no","Nothing in this section gives MAH a direct effect on \(A\), \(q\),"
"appendix-module","baseline","03_internal_external_technologies.tex","9","M","1","M","M","primitive parameter","binary institutional regime","policy object","\(\tau_E(M)\)."
"appendix-module","baseline","03_internal_external_technologies.tex","9","tau_E","1","\tau_E(M)","\tau_E(M)","primitive parameter","institutional barrier on retained entrusted route E","yes, through M only","\(\tau_E(M)\)."
"appendix-module","baseline","03_internal_external_technologies.tex","14","m","1","m","m","exogenous project characteristic","manufacturing requirement/complexity","no","For a project with manufacturing requirement \(m>0\) and a developer with"
"appendix-module","baseline","03_internal_external_technologies.tex","15","k_i","1","k_i","k_i","exogenous firm characteristic","internal manufacturing capability","no","internal manufacturing capability \(k_i>0\), let"
"appendix-module","baseline","03_internal_external_technologies.tex","17","k_i","1","k_i","k_i","exogenous firm characteristic","internal manufacturing capability","no","c_I(m,k_i)>0,"
"appendix-module","baseline","03_internal_external_technologies.tex","17","m","1","m","m","exogenous project characteristic","manufacturing requirement/complexity","no","c_I(m,k_i)>0,"
"appendix-module","baseline","03_internal_external_technologies.tex","19","k_i","1","k_i","k_i","exogenous firm characteristic","internal manufacturing capability","no","c_{I,m}(m,k_i)>0,"
"appendix-module","baseline","03_internal_external_technologies.tex","19","m","1","m","m","exogenous project characteristic","manufacturing requirement/complexity","no","c_{I,m}(m,k_i)>0,"
"appendix-module","baseline","03_internal_external_technologies.tex","19","m","2","m","m","exogenous project characteristic","manufacturing requirement/complexity","no","c_{I,m}(m,k_i)>0,"
"appendix-module","baseline","03_internal_external_technologies.tex","21","k_i","1","k_i","k_i","exogenous firm characteristic","internal manufacturing capability","no","c_{I,k}(m,k_i)<0"
"appendix-module","baseline","03_internal_external_technologies.tex","21","m","1","m","m","exogenous project characteristic","manufacturing requirement/complexity","no","c_{I,k}(m,k_i)<0"
"appendix-module","baseline","03_internal_external_technologies.tex","30","k_i","1","k_i","k_i","exogenous firm characteristic","internal manufacturing capability","no","cost \(F_I(m,k_i)\), measured in \(\mathsf C\). Let"
"appendix-module","baseline","03_internal_external_technologies.tex","30","m","1","m","m","exogenous project characteristic","manufacturing requirement/complexity","no","cost \(F_I(m,k_i)\), measured in \(\mathsf C\). Let"
"appendix-module","baseline","03_internal_external_technologies.tex","31","m","1","m","m","exogenous project characteristic","manufacturing requirement/complexity","no","\(\underline{k}(m)>0\) be the minimum capability needed for an internally"
"appendix-module","baseline","03_internal_external_technologies.tex","32","m","1","m","m","exogenous project characteristic","manufacturing requirement/complexity","no","produced project with requirement \(m\). The feasibility convention is"
"appendix-module","baseline","03_internal_external_technologies.tex","35","k_i","1","k_i","k_i","exogenous firm characteristic","internal manufacturing capability","no","0\leq F_I(m,k_i)<+\infty,\quad"
"appendix-module","baseline","03_internal_external_technologies.tex","35","m","1","m","m","exogenous project characteristic","manufacturing requirement/complexity","no","0\leq F_I(m,k_i)<+\infty,\quad"
"appendix-module","baseline","03_internal_external_technologies.tex","36","k_i","1","k_i","k_i","exogenous firm characteristic","internal manufacturing capability","no","F_{I,m}(m,k_i)>0,\quad F_{I,k}(m,k_i)<0"
"appendix-module","baseline","03_internal_external_technologies.tex","36","k_i","2","k_i","k_i","exogenous firm characteristic","internal manufacturing capability","no","F_{I,m}(m,k_i)>0,\quad F_{I,k}(m,k_i)<0"
"appendix-module","baseline","03_internal_external_technologies.tex","36","m","1","m","m","exogenous project characteristic","manufacturing requirement/complexity","no","F_{I,m}(m,k_i)>0,\quad F_{I,k}(m,k_i)<0"
"appendix-module","baseline","03_internal_external_technologies.tex","36","m","2","m","m","exogenous project characteristic","manufacturing requirement/complexity","no","F_{I,m}(m,k_i)>0,\quad F_{I,k}(m,k_i)<0"
"appendix-module","baseline","03_internal_external_technologies.tex","36","m","3","m","m","exogenous project characteristic","manufacturing requirement/complexity","no","F_{I,m}(m,k_i)>0,\quad F_{I,k}(m,k_i)<0"
"appendix-module","baseline","03_internal_external_technologies.tex","37","k_i","1","k_i","k_i","exogenous firm characteristic","internal manufacturing capability","no","\quad\text{if }k_i\geq\underline{k}(m),\\"
"appendix-module","baseline","03_internal_external_technologies.tex","37","m","1","m","m","exogenous project characteristic","manufacturing requirement/complexity","no","\quad\text{if }k_i\geq\underline{k}(m),\\"
"appendix-module","baseline","03_internal_external_technologies.tex","38","k_i","1","k_i","k_i","exogenous firm characteristic","internal manufacturing capability","no","F_I(m,k_i)=+\infty"
"appendix-module","baseline","03_internal_external_technologies.tex","38","m","1","m","m","exogenous project characteristic","manufacturing requirement/complexity","no","F_I(m,k_i)=+\infty"
"appendix-module","baseline","03_internal_external_technologies.tex","39","k_i","1","k_i","k_i","exogenous firm characteristic","internal manufacturing capability","no","\quad\text{if }k_i<\underline{k}(m)."
"appendix-module","baseline","03_internal_external_technologies.tex","39","m","1","m","m","exogenous project characteristic","manufacturing requirement/complexity","no","\quad\text{if }k_i<\underline{k}(m)."
"appendix-module","baseline","03_internal_external_technologies.tex","53","m","1","m","m","exogenous project characteristic","manufacturing requirement/complexity","no","c_E(m)>0,"
"appendix-module","baseline","03_internal_external_technologies.tex","57","k_i","1","k_i","k_i","exogenous firm characteristic","internal manufacturing capability","no","developer's internal capability \(k_i\): manufacturing is performed by the"
"appendix-module","baseline","03_internal_external_technologies.tex","62","m","1","m","m","exogenous project characteristic","manufacturing requirement/complexity","no","b(m)>0,"
"appendix-module","baseline","03_internal_external_technologies.tex","63","m","1","m","m","exogenous project characteristic","manufacturing requirement/complexity","no","\qquad b'(m)>0,"
"appendix-module","baseline","03_internal_external_technologies.tex","66","m","1","m","m","exogenous project characteristic","manufacturing requirement/complexity","no","units of qualified manufacturing-service capacity. The object \(b(m)\) is a"
"appendix-module","baseline","03_internal_external_technologies.tex","72","m","1","m","m","exogenous project characteristic","manufacturing requirement/complexity","no","F_E(m)\geq0,"
"appendix-module","baseline","03_internal_external_technologies.tex","83","m","1","m","m","exogenous project characteristic","manufacturing requirement/complexity","no","The accounting roles are distinct. The technological marginal cost \(c_E(m)\)"
"appendix-module","baseline","03_internal_external_technologies.tex","85","m","1","m","m","exogenous project characteristic","manufacturing requirement/complexity","no","monetary capacity payment \(p_m b(m)\), the readiness cost \(F_E(m)\), the"
"appendix-module","baseline","03_internal_external_technologies.tex","85","m","2","m","m","exogenous project characteristic","manufacturing requirement/complexity","no","monetary capacity payment \(p_m b(m)\), the readiness cost \(F_E(m)\), the"
"appendix-module","baseline","03_internal_external_technologies.tex","85","p_m","1","p_m","candidate-or-generic","equilibrium price / candidate price","qualified manufacturing-service capacity price","no","monetary capacity payment \(p_m b(m)\), the readiness cost \(F_E(m)\), the"
"appendix-module","baseline","03_internal_external_technologies.tex","86","M","1","M","M","primitive parameter","binary institutional regime","policy object","holder burden \(\mu_E\), and the institutional barrier \(\tau_E(M)\) are not"
"appendix-module","baseline","03_internal_external_technologies.tex","86","tau_E","1","\tau_E(M)","\tau_E(M)","primitive parameter","institutional barrier on retained entrusted route E","yes, through M only","holder burden \(\mu_E\), and the institutional barrier \(\tau_E(M)\) are not"
"appendix-module","baseline","03_internal_external_technologies.tex","87","m","1","m","m","exogenous project characteristic","manufacturing requirement/complexity","no","embedded in \(c_E(m)\). Each can therefore enter a later route value at most"
"appendix-module","baseline","03_internal_external_technologies.tex","96","k_i","1","k_i","k_i","exogenous firm characteristic","internal manufacturing capability","no","its own capability \(k_i\);"
"appendix-module","baseline","03_internal_external_technologies.tex","105","M","1","M","M","primitive parameter","binary institutional regime","policy object","M\in\{0,1\},"
"appendix-module","baseline","03_internal_external_technologies.tex","107","tau_E","1","\tau_E","\tau_E","primitive parameter","institutional barrier on retained entrusted route E","yes, through M only","\tau_E(0)=+\infty,"
"appendix-module","baseline","03_internal_external_technologies.tex","109","tau_E","1","\tau_E","\tau_E","primitive parameter","institutional barrier on retained entrusted route E","yes, through M only","\tau_E(1)=\bar\tau_E<+\infty."
"appendix-module","baseline","03_internal_external_technologies.tex","109","tau_E","2","\tau_E","\tau_E","primitive parameter","institutional barrier on retained entrusted route E","yes, through M only","\tau_E(1)=\bar\tau_E<+\infty."
"appendix-module","baseline","03_internal_external_technologies.tex","113","a_i","1","a_i","a_i","exogenous firm characteristic","research capability for viable planning-stage projects","no","\(b\), \(F_E\), \(\mu_E\), \(a_i\), \(k_i\), \(q\), \(m\), \(s(q)\), or"
"appendix-module","baseline","03_internal_external_technologies.tex","113","k_i","1","k_i","k_i","exogenous firm characteristic","internal manufacturing capability","no","\(b\), \(F_E\), \(\mu_E\), \(a_i\), \(k_i\), \(q\), \(m\), \(s(q)\), or"
"appendix-module","baseline","03_internal_external_technologies.tex","113","m","1","m","m","exogenous project characteristic","manufacturing requirement/complexity","no","\(b\), \(F_E\), \(\mu_E\), \(a_i\), \(k_i\), \(q\), \(m\), \(s(q)\), or"
"appendix-module","baseline","03_internal_external_technologies.tex","113","q","1","q","q","exogenous project characteristic","commercial/scientific value shifter","no","\(b\), \(F_E\), \(\mu_E\), \(a_i\), \(k_i\), \(q\), \(m\), \(s(q)\), or"
"appendix-module","baseline","03_internal_external_technologies.tex","113","q","2","q","q","exogenous project characteristic","commercial/scientific value shifter","no","\(b\), \(F_E\), \(\mu_E\), \(a_i\), \(k_i\), \(q\), \(m\), \(s(q)\), or"
"appendix-module","baseline","03_internal_external_technologies.tex","113","s(q)","1","s(q)","s(q)","primitive parameter/function","exogenous downstream realization probability","no","\(b\), \(F_E\), \(\mu_E\), \(a_i\), \(k_i\), \(q\), \(m\), \(s(q)\), or"
"appendix-module","baseline","03_internal_external_technologies.tex","114","p_m","1","p_m^*","equilibrium-starred","equilibrium price / candidate price","qualified manufacturing-service capacity price","no","\(s_g(q)\). In particular, Phase~3 does not posit a fall in \(p_m^*\) or an"
"appendix-module","baseline","03_internal_external_technologies.tex","114","q","1","q","q","exogenous project characteristic","commercial/scientific value shifter","no","\(s_g(q)\). In particular, Phase~3 does not posit a fall in \(p_m^*\) or an"
"appendix-module","baseline","03_internal_external_technologies.tex","114","s(q)","1","s_g(q)","s_g(q)","primitive parameter/function","exogenous downstream realization probability","no","\(s_g(q)\). In particular, Phase~3 does not posit a fall in \(p_m^*\) or an"
"appendix-module","baseline","03_internal_external_technologies.tex","133","k_i","1","k_i","k_i","exogenous firm characteristic","internal manufacturing capability","no","\(C^I(k_i)\) &"
"appendix-module","baseline","03_internal_external_technologies.tex","135","k_i","1","k_i","k_i","exogenous firm characteristic","internal manufacturing capability","no","\(c_I(m,k_i)\) and \(F_I(m,k_i)\). \\"
"appendix-module","baseline","03_internal_external_technologies.tex","135","k_i","2","k_i","k_i","exogenous firm characteristic","internal manufacturing capability","no","\(c_I(m,k_i)\) and \(F_I(m,k_i)\). \\"
"appendix-module","baseline","03_internal_external_technologies.tex","135","m","1","m","m","exogenous project characteristic","manufacturing requirement/complexity","no","\(c_I(m,k_i)\) and \(F_I(m,k_i)\). \\"
"appendix-module","baseline","03_internal_external_technologies.tex","135","m","2","m","m","exogenous project characteristic","manufacturing requirement/complexity","no","\(c_I(m,k_i)\) and \(F_I(m,k_i)\). \\"
"appendix-module","baseline","03_internal_external_technologies.tex","138","k_i","1","k_i","k_i","exogenous firm characteristic","internal manufacturing capability","no","by \(F_I(m,k_i)=+\infty\) below \(\underline{k}(m)\). \\"
"appendix-module","baseline","03_internal_external_technologies.tex","138","m","1","m","m","exogenous project characteristic","manufacturing requirement/complexity","no","by \(F_I(m,k_i)=+\infty\) below \(\underline{k}(m)\). \\"
"appendix-module","baseline","03_internal_external_technologies.tex","138","m","2","m","m","exogenous project characteristic","manufacturing requirement/complexity","no","by \(F_I(m,k_i)=+\infty\) below \(\underline{k}(m)\). \\"
"appendix-module","baseline","03_internal_external_technologies.tex","140","q","1","q","q","exogenous project characteristic","commercial/scientific value shifter","no","Delete as a reduced-form return; Phase~2 provides \(R(q,c)\) and the"
"appendix-module","baseline","03_internal_external_technologies.tex","141","m","1","m","m","exogenous project characteristic","manufacturing requirement/complexity","no","external technology supplies \(c_E(m)\). Route-value assembly is"
"appendix-module","baseline","03_internal_external_technologies.tex","144","m","1","m","m","exogenous project characteristic","manufacturing requirement/complexity","no","Delete from the baseline; project requirement \(m\), qualified-external"
"appendix-module","baseline","03_internal_external_technologies.tex","148","M","1","M","M","primitive parameter","binary institutional regime","policy object","\(M\) &"
"appendix-module","baseline","03_internal_external_technologies.tex","152","a_i","1","a_i","a_i","exogenous firm characteristic","research capability for viable planning-stage projects","no","\(\zeta_i^E(M,p_m)\) &"
"appendix-module","baseline","03_internal_external_technologies.tex","152","M","1","M","M","primitive parameter","binary institutional regime","policy object","\(\zeta_i^E(M,p_m)\) &"
"appendix-module","baseline","03_internal_external_technologies.tex","152","p_m","1","p_m","candidate-or-generic","equilibrium price / candidate price","qualified manufacturing-service capacity price","no","\(\zeta_i^E(M,p_m)\) &"
"appendix-module","baseline","03_internal_external_technologies.tex","156","m","1","m","m","exogenous project characteristic","manufacturing requirement/complexity","no","Do not retain as policy relief; Phase~3 defines \(b(m)\), while supply,"
"appendix-module","baseline","03_internal_external_technologies.tex","157","p_m","1","p_m^*","equilibrium-starred","equilibrium price / candidate price","qualified manufacturing-service capacity price","no","demand, and \(p_m^*\) are endogenized only in Phase~6. \\"
"appendix-module","baseline","03_internal_external_technologies.tex","167","k_i","1","k_i","k_i","exogenous firm characteristic","internal manufacturing capability","no","If \(k_i<\underline{k}(m)\), internal production is infeasible because"
"appendix-module","baseline","03_internal_external_technologies.tex","167","m","1","m","m","exogenous project characteristic","manufacturing requirement/complexity","no","If \(k_i<\underline{k}(m)\), internal production is infeasible because"
"appendix-module","baseline","03_internal_external_technologies.tex","169","k_i","1","k_i","k_i","exogenous firm characteristic","internal manufacturing capability","no","\(k_i\) within the feasible domain lowers both internal marginal and setup"
"appendix-module","baseline","03_internal_external_technologies.tex","170","m","1","m","m","exogenous project characteristic","manufacturing requirement/complexity","no","costs, while increasing \(m\) raises both. The entrusted technology does not"
"appendix-module","baseline","03_internal_external_technologies.tex","171","k_i","1","k_i","k_i","exogenous firm characteristic","internal manufacturing capability","no","use \(k_i\), but a larger \(m\) strictly raises its qualified-capacity"
"appendix-module","baseline","03_internal_external_technologies.tex","171","m","1","m","m","exogenous project characteristic","manufacturing requirement/complexity","no","use \(k_i\), but a larger \(m\) strictly raises its qualified-capacity"
"appendix-module","baseline","03_internal_external_technologies.tex","172","m","1","m","m","exogenous project characteristic","manufacturing requirement/complexity","no","requirement \(b(m)\). None of these statements is a route-choice result:"
"appendix-module","baseline","04_route_values_and_sorting.tex","7","p_m","1","p_m","candidate-or-generic","equilibrium price / candidate price","qualified manufacturing-service capacity price","no","price \(p_m\) as fixed and conjectured. Market consistency for \(p_m^*\) is"
"appendix-module","baseline","04_route_values_and_sorting.tex","7","p_m","2","p_m^*","equilibrium-starred","equilibrium price / candidate price","qualified manufacturing-service capacity price","no","price \(p_m\) as fixed and conjectured. Market consistency for \(p_m^*\) is"
"appendix-module","baseline","04_route_values_and_sorting.tex","15","m","1","m","m","exogenous project characteristic","manufacturing requirement/complexity","no","W_i^I(q,m)"
"appendix-module","baseline","04_route_values_and_sorting.tex","15","q","1","q","q","exogenous project characteristic","commercial/scientific value shifter","no","W_i^I(q,m)"
"appendix-module","baseline","04_route_values_and_sorting.tex","15","W_I","1","W_i^I","W_i^I","endogenous route-level object","internal-manufacturing route value","indirect only","W_i^I(q,m)"
"appendix-module","baseline","04_route_values_and_sorting.tex","17","k_i","1","k_i","k_i","exogenous firm characteristic","internal manufacturing capability","no","s(q)R\!\left(q,c_I(m,k_i)\right)"
"appendix-module","baseline","04_route_values_and_sorting.tex","17","m","1","m","m","exogenous project characteristic","manufacturing requirement/complexity","no","s(q)R\!\left(q,c_I(m,k_i)\right)"
"appendix-module","baseline","04_route_values_and_sorting.tex","17","q","1","q","q","exogenous project characteristic","commercial/scientific value shifter","no","s(q)R\!\left(q,c_I(m,k_i)\right)"
"appendix-module","baseline","04_route_values_and_sorting.tex","17","q","2","q","q","exogenous project characteristic","commercial/scientific value shifter","no","s(q)R\!\left(q,c_I(m,k_i)\right)"
"appendix-module","baseline","04_route_values_and_sorting.tex","17","s(q)","1","s(q)","s(q)","primitive parameter/function","exogenous downstream realization probability","no","s(q)R\!\left(q,c_I(m,k_i)\right)"
"appendix-module","baseline","04_route_values_and_sorting.tex","19","k_i","1","k_i","k_i","exogenous firm characteristic","internal manufacturing capability","no","F_I(m,k_i)."
"appendix-module","baseline","04_route_values_and_sorting.tex","19","m","1","m","m","exogenous project characteristic","manufacturing requirement/complexity","no","F_I(m,k_i)."
"appendix-module","baseline","04_route_values_and_sorting.tex","22","k_i","1","k_i","k_i","exogenous firm characteristic","internal manufacturing capability","no","If \(k_i<\underline{k}(m)\), then \(F_I=+\infty\) and"
"appendix-module","baseline","04_route_values_and_sorting.tex","22","m","1","m","m","exogenous project characteristic","manufacturing requirement/complexity","no","If \(k_i<\underline{k}(m)\), then \(F_I=+\infty\) and"
"appendix-module","baseline","04_route_values_and_sorting.tex","23","W_I","1","W_i^I","W_i^I","endogenous route-level object","internal-manufacturing route value","indirect only","\(W_i^I=-\infty\), so internal production is unavailable."
"appendix-module","baseline","04_route_values_and_sorting.tex","25","p_m","1","p_m","candidate-or-generic","equilibrium price / candidate price","qualified manufacturing-service capacity price","no","At a conjectured CMO capacity price \(p_m\), retained entrusted manufacturing"
"appendix-module","baseline","04_route_values_and_sorting.tex","29","m","1","m","m","exogenous project characteristic","manufacturing requirement/complexity","no","W_i^E(q,m;M,p_m)"
"appendix-module","baseline","04_route_values_and_sorting.tex","29","M","1","M","M","primitive parameter","binary institutional regime","policy object","W_i^E(q,m;M,p_m)"
"appendix-module","baseline","04_route_values_and_sorting.tex","29","p_m","1","p_m","candidate-or-generic","equilibrium price / candidate price","qualified manufacturing-service capacity price","no","W_i^E(q,m;M,p_m)"
"appendix-module","baseline","04_route_values_and_sorting.tex","29","q","1","q","q","exogenous project characteristic","commercial/scientific value shifter","no","W_i^E(q,m;M,p_m)"
"appendix-module","baseline","04_route_values_and_sorting.tex","29","W_E","1","W_i^E","W_i^E","endogenous route-level object","retained entrusted-manufacturing route value","through tau_E only","W_i^E(q,m;M,p_m)"
"appendix-module","baseline","04_route_values_and_sorting.tex","31","m","1","m","m","exogenous project characteristic","manufacturing requirement/complexity","no","s(q)R\!\left(q,c_E(m)\right)"
"appendix-module","baseline","04_route_values_and_sorting.tex","31","q","1","q","q","exogenous project characteristic","commercial/scientific value shifter","no","s(q)R\!\left(q,c_E(m)\right)"
"appendix-module","baseline","04_route_values_and_sorting.tex","31","q","2","q","q","exogenous project characteristic","commercial/scientific value shifter","no","s(q)R\!\left(q,c_E(m)\right)"
"appendix-module","baseline","04_route_values_and_sorting.tex","31","s(q)","1","s(q)","s(q)","primitive parameter/function","exogenous downstream realization probability","no","s(q)R\!\left(q,c_E(m)\right)"
"appendix-module","baseline","04_route_values_and_sorting.tex","32","m","1","m","m","exogenous project characteristic","manufacturing requirement/complexity","no","-F_E(m)-p_m b(m)\\"
"appendix-module","baseline","04_route_values_and_sorting.tex","32","m","2","m","m","exogenous project characteristic","manufacturing requirement/complexity","no","-F_E(m)-p_m b(m)\\"
"appendix-module","baseline","04_route_values_and_sorting.tex","32","p_m","1","p_m","candidate-or-generic","equilibrium price / candidate price","qualified manufacturing-service capacity price","no","-F_E(m)-p_m b(m)\\"
"appendix-module","baseline","04_route_values_and_sorting.tex","33","M","1","M","M","primitive parameter","binary institutional regime","policy object","&-\mu_E-\tau_E(M)."
"appendix-module","baseline","04_route_values_and_sorting.tex","33","tau_E","1","\tau_E(M)","\tau_E(M)","primitive parameter","institutional barrier on retained entrusted route E","yes, through M only","&-\mu_E-\tau_E(M)."
"appendix-module","baseline","04_route_values_and_sorting.tex","39","m","1","m","m","exogenous project characteristic","manufacturing requirement/complexity","no","In particular, \(p_m b(m)\) is not contained in \(c_E(m)\)."
"appendix-module","baseline","04_route_values_and_sorting.tex","39","m","2","m","m","exogenous project characteristic","manufacturing requirement/complexity","no","In particular, \(p_m b(m)\) is not contained in \(c_E(m)\)."
"appendix-module","baseline","04_route_values_and_sorting.tex","39","p_m","1","p_m","candidate-or-generic","equilibrium price / candidate price","qualified manufacturing-service capacity price","no","In particular, \(p_m b(m)\) is not contained in \(c_E(m)\)."
"appendix-module","baseline","04_route_values_and_sorting.tex","42","m","1","m","m","exogenous project characteristic","manufacturing requirement/complexity","no","function \(T(q,m)\), and normalize abandonment or indefinite delay to zero:"
"appendix-module","baseline","04_route_values_and_sorting.tex","42","q","1","q","q","exogenous project characteristic","commercial/scientific value shifter","no","function \(T(q,m)\), and normalize abandonment or indefinite delay to zero:"
"appendix-module","baseline","04_route_values_and_sorting.tex","44","m","1","m","m","exogenous project characteristic","manufacturing requirement/complexity","no","W^T(q,m)=T(q,m),"
"appendix-module","baseline","04_route_values_and_sorting.tex","44","m","2","m","m","exogenous project characteristic","manufacturing requirement/complexity","no","W^T(q,m)=T(q,m),"
"appendix-module","baseline","04_route_values_and_sorting.tex","44","q","1","q","q","exogenous project characteristic","commercial/scientific value shifter","no","W^T(q,m)=T(q,m),"
"appendix-module","baseline","04_route_values_and_sorting.tex","44","q","2","q","q","exogenous project characteristic","commercial/scientific value shifter","no","W^T(q,m)=T(q,m),"
"appendix-module","baseline","04_route_values_and_sorting.tex","44","W_T","1","W^T","W^T","endogenous route-level object","non-retained transfer-route value","no","W^T(q,m)=T(q,m),"
"appendix-module","baseline","04_route_values_and_sorting.tex","56","M","1","M","M","primitive parameter","binary institutional regime","policy object","W_i(q,m;M,p_m)"
"appendix-module","baseline","04_route_values_and_sorting.tex","56","m","1","m","m","exogenous project characteristic","manufacturing requirement/complexity","no","W_i(q,m;M,p_m)"
"appendix-module","baseline","04_route_values_and_sorting.tex","56","p_m","1","p_m","candidate-or-generic","equilibrium price / candidate price","qualified manufacturing-service capacity price","no","W_i(q,m;M,p_m)"
"appendix-module","baseline","04_route_values_and_sorting.tex","56","q","1","q","q","exogenous project characteristic","commercial/scientific value shifter","no","W_i(q,m;M,p_m)"
"appendix-module","baseline","04_route_values_and_sorting.tex","59","m","1","m","m","exogenous project characteristic","manufacturing requirement/complexity","no","W_i^I(q,m),"
"appendix-module","baseline","04_route_values_and_sorting.tex","59","q","1","q","q","exogenous project characteristic","commercial/scientific value shifter","no","W_i^I(q,m),"
"appendix-module","baseline","04_route_values_and_sorting.tex","59","W_I","1","W_i^I","W_i^I","endogenous route-level object","internal-manufacturing route value","indirect only","W_i^I(q,m),"
"appendix-module","baseline","04_route_values_and_sorting.tex","60","M","1","M","M","primitive parameter","binary institutional regime","policy object","W_i^E(q,m;M,p_m),"
"appendix-module","baseline","04_route_values_and_sorting.tex","60","m","1","m","m","exogenous project characteristic","manufacturing requirement/complexity","no","W_i^E(q,m;M,p_m),"
"appendix-module","baseline","04_route_values_and_sorting.tex","60","p_m","1","p_m","candidate-or-generic","equilibrium price / candidate price","qualified manufacturing-service capacity price","no","W_i^E(q,m;M,p_m),"
"appendix-module","baseline","04_route_values_and_sorting.tex","60","q","1","q","q","exogenous project characteristic","commercial/scientific value shifter","no","W_i^E(q,m;M,p_m),"
"appendix-module","baseline","04_route_values_and_sorting.tex","60","W_E","1","W_i^E","W_i^E","endogenous route-level object","retained entrusted-manufacturing route value","through tau_E only","W_i^E(q,m;M,p_m),"
"appendix-module","baseline","04_route_values_and_sorting.tex","61","m","1","m","m","exogenous project characteristic","manufacturing requirement/complexity","no","W^T(q,m),"
"appendix-module","baseline","04_route_values_and_sorting.tex","61","q","1","q","q","exogenous project characteristic","commercial/scientific value shifter","no","W^T(q,m),"
"appendix-module","baseline","04_route_values_and_sorting.tex","61","W_T","1","W^T","W^T","endogenous route-level object","non-retained transfer-route value","no","W^T(q,m),"
"appendix-module","baseline","04_route_values_and_sorting.tex","68","M","1","M","M","primitive parameter","binary institutional regime","policy object","r_i^*(q,m;M,p_m)"
"appendix-module","baseline","04_route_values_and_sorting.tex","68","m","1","m","m","exogenous project characteristic","manufacturing requirement/complexity","no","r_i^*(q,m;M,p_m)"
"appendix-module","baseline","04_route_values_and_sorting.tex","68","p_m","1","p_m","candidate-or-generic","equilibrium price / candidate price","qualified manufacturing-service capacity price","no","r_i^*(q,m;M,p_m)"
"appendix-module","baseline","04_route_values_and_sorting.tex","68","q","1","q","q","exogenous project characteristic","commercial/scientific value shifter","no","r_i^*(q,m;M,p_m)"
"appendix-module","baseline","04_route_values_and_sorting.tex","72","m","1","m","m","exogenous project characteristic","manufacturing requirement/complexity","no","W_i^I(q,m), & r=I,\\"
"appendix-module","baseline","04_route_values_and_sorting.tex","72","q","1","q","q","exogenous project characteristic","commercial/scientific value shifter","no","W_i^I(q,m), & r=I,\\"
"appendix-module","baseline","04_route_values_and_sorting.tex","72","W_I","1","W_i^I","W_i^I","endogenous route-level object","internal-manufacturing route value","indirect only","W_i^I(q,m), & r=I,\\"
"appendix-module","baseline","04_route_values_and_sorting.tex","73","M","1","M","M","primitive parameter","binary institutional regime","policy object","W_i^E(q,m;M,p_m), & r=E,\\"
"appendix-module","baseline","04_route_values_and_sorting.tex","73","m","1","m","m","exogenous project characteristic","manufacturing requirement/complexity","no","W_i^E(q,m;M,p_m), & r=E,\\"
"appendix-module","baseline","04_route_values_and_sorting.tex","73","p_m","1","p_m","candidate-or-generic","equilibrium price / candidate price","qualified manufacturing-service capacity price","no","W_i^E(q,m;M,p_m), & r=E,\\"
"appendix-module","baseline","04_route_values_and_sorting.tex","73","q","1","q","q","exogenous project characteristic","commercial/scientific value shifter","no","W_i^E(q,m;M,p_m), & r=E,\\"
"appendix-module","baseline","04_route_values_and_sorting.tex","73","W_E","1","W_i^E","W_i^E","endogenous route-level object","retained entrusted-manufacturing route value","through tau_E only","W_i^E(q,m;M,p_m), & r=E,\\"
"appendix-module","baseline","04_route_values_and_sorting.tex","74","m","1","m","m","exogenous project characteristic","manufacturing requirement/complexity","no","W^T(q,m), & r=T,\\"
"appendix-module","baseline","04_route_values_and_sorting.tex","74","q","1","q","q","exogenous project characteristic","commercial/scientific value shifter","no","W^T(q,m), & r=T,\\"
"appendix-module","baseline","04_route_values_and_sorting.tex","74","W_T","1","W^T","W^T","endogenous route-level object","non-retained transfer-route value","no","W^T(q,m), & r=T,\\"
"appendix-module","baseline","04_route_values_and_sorting.tex","83","M","1","M","M","primitive parameter","binary institutional regime","policy object","When \(M=0\), \(\tau_E(0)=+\infty\) implies \(W_i^E=-\infty\)."
"appendix-module","baseline","04_route_values_and_sorting.tex","83","tau_E","1","\tau_E","\tau_E","primitive parameter","institutional barrier on retained entrusted route E","yes, through M only","When \(M=0\), \(\tau_E(0)=+\infty\) implies \(W_i^E=-\infty\)."
"appendix-module","baseline","04_route_values_and_sorting.tex","83","W_E","1","W_i^E","W_i^E","endogenous route-level object","retained entrusted-manufacturing route value","through tau_E only","When \(M=0\), \(\tau_E(0)=+\infty\) implies \(W_i^E=-\infty\)."
"appendix-module","baseline","04_route_values_and_sorting.tex","84","p_m","1","p_m","candidate-or-generic","equilibrium price / candidate price","qualified manufacturing-service capacity price","no","At fixed \(p_m\), the binary reform comparison is therefore"
"appendix-module","baseline","04_route_values_and_sorting.tex","87","m","1","m","m","exogenous project characteristic","manufacturing requirement/complexity","no","&W_i(q,m;1,p_m)-W_i(q,m;0,p_m)\\"
"appendix-module","baseline","04_route_values_and_sorting.tex","87","m","2","m","m","exogenous project characteristic","manufacturing requirement/complexity","no","&W_i(q,m;1,p_m)-W_i(q,m;0,p_m)\\"
"appendix-module","baseline","04_route_values_and_sorting.tex","87","p_m","1","p_m","candidate-or-generic","equilibrium price / candidate price","qualified manufacturing-service capacity price","no","&W_i(q,m;1,p_m)-W_i(q,m;0,p_m)\\"
"appendix-module","baseline","04_route_values_and_sorting.tex","87","p_m","2","p_m","candidate-or-generic","equilibrium price / candidate price","qualified manufacturing-service capacity price","no","&W_i(q,m;1,p_m)-W_i(q,m;0,p_m)\\"
"appendix-module","baseline","04_route_values_and_sorting.tex","87","q","1","q","q","exogenous project characteristic","commercial/scientific value shifter","no","&W_i(q,m;1,p_m)-W_i(q,m;0,p_m)\\"
"appendix-module","baseline","04_route_values_and_sorting.tex","87","q","2","q","q","exogenous project characteristic","commercial/scientific value shifter","no","&W_i(q,m;1,p_m)-W_i(q,m;0,p_m)\\"
"appendix-module","baseline","04_route_values_and_sorting.tex","90","m","1","m","m","exogenous project characteristic","manufacturing requirement/complexity","no","W_i^E(q,m;1,p_m),W_i^I(q,m),W^T(q,m),0"
"appendix-module","baseline","04_route_values_and_sorting.tex","90","m","2","m","m","exogenous project characteristic","manufacturing requirement/complexity","no","W_i^E(q,m;1,p_m),W_i^I(q,m),W^T(q,m),0"
"appendix-module","baseline","04_route_values_and_sorting.tex","90","m","3","m","m","exogenous project characteristic","manufacturing requirement/complexity","no","W_i^E(q,m;1,p_m),W_i^I(q,m),W^T(q,m),0"
"appendix-module","baseline","04_route_values_and_sorting.tex","90","p_m","1","p_m","candidate-or-generic","equilibrium price / candidate price","qualified manufacturing-service capacity price","no","W_i^E(q,m;1,p_m),W_i^I(q,m),W^T(q,m),0"
"appendix-module","baseline","04_route_values_and_sorting.tex","90","q","1","q","q","exogenous project characteristic","commercial/scientific value shifter","no","W_i^E(q,m;1,p_m),W_i^I(q,m),W^T(q,m),0"
"appendix-module","baseline","04_route_values_and_sorting.tex","90","q","2","q","q","exogenous project characteristic","commercial/scientific value shifter","no","W_i^E(q,m;1,p_m),W_i^I(q,m),W^T(q,m),0"
"appendix-module","baseline","04_route_values_and_sorting.tex","90","q","3","q","q","exogenous project characteristic","commercial/scientific value shifter","no","W_i^E(q,m;1,p_m),W_i^I(q,m),W^T(q,m),0"
"appendix-module","baseline","04_route_values_and_sorting.tex","90","W_E","1","W_i^E","W_i^E","endogenous route-level object","retained entrusted-manufacturing route value","through tau_E only","W_i^E(q,m;1,p_m),W_i^I(q,m),W^T(q,m),0"
"appendix-module","baseline","04_route_values_and_sorting.tex","90","W_I","1","W_i^I","W_i^I","endogenous route-level object","internal-manufacturing route value","indirect only","W_i^E(q,m;1,p_m),W_i^I(q,m),W^T(q,m),0"
"appendix-module","baseline","04_route_values_and_sorting.tex","90","W_T","1","W^T","W^T","endogenous route-level object","non-retained transfer-route value","no","W_i^E(q,m;1,p_m),W_i^I(q,m),W^T(q,m),0"
"appendix-module","baseline","04_route_values_and_sorting.tex","92","m","1","m","m","exogenous project characteristic","manufacturing requirement/complexity","no","&\qquad\quad-\max\!\left\{W_i^I(q,m),W^T(q,m),0\right\}"
"appendix-module","baseline","04_route_values_and_sorting.tex","92","m","2","m","m","exogenous project characteristic","manufacturing requirement/complexity","no","&\qquad\quad-\max\!\left\{W_i^I(q,m),W^T(q,m),0\right\}"
"appendix-module","baseline","04_route_values_and_sorting.tex","92","q","1","q","q","exogenous project characteristic","commercial/scientific value shifter","no","&\qquad\quad-\max\!\left\{W_i^I(q,m),W^T(q,m),0\right\}"
"appendix-module","baseline","04_route_values_and_sorting.tex","92","q","2","q","q","exogenous project characteristic","commercial/scientific value shifter","no","&\qquad\quad-\max\!\left\{W_i^I(q,m),W^T(q,m),0\right\}"
"appendix-module","baseline","04_route_values_and_sorting.tex","92","W_I","1","W_i^I","W_i^I","endogenous route-level object","internal-manufacturing route value","indirect only","&\qquad\quad-\max\!\left\{W_i^I(q,m),W^T(q,m),0\right\}"
"appendix-module","baseline","04_route_values_and_sorting.tex","92","W_T","1","W^T","W^T","endogenous route-level object","non-retained transfer-route value","no","&\qquad\quad-\max\!\left\{W_i^I(q,m),W^T(q,m),0\right\}"
"appendix-module","baseline","04_route_values_and_sorting.tex","104","M","1","M","M","primitive parameter","binary institutional regime","policy object","For fixed \(q,m,M,p_m\), define"
"appendix-module","baseline","04_route_values_and_sorting.tex","104","m","1","m","m","exogenous project characteristic","manufacturing requirement/complexity","no","For fixed \(q,m,M,p_m\), define"
"appendix-module","baseline","04_route_values_and_sorting.tex","104","p_m","1","p_m","candidate-or-generic","equilibrium price / candidate price","qualified manufacturing-service capacity price","no","For fixed \(q,m,M,p_m\), define"
"appendix-module","baseline","04_route_values_and_sorting.tex","104","q","1","q","q","exogenous project characteristic","commercial/scientific value shifter","no","For fixed \(q,m,M,p_m\), define"
"appendix-module","baseline","04_route_values_and_sorting.tex","106","k_i","1","k_i","k_i","exogenous firm characteristic","internal manufacturing capability","no","\Delta_{IE}(k_i;q,m,M,p_m)"
"appendix-module","baseline","04_route_values_and_sorting.tex","106","m","1","m","m","exogenous project characteristic","manufacturing requirement/complexity","no","\Delta_{IE}(k_i;q,m,M,p_m)"
"appendix-module","baseline","04_route_values_and_sorting.tex","106","M","1","M","M","primitive parameter","binary institutional regime","policy object","\Delta_{IE}(k_i;q,m,M,p_m)"
"appendix-module","baseline","04_route_values_and_sorting.tex","106","p_m","1","p_m","candidate-or-generic","equilibrium price / candidate price","qualified manufacturing-service capacity price","no","\Delta_{IE}(k_i;q,m,M,p_m)"
"appendix-module","baseline","04_route_values_and_sorting.tex","106","q","1","q","q","exogenous project characteristic","commercial/scientific value shifter","no","\Delta_{IE}(k_i;q,m,M,p_m)"
"appendix-module","baseline","04_route_values_and_sorting.tex","108","M","1","M","M","primitive parameter","binary institutional regime","policy object","W_i^I(q,m)-W_i^E(q,m;M,p_m) \notag\\"
"appendix-module","baseline","04_route_values_and_sorting.tex","108","m","1","m","m","exogenous project characteristic","manufacturing requirement/complexity","no","W_i^I(q,m)-W_i^E(q,m;M,p_m) \notag\\"
"appendix-module","baseline","04_route_values_and_sorting.tex","108","m","2","m","m","exogenous project characteristic","manufacturing requirement/complexity","no","W_i^I(q,m)-W_i^E(q,m;M,p_m) \notag\\"
"appendix-module","baseline","04_route_values_and_sorting.tex","108","p_m","1","p_m","candidate-or-generic","equilibrium price / candidate price","qualified manufacturing-service capacity price","no","W_i^I(q,m)-W_i^E(q,m;M,p_m) \notag\\"
"appendix-module","baseline","04_route_values_and_sorting.tex","108","q","1","q","q","exogenous project characteristic","commercial/scientific value shifter","no","W_i^I(q,m)-W_i^E(q,m;M,p_m) \notag\\"
"appendix-module","baseline","04_route_values_and_sorting.tex","108","q","2","q","q","exogenous project characteristic","commercial/scientific value shifter","no","W_i^I(q,m)-W_i^E(q,m;M,p_m) \notag\\"
"appendix-module","baseline","04_route_values_and_sorting.tex","108","W_E","1","W_i^E","W_i^E","endogenous route-level object","retained entrusted-manufacturing route value","through tau_E only","W_i^I(q,m)-W_i^E(q,m;M,p_m) \notag\\"
"appendix-module","baseline","04_route_values_and_sorting.tex","108","W_I","1","W_i^I","W_i^I","endogenous route-level object","internal-manufacturing route value","indirect only","W_i^I(q,m)-W_i^E(q,m;M,p_m) \notag\\"
"appendix-module","baseline","04_route_values_and_sorting.tex","110","q","1","q","q","exogenous project characteristic","commercial/scientific value shifter","no","s(q)\!\left["
"appendix-module","baseline","04_route_values_and_sorting.tex","110","s(q)","1","s(q)","s(q)","primitive parameter/function","exogenous downstream realization probability","no","s(q)\!\left["
"appendix-module","baseline","04_route_values_and_sorting.tex","111","k_i","1","k_i","k_i","exogenous firm characteristic","internal manufacturing capability","no","R\!\left(q,c_I(m,k_i)\right)"
"appendix-module","baseline","04_route_values_and_sorting.tex","111","m","1","m","m","exogenous project characteristic","manufacturing requirement/complexity","no","R\!\left(q,c_I(m,k_i)\right)"
"appendix-module","baseline","04_route_values_and_sorting.tex","111","q","1","q","q","exogenous project characteristic","commercial/scientific value shifter","no","R\!\left(q,c_I(m,k_i)\right)"
"appendix-module","baseline","04_route_values_and_sorting.tex","112","m","1","m","m","exogenous project characteristic","manufacturing requirement/complexity","no","-R\!\left(q,c_E(m)\right)"
"appendix-module","baseline","04_route_values_and_sorting.tex","112","q","1","q","q","exogenous project characteristic","commercial/scientific value shifter","no","-R\!\left(q,c_E(m)\right)"
"appendix-module","baseline","04_route_values_and_sorting.tex","114","k_i","1","k_i","k_i","exogenous firm characteristic","internal manufacturing capability","no","-F_I(m,k_i) \notag\\"
"appendix-module","baseline","04_route_values_and_sorting.tex","114","m","1","m","m","exogenous project characteristic","manufacturing requirement/complexity","no","-F_I(m,k_i) \notag\\"
"appendix-module","baseline","04_route_values_and_sorting.tex","116","m","1","m","m","exogenous project characteristic","manufacturing requirement/complexity","no","+F_E(m)+p_m b(m)+\mu_E+\tau_E(M)."
"appendix-module","baseline","04_route_values_and_sorting.tex","116","M","1","M","M","primitive parameter","binary institutional regime","policy object","+F_E(m)+p_m b(m)+\mu_E+\tau_E(M)."
"appendix-module","baseline","04_route_values_and_sorting.tex","116","m","2","m","m","exogenous project characteristic","manufacturing requirement/complexity","no","+F_E(m)+p_m b(m)+\mu_E+\tau_E(M)."
"appendix-module","baseline","04_route_values_and_sorting.tex","116","p_m","1","p_m","candidate-or-generic","equilibrium price / candidate price","qualified manufacturing-service capacity price","no","+F_E(m)+p_m b(m)+\mu_E+\tau_E(M)."
"appendix-module","baseline","04_route_values_and_sorting.tex","116","tau_E","1","\tau_E(M)","\tau_E(M)","primitive parameter","institutional barrier on retained entrusted route E","yes, through M only","+F_E(m)+p_m b(m)+\mu_E+\tau_E(M)."
"appendix-module","baseline","04_route_values_and_sorting.tex","120","k_i","1","k_i","k_i","exogenous firm characteristic","internal manufacturing capability","no","with \(k_i\). Holding \(q,m,M,p_m\) fixed,"
"appendix-module","baseline","04_route_values_and_sorting.tex","120","M","1","M","M","primitive parameter","binary institutional regime","policy object","with \(k_i\). Holding \(q,m,M,p_m\) fixed,"
"appendix-module","baseline","04_route_values_and_sorting.tex","120","m","1","m","m","exogenous project characteristic","manufacturing requirement/complexity","no","with \(k_i\). Holding \(q,m,M,p_m\) fixed,"
"appendix-module","baseline","04_route_values_and_sorting.tex","120","p_m","1","p_m","candidate-or-generic","equilibrium price / candidate price","qualified manufacturing-service capacity price","no","with \(k_i\). Holding \(q,m,M,p_m\) fixed,"
"appendix-module","baseline","04_route_values_and_sorting.tex","120","q","1","q","q","exogenous project characteristic","commercial/scientific value shifter","no","with \(k_i\). Holding \(q,m,M,p_m\) fixed,"
"appendix-module","baseline","04_route_values_and_sorting.tex","122","k_i","1","k_i","k_i","exogenous firm characteristic","internal manufacturing capability","no","\frac{\partial\Delta_{IE}}{\partial k_i}"
"appendix-module","baseline","04_route_values_and_sorting.tex","124","k_i","1","k_i","k_i","exogenous firm characteristic","internal manufacturing capability","no","s(q)R_c\!\left(q,c_I(m,k_i)\right)c_{I,k}(m,k_i)"
"appendix-module","baseline","04_route_values_and_sorting.tex","124","k_i","2","k_i","k_i","exogenous firm characteristic","internal manufacturing capability","no","s(q)R_c\!\left(q,c_I(m,k_i)\right)c_{I,k}(m,k_i)"
"appendix-module","baseline","04_route_values_and_sorting.tex","124","m","1","m","m","exogenous project characteristic","manufacturing requirement/complexity","no","s(q)R_c\!\left(q,c_I(m,k_i)\right)c_{I,k}(m,k_i)"
"appendix-module","baseline","04_route_values_and_sorting.tex","124","m","2","m","m","exogenous project characteristic","manufacturing requirement/complexity","no","s(q)R_c\!\left(q,c_I(m,k_i)\right)c_{I,k}(m,k_i)"
"appendix-module","baseline","04_route_values_and_sorting.tex","124","q","1","q","q","exogenous project characteristic","commercial/scientific value shifter","no","s(q)R_c\!\left(q,c_I(m,k_i)\right)c_{I,k}(m,k_i)"
"appendix-module","baseline","04_route_values_and_sorting.tex","124","q","2","q","q","exogenous project characteristic","commercial/scientific value shifter","no","s(q)R_c\!\left(q,c_I(m,k_i)\right)c_{I,k}(m,k_i)"
"appendix-module","baseline","04_route_values_and_sorting.tex","124","s(q)","1","s(q)","s(q)","primitive parameter/function","exogenous downstream realization probability","no","s(q)R_c\!\left(q,c_I(m,k_i)\right)c_{I,k}(m,k_i)"
"appendix-module","baseline","04_route_values_and_sorting.tex","126","k_i","1","k_i","k_i","exogenous firm characteristic","internal manufacturing capability","no","F_{I,k}(m,k_i)"
"appendix-module","baseline","04_route_values_and_sorting.tex","126","m","1","m","m","exogenous project characteristic","manufacturing requirement/complexity","no","F_{I,k}(m,k_i)"
"appendix-module","baseline","04_route_values_and_sorting.tex","130","q","1","q","q","exogenous project characteristic","commercial/scientific value shifter","no","The first term is weakly positive because \(s(q)\geq0\),"
"appendix-module","baseline","04_route_values_and_sorting.tex","130","s(q)","1","s(q)","s(q)","primitive parameter/function","exogenous downstream realization probability","no","The first term is weakly positive because \(s(q)\geq0\),"
"appendix-module","baseline","04_route_values_and_sorting.tex","133","q","1","q","q","exogenous project characteristic","commercial/scientific value shifter","no","the boundary case \(s(q)=0\)."
"appendix-module","baseline","04_route_values_and_sorting.tex","133","s(q)","1","s(q)","s(q)","primitive parameter/function","exogenous downstream realization probability","no","the boundary case \(s(q)=0\)."
"appendix-module","baseline","04_route_values_and_sorting.tex","141","m","1","m","m","exogenous project characteristic","manufacturing requirement/complexity","no","\lim_{k\downarrow\underline{k}(m)}\Delta_{IE}(k)<0,"
"appendix-module","baseline","04_route_values_and_sorting.tex","149","M","1","M","M","primitive parameter","binary institutional regime","policy object","\Delta_{IE}\!\left(k^*(q,m;p_m,M);q,m,M,p_m\right)=0."
"appendix-module","baseline","04_route_values_and_sorting.tex","149","m","1","m","m","exogenous project characteristic","manufacturing requirement/complexity","no","\Delta_{IE}\!\left(k^*(q,m;p_m,M);q,m,M,p_m\right)=0."
"appendix-module","baseline","04_route_values_and_sorting.tex","149","M","2","M","M","primitive parameter","binary institutional regime","policy object","\Delta_{IE}\!\left(k^*(q,m;p_m,M);q,m,M,p_m\right)=0."
"appendix-module","baseline","04_route_values_and_sorting.tex","149","m","2","m","m","exogenous project characteristic","manufacturing requirement/complexity","no","\Delta_{IE}\!\left(k^*(q,m;p_m,M);q,m,M,p_m\right)=0."
"appendix-module","baseline","04_route_values_and_sorting.tex","149","p_m","1","p_m","candidate-or-generic","equilibrium price / candidate price","qualified manufacturing-service capacity price","no","\Delta_{IE}\!\left(k^*(q,m;p_m,M);q,m,M,p_m\right)=0."
"appendix-module","baseline","04_route_values_and_sorting.tex","149","p_m","2","p_m","candidate-or-generic","equilibrium price / candidate price","qualified manufacturing-service capacity price","no","\Delta_{IE}\!\left(k^*(q,m;p_m,M);q,m,M,p_m\right)=0."
"appendix-module","baseline","04_route_values_and_sorting.tex","149","q","1","q","q","exogenous project characteristic","commercial/scientific value shifter","no","\Delta_{IE}\!\left(k^*(q,m;p_m,M);q,m,M,p_m\right)=0."
"appendix-module","baseline","04_route_values_and_sorting.tex","149","q","2","q","q","exogenous project characteristic","commercial/scientific value shifter","no","\Delta_{IE}\!\left(k^*(q,m;p_m,M);q,m,M,p_m\right)=0."
"appendix-module","baseline","04_route_values_and_sorting.tex","154","k_i","1","k_i","k_i","exogenous firm characteristic","internal manufacturing capability","no","k_i<k^*\Rightarrow r_i^*=E,"
"appendix-module","baseline","04_route_values_and_sorting.tex","156","k_i","1","k_i","k_i","exogenous firm characteristic","internal manufacturing capability","no","k_i>k^*\Rightarrow r_i^*=I."
"appendix-module","baseline","04_route_values_and_sorting.tex","162","p_m","1","p_m","candidate-or-generic","equilibrium price / candidate price","qualified manufacturing-service capacity price","no","For a finite wedge, let the arguments \(\tau_E\) and \(p_m\) vary locally"
"appendix-module","baseline","04_route_values_and_sorting.tex","162","tau_E","1","\tau_E","\tau_E","primitive parameter","institutional barrier on retained entrusted route E","yes, through M only","For a finite wedge, let the arguments \(\tau_E\) and \(p_m\) vary locally"
"appendix-module","baseline","04_route_values_and_sorting.tex","163","m","1","m","m","exogenous project characteristic","manufacturing requirement/complexity","no","while holding \(q,m\) fixed. Since"
"appendix-module","baseline","04_route_values_and_sorting.tex","163","q","1","q","q","exogenous project characteristic","commercial/scientific value shifter","no","while holding \(q,m\) fixed. Since"
"appendix-module","baseline","04_route_values_and_sorting.tex","165","tau_E","1","\tau_E","\tau_E","primitive parameter","institutional barrier on retained entrusted route E","yes, through M only","\frac{\partial\Delta_{IE}}{\partial\tau_E}=1,"
"appendix-module","baseline","04_route_values_and_sorting.tex","167","m","1","m","m","exogenous project characteristic","manufacturing requirement/complexity","no","\frac{\partial\Delta_{IE}}{\partial p_m}=b(m)>0,"
"appendix-module","baseline","04_route_values_and_sorting.tex","167","p_m","1","p_m","candidate-or-generic","equilibrium price / candidate price","qualified manufacturing-service capacity price","no","\frac{\partial\Delta_{IE}}{\partial p_m}=b(m)>0,"
"appendix-module","baseline","04_route_values_and_sorting.tex","171","tau_E","1","\tau_E","\tau_E","primitive parameter","institutional barrier on retained entrusted route E","yes, through M only","\frac{\partial k^*}{\partial\tau_E}"
"appendix-module","baseline","04_route_values_and_sorting.tex","175","p_m","1","p_m","candidate-or-generic","equilibrium price / candidate price","qualified manufacturing-service capacity price","no","\frac{\partial k^*}{\partial p_m}"
"appendix-module","baseline","04_route_values_and_sorting.tex","177","m","1","m","m","exogenous project characteristic","manufacturing requirement/complexity","no","-\frac{b(m)}{\Delta_{IE,k}(k^*)}<0."
"appendix-module","baseline","04_route_values_and_sorting.tex","181","k_i","1","k_i","k_i","exogenous firm characteristic","internal manufacturing capability","no","entrusted-production region \(k_i<k^*\). A higher fixed CMO price lowers"
"appendix-module","baseline","04_route_values_and_sorting.tex","183","p_m","1","p_m^*","equilibrium-starred","equilibrium price / candidate price","qualified manufacturing-service capacity price","no","comparative static, not an equilibrium derivative through \(p_m^*\)."
"appendix-module","baseline","05_rd_problem.tex","6","p_m","1","p_m","candidate-or-generic","equilibrium price / candidate price","qualified manufacturing-service capacity price","no","qualified manufacturing-service price \(p_m\). It uses the deterministic"
"appendix-module","baseline","05_rd_problem.tex","8","p_m","1","p_m^*","equilibrium-starred","equilibrium price / candidate price","qualified manufacturing-service capacity price","no","that selects \(p_m^*\) remain deferred to Phase~6."
"appendix-module","baseline","05_rd_problem.tex","13","x_i","1","x_i","control","control / optimized control","original-drug innovation investment / project-advancement intensity","through Omega_i only","Developer \(i\) chooses one common control \(x_i\geq0\). Its canonical meaning"
"appendix-module","baseline","05_rd_problem.tex","19","a_i","1","a_i","a_i","exogenous firm characteristic","research capability for viable planning-stage projects","no","Predetermined project-advancement productivity \(a_i>0\) converts the control"
"appendix-module","baseline","05_rd_problem.tex","22","a_i","1","a_i","a_i","exogenous firm characteristic","research capability for viable planning-stage projects","no","\lambda_i^{\mathrm{plan}}=a_ix_i."
"appendix-module","baseline","05_rd_problem.tex","22","a_i","2","a_i","a_i","exogenous firm characteristic","research capability for viable planning-stage projects","no","\lambda_i^{\mathrm{plan}}=a_ix_i."
"appendix-module","baseline","05_rd_problem.tex","22","x_i","1","x_i","control","control / optimized control","original-drug innovation investment / project-advancement intensity","through Omega_i only","\lambda_i^{\mathrm{plan}}=a_ix_i."
"appendix-module","baseline","05_rd_problem.tex","25","a_i","1","a_i","a_i","exogenous firm characteristic","research capability for viable planning-stage projects","no","The control has units \(\mathsf X\), and \(a_i\) has units"
"appendix-module","baseline","05_rd_problem.tex","27","a_i","1","a_i","a_i","exogenous firm characteristic","research capability for viable planning-stage projects","no","\(\lambda_i^{\mathrm{plan}}\) has units \(\mathsf P\)."
"appendix-module","baseline","05_rd_problem.tex","31","x_i","1","x_i","control","control / optimized control","original-drug innovation investment / project-advancement intensity","through Omega_i only","C_X(x_i)"
"appendix-module","baseline","05_rd_problem.tex","33","x_i","1","x_i","control","control / optimized control","original-drug innovation investment / project-advancement intensity","through Omega_i only","\frac{\kappa}{1+\nu}x_i^{1+\nu},"
"appendix-module","baseline","05_rd_problem.tex","41","x_i","1","x_i","control","control / optimized control","original-drug innovation investment / project-advancement intensity","through Omega_i only","\(C_X'(x_i)=\kappa x_i^\nu\). The boundary \(\nu=1\) gives a quadratic"
"appendix-module","baseline","05_rd_problem.tex","41","x_i","2","x_i","control","control / optimized control","original-drug innovation investment / project-advancement intensity","through Omega_i only","\(C_X'(x_i)=\kappa x_i^\nu\). The boundary \(\nu=1\) gives a quadratic"
"appendix-module","baseline","05_rd_problem.tex","47","M","1","M","M","primitive parameter","binary institutional regime","policy object","For developer \(i\), institutional regime \(M\), and fixed conjectured price"
"appendix-module","baseline","05_rd_problem.tex","48","p_m","1","p_m","candidate-or-generic","equilibrium price / candidate price","qualified manufacturing-service capacity price","no","\(p_m\), define"
"appendix-module","baseline","05_rd_problem.tex","51","a_i","1","a_i","a_i","exogenous firm characteristic","research capability for viable planning-stage projects","no","\Omega_i(M,p_m)"
"appendix-module","baseline","05_rd_problem.tex","51","M","1","M","M","primitive parameter","binary institutional regime","policy object","\Omega_i(M,p_m)"
"appendix-module","baseline","05_rd_problem.tex","51","Omega_i","1","\Omega_i","\Omega_i","endogenous firm-level object","expected optimized value per planning-stage project","indirect only","\Omega_i(M,p_m)"
"appendix-module","baseline","05_rd_problem.tex","51","p_m","1","p_m","candidate-or-generic","equilibrium price / candidate price","qualified manufacturing-service capacity price","no","\Omega_i(M,p_m)"
"appendix-module","baseline","05_rd_problem.tex","54","M","1","M","M","primitive parameter","binary institutional regime","policy object","W_i(q,m;M,p_m)"
"appendix-module","baseline","05_rd_problem.tex","54","m","1","m","m","exogenous project characteristic","manufacturing requirement/complexity","no","W_i(q,m;M,p_m)"
"appendix-module","baseline","05_rd_problem.tex","54","p_m","1","p_m","candidate-or-generic","equilibrium price / candidate price","qualified manufacturing-service capacity price","no","W_i(q,m;M,p_m)"
"appendix-module","baseline","05_rd_problem.tex","54","q","1","q","q","exogenous project characteristic","commercial/scientific value shifter","no","W_i(q,m;M,p_m)"
"appendix-module","baseline","05_rd_problem.tex","57","M","1","M","M","primitive parameter","binary institutional regime","policy object","\int W_i(q,m;M,p_m)\,dF(q,m)."
"appendix-module","baseline","05_rd_problem.tex","57","m","1","m","m","exogenous project characteristic","manufacturing requirement/complexity","no","\int W_i(q,m;M,p_m)\,dF(q,m)."
"appendix-module","baseline","05_rd_problem.tex","57","m","2","m","m","exogenous project characteristic","manufacturing requirement/complexity","no","\int W_i(q,m;M,p_m)\,dF(q,m)."
"appendix-module","baseline","05_rd_problem.tex","57","p_m","1","p_m","candidate-or-generic","equilibrium price / candidate price","qualified manufacturing-service capacity price","no","\int W_i(q,m;M,p_m)\,dF(q,m)."
"appendix-module","baseline","05_rd_problem.tex","57","q","1","q","q","exogenous project characteristic","commercial/scientific value shifter","no","\int W_i(q,m;M,p_m)\,dF(q,m)."
"appendix-module","baseline","05_rd_problem.tex","57","q","2","q","q","exogenous project characteristic","commercial/scientific value shifter","no","\int W_i(q,m;M,p_m)\,dF(q,m)."
"appendix-module","baseline","05_rd_problem.tex","62","k_i","1","k_i","k_i","exogenous firm characteristic","internal manufacturing capability","no","characteristics, especially manufacturing capability \(k_i\). Because the"
"appendix-module","baseline","05_rd_problem.tex","64","m","1","m","m","exogenous project characteristic","manufacturing requirement/complexity","no","\(W_i(q,m;M,p_m)\geq0\). Under the stated integrability condition,"
"appendix-module","baseline","05_rd_problem.tex","64","M","1","M","M","primitive parameter","binary institutional regime","policy object","\(W_i(q,m;M,p_m)\geq0\). Under the stated integrability condition,"
"appendix-module","baseline","05_rd_problem.tex","64","p_m","1","p_m","candidate-or-generic","equilibrium price / candidate price","qualified manufacturing-service capacity price","no","\(W_i(q,m;M,p_m)\geq0\). Under the stated integrability condition,"
"appendix-module","baseline","05_rd_problem.tex","64","q","1","q","q","exogenous project characteristic","commercial/scientific value shifter","no","\(W_i(q,m;M,p_m)\geq0\). Under the stated integrability condition,"
"appendix-module","baseline","05_rd_problem.tex","66","a_i","1","a_i","a_i","exogenous firm characteristic","research capability for viable planning-stage projects","no","0\leq\Omega_i(M,p_m)<+\infty."
"appendix-module","baseline","05_rd_problem.tex","66","M","1","M","M","primitive parameter","binary institutional regime","policy object","0\leq\Omega_i(M,p_m)<+\infty."
"appendix-module","baseline","05_rd_problem.tex","66","Omega_i","1","\Omega_i","\Omega_i","endogenous firm-level object","expected optimized value per planning-stage project","indirect only","0\leq\Omega_i(M,p_m)<+\infty."
"appendix-module","baseline","05_rd_problem.tex","66","p_m","1","p_m","candidate-or-generic","equilibrium price / candidate price","qualified manufacturing-service capacity price","no","0\leq\Omega_i(M,p_m)<+\infty."
"appendix-module","baseline","05_rd_problem.tex","76","x_i","1","x_i","control","control / optimized control","original-drug innovation investment / project-advancement intensity","through Omega_i only","\max_{x_i\geq0}"
"appendix-module","baseline","05_rd_problem.tex","78","a_i","1","a_i","a_i","exogenous firm characteristic","research capability for viable planning-stage projects","no","\beta a_ix_i\Omega_i(M,p_m)"
"appendix-module","baseline","05_rd_problem.tex","78","a_i","2","a_i","a_i","exogenous firm characteristic","research capability for viable planning-stage projects","no","\beta a_ix_i\Omega_i(M,p_m)"
"appendix-module","baseline","05_rd_problem.tex","78","M","1","M","M","primitive parameter","binary institutional regime","policy object","\beta a_ix_i\Omega_i(M,p_m)"
"appendix-module","baseline","05_rd_problem.tex","78","Omega_i","1","\Omega_i","\Omega_i","endogenous firm-level object","expected optimized value per planning-stage project","indirect only","\beta a_ix_i\Omega_i(M,p_m)"
"appendix-module","baseline","05_rd_problem.tex","78","p_m","1","p_m","candidate-or-generic","equilibrium price / candidate price","qualified manufacturing-service capacity price","no","\beta a_ix_i\Omega_i(M,p_m)"
"appendix-module","baseline","05_rd_problem.tex","78","x_i","1","x_i","control","control / optimized control","original-drug innovation investment / project-advancement intensity","through Omega_i only","\beta a_ix_i\Omega_i(M,p_m)"
"appendix-module","baseline","05_rd_problem.tex","80","x_i","1","x_i","control","control / optimized control","original-drug innovation investment / project-advancement intensity","through Omega_i only","\frac{\kappa}{1+\nu}x_i^{1+\nu}"
"appendix-module","baseline","05_rd_problem.tex","84","m","1","m","m","exogenous project characteristic","manufacturing requirement/complexity","no","The decision precedes the \((q,m)\) draw and downstream route choice."
"appendix-module","baseline","05_rd_problem.tex","84","q","1","q","q","exogenous project characteristic","commercial/scientific value shifter","no","The decision precedes the \((q,m)\) draw and downstream route choice."
"appendix-module","baseline","05_rd_problem.tex","85","a_i","1","a_i","a_i","exogenous firm characteristic","research capability for viable planning-stage projects","no","Conditional on \(M,p_m,a_i,k_i\), the expected value"
"appendix-module","baseline","05_rd_problem.tex","85","k_i","1","k_i","k_i","exogenous firm characteristic","internal manufacturing capability","no","Conditional on \(M,p_m,a_i,k_i\), the expected value"
"appendix-module","baseline","05_rd_problem.tex","85","M","1","M","M","primitive parameter","binary institutional regime","policy object","Conditional on \(M,p_m,a_i,k_i\), the expected value"
"appendix-module","baseline","05_rd_problem.tex","85","p_m","1","p_m","candidate-or-generic","equilibrium price / candidate price","qualified manufacturing-service capacity price","no","Conditional on \(M,p_m,a_i,k_i\), the expected value"
"appendix-module","baseline","05_rd_problem.tex","86","a_i","1","a_i","a_i","exogenous firm characteristic","research capability for viable planning-stage projects","no","\(\Omega_i(M,p_m)\) is therefore fixed with respect to the individual"
"appendix-module","baseline","05_rd_problem.tex","86","M","1","M","M","primitive parameter","binary institutional regime","policy object","\(\Omega_i(M,p_m)\) is therefore fixed with respect to the individual"
"appendix-module","baseline","05_rd_problem.tex","86","Omega_i","1","\Omega_i","\Omega_i","endogenous firm-level object","expected optimized value per planning-stage project","indirect only","\(\Omega_i(M,p_m)\) is therefore fixed with respect to the individual"
"appendix-module","baseline","05_rd_problem.tex","86","p_m","1","p_m","candidate-or-generic","equilibrium price / candidate price","qualified manufacturing-service capacity price","no","\(\Omega_i(M,p_m)\) is therefore fixed with respect to the individual"
"appendix-module","baseline","05_rd_problem.tex","87","x_i","1","x_i","control","control / optimized control","original-drug innovation investment / project-advancement intensity","through Omega_i only","choice \(x_i\)."
"appendix-module","baseline","05_rd_problem.tex","92","x_i","1","x_i","control","control / optimized control","original-drug innovation investment / project-advancement intensity","through Omega_i only","x_i\geq0,\qquad"
"appendix-module","baseline","05_rd_problem.tex","93","a_i","1","a_i","a_i","exogenous firm characteristic","research capability for viable planning-stage projects","no","\kappa x_i^\nu-\beta a_i\Omega_i(M,p_m)\geq0,\\"
"appendix-module","baseline","05_rd_problem.tex","93","a_i","2","a_i","a_i","exogenous firm characteristic","research capability for viable planning-stage projects","no","\kappa x_i^\nu-\beta a_i\Omega_i(M,p_m)\geq0,\\"
"appendix-module","baseline","05_rd_problem.tex","93","M","1","M","M","primitive parameter","binary institutional regime","policy object","\kappa x_i^\nu-\beta a_i\Omega_i(M,p_m)\geq0,\\"
"appendix-module","baseline","05_rd_problem.tex","93","Omega_i","1","\Omega_i","\Omega_i","endogenous firm-level object","expected optimized value per planning-stage project","indirect only","\kappa x_i^\nu-\beta a_i\Omega_i(M,p_m)\geq0,\\"
"appendix-module","baseline","05_rd_problem.tex","93","p_m","1","p_m","candidate-or-generic","equilibrium price / candidate price","qualified manufacturing-service capacity price","no","\kappa x_i^\nu-\beta a_i\Omega_i(M,p_m)\geq0,\\"
"appendix-module","baseline","05_rd_problem.tex","93","x_i","1","x_i","control","control / optimized control","original-drug innovation investment / project-advancement intensity","through Omega_i only","\kappa x_i^\nu-\beta a_i\Omega_i(M,p_m)\geq0,\\"
"appendix-module","baseline","05_rd_problem.tex","94","x_i","1","x_i","control","control / optimized control","original-drug innovation investment / project-advancement intensity","through Omega_i only","x_i\left["
"appendix-module","baseline","05_rd_problem.tex","95","a_i","1","a_i","a_i","exogenous firm characteristic","research capability for viable planning-stage projects","no","\kappa x_i^\nu-\beta a_i\Omega_i(M,p_m)"
"appendix-module","baseline","05_rd_problem.tex","95","a_i","2","a_i","a_i","exogenous firm characteristic","research capability for viable planning-stage projects","no","\kappa x_i^\nu-\beta a_i\Omega_i(M,p_m)"
"appendix-module","baseline","05_rd_problem.tex","95","M","1","M","M","primitive parameter","binary institutional regime","policy object","\kappa x_i^\nu-\beta a_i\Omega_i(M,p_m)"
"appendix-module","baseline","05_rd_problem.tex","95","Omega_i","1","\Omega_i","\Omega_i","endogenous firm-level object","expected optimized value per planning-stage project","indirect only","\kappa x_i^\nu-\beta a_i\Omega_i(M,p_m)"
"appendix-module","baseline","05_rd_problem.tex","95","p_m","1","p_m","candidate-or-generic","equilibrium price / candidate price","qualified manufacturing-service capacity price","no","\kappa x_i^\nu-\beta a_i\Omega_i(M,p_m)"
"appendix-module","baseline","05_rd_problem.tex","95","x_i","1","x_i","control","control / optimized control","original-drug innovation investment / project-advancement intensity","through Omega_i only","\kappa x_i^\nu-\beta a_i\Omega_i(M,p_m)"
"appendix-module","baseline","05_rd_problem.tex","102","x_i","1","x_i","control","control / optimized control","original-drug innovation investment / project-advancement intensity","through Omega_i only","\kappa x_i^\nu"
"appendix-module","baseline","05_rd_problem.tex","104","a_i","1","a_i","a_i","exogenous firm characteristic","research capability for viable planning-stage projects","no","\beta a_i\Omega_i(M,p_m)."
"appendix-module","baseline","05_rd_problem.tex","104","a_i","2","a_i","a_i","exogenous firm characteristic","research capability for viable planning-stage projects","no","\beta a_i\Omega_i(M,p_m)."
"appendix-module","baseline","05_rd_problem.tex","104","M","1","M","M","primitive parameter","binary institutional regime","policy object","\beta a_i\Omega_i(M,p_m)."
"appendix-module","baseline","05_rd_problem.tex","104","Omega_i","1","\Omega_i","\Omega_i","endogenous firm-level object","expected optimized value per planning-stage project","indirect only","\beta a_i\Omega_i(M,p_m)."
"appendix-module","baseline","05_rd_problem.tex","104","p_m","1","p_m","candidate-or-generic","equilibrium price / candidate price","qualified manufacturing-service capacity price","no","\beta a_i\Omega_i(M,p_m)."
"appendix-module","baseline","05_rd_problem.tex","107","x_i","1","x_i","control","control / optimized control","original-drug innovation investment / project-advancement intensity","through Omega_i only","For \(x_i>0\), the objective's second derivative is"
"appendix-module","baseline","05_rd_problem.tex","109","x_i","1","x_i","control","control / optimized control","original-drug innovation investment / project-advancement intensity","through Omega_i only","-\kappa\nu x_i^{\nu-1}<0."
"appendix-module","baseline","05_rd_problem.tex","112","x_i","1","x_i","control","control / optimized control","original-drug innovation investment / project-advancement intensity","through Omega_i only","More generally, \(x_i^{1+\nu}\) is strictly convex on the nonnegative"
"appendix-module","baseline","05_rd_problem.tex","114","x_i","1","x_i","control","control / optimized control","original-drug innovation investment / project-advancement intensity","through Omega_i only","Its superlinear cost dominates the linear benefit as \(x_i\to\infty\), so a"
"appendix-module","baseline","05_rd_problem.tex","119","M","1","M","M","primitive parameter","binary institutional regime","policy object","x_i^*(M,p_m)"
"appendix-module","baseline","05_rd_problem.tex","119","p_m","1","p_m","candidate-or-generic","equilibrium price / candidate price","qualified manufacturing-service capacity price","no","x_i^*(M,p_m)"
"appendix-module","baseline","05_rd_problem.tex","119","x_i","1","x_i^*","optimized","control / optimized control","original-drug innovation investment / project-advancement intensity","through Omega_i only","x_i^*(M,p_m)"
"appendix-module","baseline","05_rd_problem.tex","122","a_i","1","a_i","a_i","exogenous firm characteristic","research capability for viable planning-stage projects","no","\frac{\beta a_i}{\kappa}"
"appendix-module","baseline","05_rd_problem.tex","123","a_i","1","a_i","a_i","exogenous firm characteristic","research capability for viable planning-stage projects","no","\Omega_i(M,p_m)"
"appendix-module","baseline","05_rd_problem.tex","123","M","1","M","M","primitive parameter","binary institutional regime","policy object","\Omega_i(M,p_m)"
"appendix-module","baseline","05_rd_problem.tex","123","Omega_i","1","\Omega_i","\Omega_i","endogenous firm-level object","expected optimized value per planning-stage project","indirect only","\Omega_i(M,p_m)"
"appendix-module","baseline","05_rd_problem.tex","123","p_m","1","p_m","candidate-or-generic","equilibrium price / candidate price","qualified manufacturing-service capacity price","no","\Omega_i(M,p_m)"
"appendix-module","baseline","05_rd_problem.tex","127","a_i","1","a_i","a_i","exogenous firm characteristic","research capability for viable planning-stage projects","no","If \(\Omega_i=0\), the formula gives the unique corner \(x_i^*=0\)."
"appendix-module","baseline","05_rd_problem.tex","127","Omega_i","1","\Omega_i","\Omega_i","endogenous firm-level object","expected optimized value per planning-stage project","indirect only","If \(\Omega_i=0\), the formula gives the unique corner \(x_i^*=0\)."
"appendix-module","baseline","05_rd_problem.tex","127","x_i","1","x_i^*","optimized","control / optimized control","original-drug innovation investment / project-advancement intensity","through Omega_i only","If \(\Omega_i=0\), the formula gives the unique corner \(x_i^*=0\)."
"appendix-module","baseline","05_rd_problem.tex","128","a_i","1","a_i","a_i","exogenous firm characteristic","research capability for viable planning-stage projects","no","If \(\Omega_i>0\), the solution is interior. Dimensionally,"
"appendix-module","baseline","05_rd_problem.tex","128","Omega_i","1","\Omega_i","\Omega_i","endogenous firm-level object","expected optimized value per planning-stage project","indirect only","If \(\Omega_i>0\), the solution is interior. Dimensionally,"
"appendix-module","baseline","05_rd_problem.tex","129","a_i","1","a_i","a_i","exogenous firm characteristic","research capability for viable planning-stage projects","no","\(\beta a_i\Omega_i/\kappa\) has units \(\mathsf X^\nu\), so the"
"appendix-module","baseline","05_rd_problem.tex","129","a_i","2","a_i","a_i","exogenous firm characteristic","research capability for viable planning-stage projects","no","\(\beta a_i\Omega_i/\kappa\) has units \(\mathsf X^\nu\), so the"
"appendix-module","baseline","05_rd_problem.tex","129","Omega_i","1","\Omega_i","\Omega_i","endogenous firm-level object","expected optimized value per planning-stage project","indirect only","\(\beta a_i\Omega_i/\kappa\) has units \(\mathsf X^\nu\), so the"
"appendix-module","baseline","05_rd_problem.tex","135","p_m","1","p_m","candidate-or-generic","equilibrium price / candidate price","qualified manufacturing-service capacity price","no","At a fixed \(p_m\), Phase~4 implies the pointwise weak ordering"
"appendix-module","baseline","05_rd_problem.tex","137","m","1","m","m","exogenous project characteristic","manufacturing requirement/complexity","no","W_i(q,m;1,p_m)\geq W_i(q,m;0,p_m)."
"appendix-module","baseline","05_rd_problem.tex","137","m","2","m","m","exogenous project characteristic","manufacturing requirement/complexity","no","W_i(q,m;1,p_m)\geq W_i(q,m;0,p_m)."
"appendix-module","baseline","05_rd_problem.tex","137","p_m","1","p_m","candidate-or-generic","equilibrium price / candidate price","qualified manufacturing-service capacity price","no","W_i(q,m;1,p_m)\geq W_i(q,m;0,p_m)."
"appendix-module","baseline","05_rd_problem.tex","137","p_m","2","p_m","candidate-or-generic","equilibrium price / candidate price","qualified manufacturing-service capacity price","no","W_i(q,m;1,p_m)\geq W_i(q,m;0,p_m)."
"appendix-module","baseline","05_rd_problem.tex","137","q","1","q","q","exogenous project characteristic","commercial/scientific value shifter","no","W_i(q,m;1,p_m)\geq W_i(q,m;0,p_m)."
"appendix-module","baseline","05_rd_problem.tex","137","q","2","q","q","exogenous project characteristic","commercial/scientific value shifter","no","W_i(q,m;1,p_m)\geq W_i(q,m;0,p_m)."
"appendix-module","baseline","05_rd_problem.tex","141","a_i","1","a_i","a_i","exogenous firm characteristic","research capability for viable planning-stage projects","no","\Omega_i(1,p_m)-\Omega_i(0,p_m)"
"appendix-module","baseline","05_rd_problem.tex","141","a_i","2","a_i","a_i","exogenous firm characteristic","research capability for viable planning-stage projects","no","\Omega_i(1,p_m)-\Omega_i(0,p_m)"
"appendix-module","baseline","05_rd_problem.tex","141","Omega_i","1","\Omega_i","\Omega_i","endogenous firm-level object","expected optimized value per planning-stage project","indirect only","\Omega_i(1,p_m)-\Omega_i(0,p_m)"
"appendix-module","baseline","05_rd_problem.tex","141","Omega_i","2","\Omega_i","\Omega_i","endogenous firm-level object","expected optimized value per planning-stage project","indirect only","\Omega_i(1,p_m)-\Omega_i(0,p_m)"
"appendix-module","baseline","05_rd_problem.tex","141","p_m","1","p_m","candidate-or-generic","equilibrium price / candidate price","qualified manufacturing-service capacity price","no","\Omega_i(1,p_m)-\Omega_i(0,p_m)"
"appendix-module","baseline","05_rd_problem.tex","141","p_m","2","p_m","candidate-or-generic","equilibrium price / candidate price","qualified manufacturing-service capacity price","no","\Omega_i(1,p_m)-\Omega_i(0,p_m)"
"appendix-module","baseline","05_rd_problem.tex","145","m","1","m","m","exogenous project characteristic","manufacturing requirement/complexity","no","W_i(q,m;1,p_m)-W_i(q,m;0,p_m)"
"appendix-module","baseline","05_rd_problem.tex","145","m","2","m","m","exogenous project characteristic","manufacturing requirement/complexity","no","W_i(q,m;1,p_m)-W_i(q,m;0,p_m)"
"appendix-module","baseline","05_rd_problem.tex","145","p_m","1","p_m","candidate-or-generic","equilibrium price / candidate price","qualified manufacturing-service capacity price","no","W_i(q,m;1,p_m)-W_i(q,m;0,p_m)"
"appendix-module","baseline","05_rd_problem.tex","145","p_m","2","p_m","candidate-or-generic","equilibrium price / candidate price","qualified manufacturing-service capacity price","no","W_i(q,m;1,p_m)-W_i(q,m;0,p_m)"
"appendix-module","baseline","05_rd_problem.tex","145","q","1","q","q","exogenous project characteristic","commercial/scientific value shifter","no","W_i(q,m;1,p_m)-W_i(q,m;0,p_m)"
"appendix-module","baseline","05_rd_problem.tex","145","q","2","q","q","exogenous project characteristic","commercial/scientific value shifter","no","W_i(q,m;1,p_m)-W_i(q,m;0,p_m)"
"appendix-module","baseline","05_rd_problem.tex","146","m","1","m","m","exogenous project characteristic","manufacturing requirement/complexity","no","\right]dF(q,m)"
"appendix-module","baseline","05_rd_problem.tex","146","q","1","q","q","exogenous project characteristic","commercial/scientific value shifter","no","\right]dF(q,m)"
"appendix-module","baseline","05_rd_problem.tex","150","a_i","1","a_i","a_i","exogenous firm characteristic","research capability for viable planning-stage projects","no","For positive \(\Omega_i\),"
"appendix-module","baseline","05_rd_problem.tex","150","Omega_i","1","\Omega_i","\Omega_i","endogenous firm-level object","expected optimized value per planning-stage project","indirect only","For positive \(\Omega_i\),"
"appendix-module","baseline","05_rd_problem.tex","152","a_i","1","a_i","a_i","exogenous firm characteristic","research capability for viable planning-stage projects","no","\frac{\partial x_i^*}{\partial\Omega_i}"
"appendix-module","baseline","05_rd_problem.tex","152","Omega_i","1","\Omega_i","\Omega_i","endogenous firm-level object","expected optimized value per planning-stage project","indirect only","\frac{\partial x_i^*}{\partial\Omega_i}"
"appendix-module","baseline","05_rd_problem.tex","152","x_i","1","x_i^*","optimized","control / optimized control","original-drug innovation investment / project-advancement intensity","through Omega_i only","\frac{\partial x_i^*}{\partial\Omega_i}"
"appendix-module","baseline","05_rd_problem.tex","155","a_i","1","a_i","a_i","exogenous firm characteristic","research capability for viable planning-stage projects","no","\left(\frac{\beta a_i}{\kappa}\right)^{1/\nu}"
"appendix-module","baseline","05_rd_problem.tex","156","a_i","1","a_i","a_i","exogenous firm characteristic","research capability for viable planning-stage projects","no","\Omega_i^{1/\nu-1}"
"appendix-module","baseline","05_rd_problem.tex","156","Omega_i","1","\Omega_i","\Omega_i","endogenous firm-level object","expected optimized value per planning-stage project","indirect only","\Omega_i^{1/\nu-1}"
"appendix-module","baseline","05_rd_problem.tex","159","p_m","1","p_m","candidate-or-generic","equilibrium price / candidate price","qualified manufacturing-service capacity price","no","Thus, at fixed \(p_m\),"
"appendix-module","baseline","05_rd_problem.tex","161","a_i","1","a_i","a_i","exogenous firm characteristic","research capability for viable planning-stage projects","no","\Omega_i(1,p_m)>\Omega_i(0,p_m)"
"appendix-module","baseline","05_rd_problem.tex","161","a_i","2","a_i","a_i","exogenous firm characteristic","research capability for viable planning-stage projects","no","\Omega_i(1,p_m)>\Omega_i(0,p_m)"
"appendix-module","baseline","05_rd_problem.tex","161","Omega_i","1","\Omega_i","\Omega_i","endogenous firm-level object","expected optimized value per planning-stage project","indirect only","\Omega_i(1,p_m)>\Omega_i(0,p_m)"
"appendix-module","baseline","05_rd_problem.tex","161","Omega_i","2","\Omega_i","\Omega_i","endogenous firm-level object","expected optimized value per planning-stage project","indirect only","\Omega_i(1,p_m)>\Omega_i(0,p_m)"
"appendix-module","baseline","05_rd_problem.tex","161","p_m","1","p_m","candidate-or-generic","equilibrium price / candidate price","qualified manufacturing-service capacity price","no","\Omega_i(1,p_m)>\Omega_i(0,p_m)"
"appendix-module","baseline","05_rd_problem.tex","161","p_m","2","p_m","candidate-or-generic","equilibrium price / candidate price","qualified manufacturing-service capacity price","no","\Omega_i(1,p_m)>\Omega_i(0,p_m)"
"appendix-module","baseline","05_rd_problem.tex","163","p_m","1","p_m","candidate-or-generic","equilibrium price / candidate price","qualified manufacturing-service capacity price","no","x_i^*(1,p_m)>x_i^*(0,p_m)."
"appendix-module","baseline","05_rd_problem.tex","163","p_m","2","p_m","candidate-or-generic","equilibrium price / candidate price","qualified manufacturing-service capacity price","no","x_i^*(1,p_m)>x_i^*(0,p_m)."
"appendix-module","baseline","05_rd_problem.tex","163","x_i","1","x_i^*","optimized","control / optimized control","original-drug innovation investment / project-advancement intensity","through Omega_i only","x_i^*(1,p_m)>x_i^*(0,p_m)."
"appendix-module","baseline","05_rd_problem.tex","163","x_i","2","x_i^*","optimized","control / optimized control","original-drug innovation investment / project-advancement intensity","through Omega_i only","x_i^*(1,p_m)>x_i^*(0,p_m)."
"appendix-module","baseline","05_rd_problem.tex","170","M","1","M","M","primitive parameter","binary institutional regime","policy object","This is a binary finite comparison, not a derivative with respect to \(M\)."
"appendix-module","baseline","05_rd_problem.tex","172","a_i","1","a_i","a_i","exogenous firm characteristic","research capability for viable planning-stage projects","no","through \(p_m^*\). The regime changes neither \(a_i\), \(\kappa\), \(\nu\),"
"appendix-module","baseline","05_rd_problem.tex","172","p_m","1","p_m^*","equilibrium-starred","equilibrium price / candidate price","qualified manufacturing-service capacity price","no","through \(p_m^*\). The regime changes neither \(a_i\), \(\kappa\), \(\nu\),"
"appendix-module","baseline","05_rd_problem.tex","174","a_i","1","a_i","a_i","exogenous firm characteristic","research capability for viable planning-stage projects","no","\(x_i^*\) only through \(\Omega_i\). Manufacturing capability \(k_i\) affects"
"appendix-module","baseline","05_rd_problem.tex","174","k_i","1","k_i","k_i","exogenous firm characteristic","internal manufacturing capability","no","\(x_i^*\) only through \(\Omega_i\). Manufacturing capability \(k_i\) affects"
"appendix-module","baseline","05_rd_problem.tex","174","Omega_i","1","\Omega_i","\Omega_i","endogenous firm-level object","expected optimized value per planning-stage project","indirect only","\(x_i^*\) only through \(\Omega_i\). Manufacturing capability \(k_i\) affects"
"appendix-module","baseline","05_rd_problem.tex","174","x_i","1","x_i^*","optimized","control / optimized control","original-drug innovation investment / project-advancement intensity","through Omega_i only","\(x_i^*\) only through \(\Omega_i\). Manufacturing capability \(k_i\) affects"
"appendix-module","baseline","05_rd_problem.tex","175","a_i","1","a_i","a_i","exogenous firm characteristic","research capability for viable planning-stage projects","no","\(\Omega_i\) through route values and sorting, not through"
"appendix-module","baseline","05_rd_problem.tex","175","Omega_i","1","\Omega_i","\Omega_i","endogenous firm-level object","expected optimized value per planning-stage project","indirect only","\(\Omega_i\) through route values and sorting, not through"
"appendix-module","baseline","05_rd_problem.tex","176","a_i","1","a_i","a_i","exogenous firm characteristic","research capability for viable planning-stage projects","no","\(a_ix_i\) or \(C_X(x_i)\)."
"appendix-module","baseline","05_rd_problem.tex","176","x_i","1","x_i","control","control / optimized control","original-drug innovation investment / project-advancement intensity","through Omega_i only","\(a_ix_i\) or \(C_X(x_i)\)."
"appendix-module","baseline","05_rd_problem.tex","176","x_i","2","x_i","control","control / optimized control","original-drug innovation investment / project-advancement intensity","through Omega_i only","\(a_ix_i\) or \(C_X(x_i)\)."
"appendix-module","baseline","05_rd_problem.tex","185","a_i","1","a_i","a_i","exogenous firm characteristic","research capability for viable planning-stage projects","no","K_i=B_i+\Omega_i,"
"appendix-module","baseline","05_rd_problem.tex","185","Omega_i","1","\Omega_i","\Omega_i","endogenous firm-level object","expected optimized value per planning-stage project","indirect only","K_i=B_i+\Omega_i,"
"appendix-module","baseline","05_rd_problem.tex","187","a_i","1","a_i","a_i","exogenous firm characteristic","research capability for viable planning-stage projects","no","K_i-B_i=\Omega_i."
"appendix-module","baseline","05_rd_problem.tex","187","Omega_i","1","\Omega_i","\Omega_i","endogenous firm-level object","expected optimized value per planning-stage project","indirect only","K_i-B_i=\Omega_i."
"appendix-module","baseline","05_rd_problem.tex","192","x_i","1","x_i","control","control / optimized control","original-drug innovation investment / project-advancement intensity","through Omega_i only","C_X'(x_i)"
"appendix-module","baseline","05_rd_problem.tex","194","a_i","1","a_i","a_i","exogenous firm characteristic","research capability for viable planning-stage projects","no","\beta a_i(K_i-B_i)."
"appendix-module","baseline","05_rd_problem.tex","205","x_i","1","x_i","control","control / optimized control","original-drug innovation investment / project-advancement intensity","through Omega_i only","The baseline contains one common \(x_i\), one cost function \(C_X\), and one"
"appendix-module","baseline","05_rd_problem.tex","206","a_i","1","a_i","a_i","exogenous firm characteristic","research capability for viable planning-stage projects","no","expected optimized project value \(\Omega_i\). It contains no separate"
"appendix-module","baseline","05_rd_problem.tex","206","Omega_i","1","\Omega_i","\Omega_i","endogenous firm-level object","expected optimized value per planning-stage project","indirect only","expected optimized project value \(\Omega_i\). It contains no separate"
"appendix-module","baseline","06_cmo_supply_demand_equilibrium.tex","6","p_m","1","p_m","candidate-or-generic","equilibrium price / candidate price","qualified manufacturing-service capacity price","no","capacity. Developers and qualified suppliers take a conjectured price \(p_m\)"
"appendix-module","baseline","06_cmo_supply_demand_equilibrium.tex","8","p_m","1","p_m^*","equilibrium-starred","equilibrium price / candidate price","qualified manufacturing-service capacity price","no","\(p_m^*\) is then selected by one scalar clearing equation. No entry, labor,"
"appendix-module","baseline","06_cmo_supply_demand_equilibrium.tex","19","p_m","1","p_m","candidate-or-generic","equilibrium price / candidate price","qualified manufacturing-service capacity price","no","p_ms_j-\Psi(s_j;z_j)"
"appendix-module","baseline","06_cmo_supply_demand_equilibrium.tex","23","p_m","1","p_m","candidate-or-generic","equilibrium price / candidate price","qualified manufacturing-service capacity price","no","Capacity has units \(\mathsf B\) per decision cohort, \(p_m\) has units"
"appendix-module","baseline","06_cmo_supply_demand_equilibrium.tex","36","p_m","1","p_m","candidate-or-generic","equilibrium price / candidate price","qualified manufacturing-service capacity price","no","At \(p_m=0\), the unique optimum is \(s_j^*=0\). For \(p_m>0\), the"
"appendix-module","baseline","06_cmo_supply_demand_equilibrium.tex","36","p_m","2","p_m","candidate-or-generic","equilibrium price / candidate price","qualified manufacturing-service capacity price","no","At \(p_m=0\), the unique optimum is \(s_j^*=0\). For \(p_m>0\), the"
"appendix-module","baseline","06_cmo_supply_demand_equilibrium.tex","39","p_m","1","p_m","candidate-or-generic","equilibrium price / candidate price","qualified manufacturing-service capacity price","no","p_m=\Psi_s\!\left(s_j^*(p_m,z_j);z_j\right)."
"appendix-module","baseline","06_cmo_supply_demand_equilibrium.tex","39","p_m","2","p_m","candidate-or-generic","equilibrium price / candidate price","qualified manufacturing-service capacity price","no","p_m=\Psi_s\!\left(s_j^*(p_m,z_j);z_j\right)."
"appendix-module","baseline","06_cmo_supply_demand_equilibrium.tex","46","p_m","1","p_m","candidate-or-generic","equilibrium price / candidate price","qualified manufacturing-service capacity price","no","\frac{\partial s_j^*}{\partial p_m}"
"appendix-module","baseline","06_cmo_supply_demand_equilibrium.tex","58","p_m","1","p_m","candidate-or-generic","equilibrium price / candidate price","qualified manufacturing-service capacity price","no","S_m(p_m)"
"appendix-module","baseline","06_cmo_supply_demand_equilibrium.tex","60","p_m","1","p_m","candidate-or-generic","equilibrium price / candidate price","qualified manufacturing-service capacity price","no","\int s_j^*(p_m,z)\,dH_C(z)."
"appendix-module","baseline","06_cmo_supply_demand_equilibrium.tex","65","p_m","1","p_m","candidate-or-generic","equilibrium price / candidate price","qualified manufacturing-service capacity price","no","\(S_m(p_m)\to+\infty\) as \(p_m\to+\infty\). Supply technology and"
"appendix-module","baseline","06_cmo_supply_demand_equilibrium.tex","65","p_m","2","p_m","candidate-or-generic","equilibrium price / candidate price","qualified manufacturing-service capacity price","no","\(S_m(p_m)\to+\infty\) as \(p_m\to+\infty\). Supply technology and"
"appendix-module","baseline","06_cmo_supply_demand_equilibrium.tex","66","M","1","M","M","primitive parameter","binary institutional regime","policy object","\(H_C\) are invariant to \(M\); MAH creates no direct supply shift."
"appendix-module","baseline","06_cmo_supply_demand_equilibrium.tex","71","p_m","1","p_m","candidate-or-generic","equilibrium price / candidate price","qualified manufacturing-service capacity price","no","At a candidate price \(p_m\), define developer \(i\)'s expected qualified"
"appendix-module","baseline","06_cmo_supply_demand_equilibrium.tex","74","M","1","M","M","primitive parameter","binary institutional regime","policy object","\chi_i^E(p_m;M)"
"appendix-module","baseline","06_cmo_supply_demand_equilibrium.tex","74","p_m","1","p_m","candidate-or-generic","equilibrium price / candidate price","qualified manufacturing-service capacity price","no","\chi_i^E(p_m;M)"
"appendix-module","baseline","06_cmo_supply_demand_equilibrium.tex","77","m","1","m","m","exogenous project characteristic","manufacturing requirement/complexity","no","b(m)"
"appendix-module","baseline","06_cmo_supply_demand_equilibrium.tex","80","m","1","m","m","exogenous project characteristic","manufacturing requirement/complexity","no","r_i^*(q,m;M,p_m)=E"
"appendix-module","baseline","06_cmo_supply_demand_equilibrium.tex","80","M","1","M","M","primitive parameter","binary institutional regime","policy object","r_i^*(q,m;M,p_m)=E"
"appendix-module","baseline","06_cmo_supply_demand_equilibrium.tex","80","p_m","1","p_m","candidate-or-generic","equilibrium price / candidate price","qualified manufacturing-service capacity price","no","r_i^*(q,m;M,p_m)=E"
"appendix-module","baseline","06_cmo_supply_demand_equilibrium.tex","80","q","1","q","q","exogenous project characteristic","commercial/scientific value shifter","no","r_i^*(q,m;M,p_m)=E"
"appendix-module","baseline","06_cmo_supply_demand_equilibrium.tex","82","m","1","m","m","exogenous project characteristic","manufacturing requirement/complexity","no","dF(q,m)."
"appendix-module","baseline","06_cmo_supply_demand_equilibrium.tex","82","q","1","q","q","exogenous project characteristic","commercial/scientific value shifter","no","dF(q,m)."
"appendix-module","baseline","06_cmo_supply_demand_equilibrium.tex","88","m","1","m","m","exogenous project characteristic","manufacturing requirement/complexity","no","The entrusted value falls with price at slope \(-b(m)<0\), while the other"
"appendix-module","baseline","06_cmo_supply_demand_equilibrium.tex","89","p_m","1","p_m","candidate-or-generic","equilibrium price / candidate price","qualified manufacturing-service capacity price","no","route values do not contain \(p_m\). Consequently, for each project the set"
"appendix-module","baseline","06_cmo_supply_demand_equilibrium.tex","92","M","1","M","M","primitive parameter","binary institutional regime","policy object","it. Hence \(\chi_i^E(p_m;M)\) is weakly decreasing in \(p_m\)."
"appendix-module","baseline","06_cmo_supply_demand_equilibrium.tex","92","p_m","1","p_m","candidate-or-generic","equilibrium price / candidate price","qualified manufacturing-service capacity price","no","it. Hence \(\chi_i^E(p_m;M)\) is weakly decreasing in \(p_m\)."
"appendix-module","baseline","06_cmo_supply_demand_equilibrium.tex","92","p_m","2","p_m","candidate-or-generic","equilibrium price / candidate price","qualified manufacturing-service capacity price","no","it. Hence \(\chi_i^E(p_m;M)\) is weakly decreasing in \(p_m\)."
"appendix-module","baseline","06_cmo_supply_demand_equilibrium.tex","97","M","1","M","M","primitive parameter","binary institutional regime","policy object","\frac{\partial W_i(q,m;M,p_m)}{\partial p_m}"
"appendix-module","baseline","06_cmo_supply_demand_equilibrium.tex","97","m","1","m","m","exogenous project characteristic","manufacturing requirement/complexity","no","\frac{\partial W_i(q,m;M,p_m)}{\partial p_m}"
"appendix-module","baseline","06_cmo_supply_demand_equilibrium.tex","97","p_m","1","p_m","candidate-or-generic","equilibrium price / candidate price","qualified manufacturing-service capacity price","no","\frac{\partial W_i(q,m;M,p_m)}{\partial p_m}"
"appendix-module","baseline","06_cmo_supply_demand_equilibrium.tex","97","p_m","2","p_m","candidate-or-generic","equilibrium price / candidate price","qualified manufacturing-service capacity price","no","\frac{\partial W_i(q,m;M,p_m)}{\partial p_m}"
"appendix-module","baseline","06_cmo_supply_demand_equilibrium.tex","97","q","1","q","q","exogenous project characteristic","commercial/scientific value shifter","no","\frac{\partial W_i(q,m;M,p_m)}{\partial p_m}"
"appendix-module","baseline","06_cmo_supply_demand_equilibrium.tex","99","m","1","m","m","exogenous project characteristic","manufacturing requirement/complexity","no","-b(m)"
"appendix-module","baseline","06_cmo_supply_demand_equilibrium.tex","100","M","1","M","M","primitive parameter","binary institutional regime","policy object","\mathbf 1\{r_i^*(q,m;M,p_m)=E\}."
"appendix-module","baseline","06_cmo_supply_demand_equilibrium.tex","100","m","1","m","m","exogenous project characteristic","manufacturing requirement/complexity","no","\mathbf 1\{r_i^*(q,m;M,p_m)=E\}."
"appendix-module","baseline","06_cmo_supply_demand_equilibrium.tex","100","p_m","1","p_m","candidate-or-generic","equilibrium price / candidate price","qualified manufacturing-service capacity price","no","\mathbf 1\{r_i^*(q,m;M,p_m)=E\}."
"appendix-module","baseline","06_cmo_supply_demand_equilibrium.tex","100","q","1","q","q","exogenous project characteristic","commercial/scientific value shifter","no","\mathbf 1\{r_i^*(q,m;M,p_m)=E\}."
"appendix-module","baseline","06_cmo_supply_demand_equilibrium.tex","104","a_i","1","a_i","a_i","exogenous firm characteristic","research capability for viable planning-stage projects","no","\frac{\partial\Omega_i(M,p_m)}{\partial p_m}"
"appendix-module","baseline","06_cmo_supply_demand_equilibrium.tex","104","M","1","M","M","primitive parameter","binary institutional regime","policy object","\frac{\partial\Omega_i(M,p_m)}{\partial p_m}"
"appendix-module","baseline","06_cmo_supply_demand_equilibrium.tex","104","Omega_i","1","\Omega_i","\Omega_i","endogenous firm-level object","expected optimized value per planning-stage project","indirect only","\frac{\partial\Omega_i(M,p_m)}{\partial p_m}"
"appendix-module","baseline","06_cmo_supply_demand_equilibrium.tex","104","p_m","1","p_m","candidate-or-generic","equilibrium price / candidate price","qualified manufacturing-service capacity price","no","\frac{\partial\Omega_i(M,p_m)}{\partial p_m}"
"appendix-module","baseline","06_cmo_supply_demand_equilibrium.tex","104","p_m","2","p_m","candidate-or-generic","equilibrium price / candidate price","qualified manufacturing-service capacity price","no","\frac{\partial\Omega_i(M,p_m)}{\partial p_m}"
"appendix-module","baseline","06_cmo_supply_demand_equilibrium.tex","106","M","1","M","M","primitive parameter","binary institutional regime","policy object","-\chi_i^E(p_m;M)"
"appendix-module","baseline","06_cmo_supply_demand_equilibrium.tex","106","p_m","1","p_m","candidate-or-generic","equilibrium price / candidate price","qualified manufacturing-service capacity price","no","-\chi_i^E(p_m;M)"
"appendix-module","baseline","06_cmo_supply_demand_equilibrium.tex","108","p_m","1","p_m","candidate-or-generic","equilibrium price / candidate price","qualified manufacturing-service capacity price","no","\quad\text{almost everywhere in }p_m."
"appendix-module","baseline","06_cmo_supply_demand_equilibrium.tex","111","a_i","1","a_i","a_i","exogenous firm characteristic","research capability for viable planning-stage projects","no","For \(\Omega_i>0\), the Phase~5 optimizer therefore satisfies"
"appendix-module","baseline","06_cmo_supply_demand_equilibrium.tex","111","Omega_i","1","\Omega_i","\Omega_i","endogenous firm-level object","expected optimized value per planning-stage project","indirect only","For \(\Omega_i>0\), the Phase~5 optimizer therefore satisfies"
"appendix-module","baseline","06_cmo_supply_demand_equilibrium.tex","113","M","1","M","M","primitive parameter","binary institutional regime","policy object","\frac{\partial x_i^*(M,p_m)}{\partial p_m}"
"appendix-module","baseline","06_cmo_supply_demand_equilibrium.tex","113","p_m","1","p_m","candidate-or-generic","equilibrium price / candidate price","qualified manufacturing-service capacity price","no","\frac{\partial x_i^*(M,p_m)}{\partial p_m}"
"appendix-module","baseline","06_cmo_supply_demand_equilibrium.tex","113","p_m","2","p_m","candidate-or-generic","equilibrium price / candidate price","qualified manufacturing-service capacity price","no","\frac{\partial x_i^*(M,p_m)}{\partial p_m}"
"appendix-module","baseline","06_cmo_supply_demand_equilibrium.tex","113","x_i","1","x_i^*","optimized","control / optimized control","original-drug innovation investment / project-advancement intensity","through Omega_i only","\frac{\partial x_i^*(M,p_m)}{\partial p_m}"
"appendix-module","baseline","06_cmo_supply_demand_equilibrium.tex","115","M","1","M","M","primitive parameter","binary institutional regime","policy object","-\frac{x_i^*(M,p_m)}"
"appendix-module","baseline","06_cmo_supply_demand_equilibrium.tex","115","p_m","1","p_m","candidate-or-generic","equilibrium price / candidate price","qualified manufacturing-service capacity price","no","-\frac{x_i^*(M,p_m)}"
"appendix-module","baseline","06_cmo_supply_demand_equilibrium.tex","115","x_i","1","x_i^*","optimized","control / optimized control","original-drug innovation investment / project-advancement intensity","through Omega_i only","-\frac{x_i^*(M,p_m)}"
"appendix-module","baseline","06_cmo_supply_demand_equilibrium.tex","116","a_i","1","a_i","a_i","exogenous firm characteristic","research capability for viable planning-stage projects","no","{\nu\Omega_i(M,p_m)}"
"appendix-module","baseline","06_cmo_supply_demand_equilibrium.tex","116","M","1","M","M","primitive parameter","binary institutional regime","policy object","{\nu\Omega_i(M,p_m)}"
"appendix-module","baseline","06_cmo_supply_demand_equilibrium.tex","116","Omega_i","1","\Omega_i","\Omega_i","endogenous firm-level object","expected optimized value per planning-stage project","indirect only","{\nu\Omega_i(M,p_m)}"
"appendix-module","baseline","06_cmo_supply_demand_equilibrium.tex","116","p_m","1","p_m","candidate-or-generic","equilibrium price / candidate price","qualified manufacturing-service capacity price","no","{\nu\Omega_i(M,p_m)}"
"appendix-module","baseline","06_cmo_supply_demand_equilibrium.tex","117","M","1","M","M","primitive parameter","binary institutional regime","policy object","\chi_i^E(p_m;M)"
"appendix-module","baseline","06_cmo_supply_demand_equilibrium.tex","117","p_m","1","p_m","candidate-or-generic","equilibrium price / candidate price","qualified manufacturing-service capacity price","no","\chi_i^E(p_m;M)"
"appendix-module","baseline","06_cmo_supply_demand_equilibrium.tex","121","x_i","1","x_i^*","optimized","control / optimized control","original-drug innovation investment / project-advancement intensity","through Omega_i only","At the zero-value corner, \(x_i^*=0\); globally the optimal advancement"
"appendix-module","baseline","06_cmo_supply_demand_equilibrium.tex","122","p_m","1","p_m","candidate-or-generic","equilibrium price / candidate price","qualified manufacturing-service capacity price","no","intensity remains weakly decreasing in \(p_m\)."
"appendix-module","baseline","06_cmo_supply_demand_equilibrium.tex","129","a_i","1","a_i","a_i","exogenous firm characteristic","research capability for viable planning-stage projects","no","a_ix_i^*(M,p_m)\chi_i^E(p_m;M)."
"appendix-module","baseline","06_cmo_supply_demand_equilibrium.tex","129","M","1","M","M","primitive parameter","binary institutional regime","policy object","a_ix_i^*(M,p_m)\chi_i^E(p_m;M)."
"appendix-module","baseline","06_cmo_supply_demand_equilibrium.tex","129","M","2","M","M","primitive parameter","binary institutional regime","policy object","a_ix_i^*(M,p_m)\chi_i^E(p_m;M)."
"appendix-module","baseline","06_cmo_supply_demand_equilibrium.tex","129","p_m","1","p_m","candidate-or-generic","equilibrium price / candidate price","qualified manufacturing-service capacity price","no","a_ix_i^*(M,p_m)\chi_i^E(p_m;M)."
"appendix-module","baseline","06_cmo_supply_demand_equilibrium.tex","129","p_m","2","p_m","candidate-or-generic","equilibrium price / candidate price","qualified manufacturing-service capacity price","no","a_ix_i^*(M,p_m)\chi_i^E(p_m;M)."
"appendix-module","baseline","06_cmo_supply_demand_equilibrium.tex","129","x_i","1","x_i^*","optimized","control / optimized control","original-drug innovation investment / project-advancement intensity","through Omega_i only","a_ix_i^*(M,p_m)\chi_i^E(p_m;M)."
"appendix-module","baseline","06_cmo_supply_demand_equilibrium.tex","133","M","1","M","M","primitive parameter","binary institutional regime","policy object","D_m^{\mathrm{MAH}}(p_m;M)"
"appendix-module","baseline","06_cmo_supply_demand_equilibrium.tex","133","p_m","1","p_m","candidate-or-generic","equilibrium price / candidate price","qualified manufacturing-service capacity price","no","D_m^{\mathrm{MAH}}(p_m;M)"
"appendix-module","baseline","06_cmo_supply_demand_equilibrium.tex","136","a_i","1","a_i","a_i","exogenous firm characteristic","research capability for viable planning-stage projects","no","a_ix_i^*(M,p_m)\chi_i^E(p_m;M)"
"appendix-module","baseline","06_cmo_supply_demand_equilibrium.tex","136","M","1","M","M","primitive parameter","binary institutional regime","policy object","a_ix_i^*(M,p_m)\chi_i^E(p_m;M)"
"appendix-module","baseline","06_cmo_supply_demand_equilibrium.tex","136","M","2","M","M","primitive parameter","binary institutional regime","policy object","a_ix_i^*(M,p_m)\chi_i^E(p_m;M)"
"appendix-module","baseline","06_cmo_supply_demand_equilibrium.tex","136","p_m","1","p_m","candidate-or-generic","equilibrium price / candidate price","qualified manufacturing-service capacity price","no","a_ix_i^*(M,p_m)\chi_i^E(p_m;M)"
"appendix-module","baseline","06_cmo_supply_demand_equilibrium.tex","136","p_m","2","p_m","candidate-or-generic","equilibrium price / candidate price","qualified manufacturing-service capacity price","no","a_ix_i^*(M,p_m)\chi_i^E(p_m;M)"
"appendix-module","baseline","06_cmo_supply_demand_equilibrium.tex","136","x_i","1","x_i^*","optimized","control / optimized control","original-drug innovation investment / project-advancement intensity","through Omega_i only","a_ix_i^*(M,p_m)\chi_i^E(p_m;M)"
"appendix-module","baseline","06_cmo_supply_demand_equilibrium.tex","141","x_i","1","x_i^*","optimized","control / optimized control","original-drug innovation investment / project-advancement intensity","through Omega_i only","\(x_i^*\) responds through expected project value, and"
"appendix-module","baseline","06_cmo_supply_demand_equilibrium.tex","144","p_m","1","p_m","candidate-or-generic","equilibrium price / candidate price","qualified manufacturing-service capacity price","no","Both factors are nonnegative and weakly decreasing in \(p_m\), so"
"appendix-module","baseline","06_cmo_supply_demand_equilibrium.tex","147","p_m","1","p_m","candidate-or-generic","equilibrium price / candidate price","qualified manufacturing-service capacity price","no","\(p_m^n\to p_m\), route indicators converge for every project--developer"
"appendix-module","baseline","06_cmo_supply_demand_equilibrium.tex","147","p_m","2","p_m","candidate-or-generic","equilibrium price / candidate price","qualified manufacturing-service capacity price","no","\(p_m^n\to p_m\), route indicators converge for every project--developer"
"appendix-module","baseline","06_cmo_supply_demand_equilibrium.tex","148","x_i","1","x_i^*","optimized","control / optimized control","original-drug innovation investment / project-advancement intensity","through Omega_i only","pair except the zero-measure tie set, \(x_i^*\) is continuous through"
"appendix-module","baseline","06_cmo_supply_demand_equilibrium.tex","149","a_i","1","a_i","a_i","exogenous firm characteristic","research capability for viable planning-stage projects","no","\(\Omega_i\), and the common integrable envelope permits dominated"
"appendix-module","baseline","06_cmo_supply_demand_equilibrium.tex","149","Omega_i","1","\Omega_i","\Omega_i","endogenous firm-level object","expected optimized value per planning-stage project","indirect only","\(\Omega_i\), and the common integrable envelope permits dominated"
"appendix-module","baseline","06_cmo_supply_demand_equilibrium.tex","153","p_m","1","p_m","candidate-or-generic","equilibrium price / candidate price","qualified manufacturing-service capacity price","no","Let \(D_m^B(p_m)\) be finite, continuous, nonnegative, weakly decreasing"
"appendix-module","baseline","06_cmo_supply_demand_equilibrium.tex","158","p_m","1","p_m","candidate-or-generic","equilibrium price / candidate price","qualified manufacturing-service capacity price","no","\lim_{p_m\to\infty}D_m^B(p_m)=0."
"appendix-module","baseline","06_cmo_supply_demand_equilibrium.tex","158","p_m","2","p_m","candidate-or-generic","equilibrium price / candidate price","qualified manufacturing-service capacity price","no","\lim_{p_m\to\infty}D_m^B(p_m)=0."
"appendix-module","baseline","06_cmo_supply_demand_equilibrium.tex","163","M","1","M","M","primitive parameter","binary institutional regime","policy object","D_m(p_m;M)"
"appendix-module","baseline","06_cmo_supply_demand_equilibrium.tex","163","p_m","1","p_m","candidate-or-generic","equilibrium price / candidate price","qualified manufacturing-service capacity price","no","D_m(p_m;M)"
"appendix-module","baseline","06_cmo_supply_demand_equilibrium.tex","165","p_m","1","p_m","candidate-or-generic","equilibrium price / candidate price","qualified manufacturing-service capacity price","no","D_m^B(p_m)"
"appendix-module","baseline","06_cmo_supply_demand_equilibrium.tex","167","M","1","M","M","primitive parameter","binary institutional regime","policy object","D_m^{\mathrm{MAH}}(p_m;M)."
"appendix-module","baseline","06_cmo_supply_demand_equilibrium.tex","167","p_m","1","p_m","candidate-or-generic","equilibrium price / candidate price","qualified manufacturing-service capacity price","no","D_m^{\mathrm{MAH}}(p_m;M)."
"appendix-module","baseline","06_cmo_supply_demand_equilibrium.tex","177","M","1","M","M","primitive parameter","binary institutional regime","policy object","D_m(p_m^*;M)=S_m(p_m^*)."
"appendix-module","baseline","06_cmo_supply_demand_equilibrium.tex","177","p_m","1","p_m^*","equilibrium-starred","equilibrium price / candidate price","qualified manufacturing-service capacity price","no","D_m(p_m^*;M)=S_m(p_m^*)."
"appendix-module","baseline","06_cmo_supply_demand_equilibrium.tex","177","p_m","2","p_m^*","equilibrium-starred","equilibrium price / candidate price","qualified manufacturing-service capacity price","no","D_m(p_m^*;M)=S_m(p_m^*)."
"appendix-module","baseline","06_cmo_supply_demand_equilibrium.tex","182","M","1","M","M","primitive parameter","binary institutional regime","policy object","D_m(0;M)\geq D_m^B(0)>0=S_m(0)."
"appendix-module","baseline","06_cmo_supply_demand_equilibrium.tex","185","p_m","1","p_m","candidate-or-generic","equilibrium price / candidate price","qualified manufacturing-service capacity price","no","As \(p_m\to\infty\), \(W_i^E\to-\infty\) pointwise because"
"appendix-module","baseline","06_cmo_supply_demand_equilibrium.tex","185","W_E","1","W_i^E","W_i^E","endogenous route-level object","retained entrusted-manufacturing route value","through tau_E only","As \(p_m\to\infty\), \(W_i^E\to-\infty\) pointwise because"
"appendix-module","baseline","06_cmo_supply_demand_equilibrium.tex","186","m","1","m","m","exogenous project characteristic","manufacturing requirement/complexity","no","\(b(m)>0\), so \(\chi_i^E\to0\) and study-related demand tends to zero"
"appendix-module","baseline","06_cmo_supply_demand_equilibrium.tex","198","M","1","M","M","primitive parameter","binary institutional regime","policy object","For each regime \(M\), the equilibrium can be computed without an unresolved"
"appendix-module","baseline","06_cmo_supply_demand_equilibrium.tex","201","p_m","1","p_m","candidate-or-generic","equilibrium price / candidate price","qualified manufacturing-service capacity price","no","\item conjecture \(p_m\);"
"appendix-module","baseline","06_cmo_supply_demand_equilibrium.tex","202","M","1","M","M","primitive parameter","binary institutional regime","policy object","\item evaluate route values and deterministic \(r_i^*(q,m;M,p_m)\);"
"appendix-module","baseline","06_cmo_supply_demand_equilibrium.tex","202","m","1","m","m","exogenous project characteristic","manufacturing requirement/complexity","no","\item evaluate route values and deterministic \(r_i^*(q,m;M,p_m)\);"
"appendix-module","baseline","06_cmo_supply_demand_equilibrium.tex","202","p_m","1","p_m","candidate-or-generic","equilibrium price / candidate price","qualified manufacturing-service capacity price","no","\item evaluate route values and deterministic \(r_i^*(q,m;M,p_m)\);"
"appendix-module","baseline","06_cmo_supply_demand_equilibrium.tex","202","q","1","q","q","exogenous project characteristic","commercial/scientific value shifter","no","\item evaluate route values and deterministic \(r_i^*(q,m;M,p_m)\);"
"appendix-module","baseline","06_cmo_supply_demand_equilibrium.tex","203","a_i","1","a_i","a_i","exogenous firm characteristic","research capability for viable planning-stage projects","no","\item integrate \(\Omega_i(M,p_m)\) and compute \(x_i^*(M,p_m)\);"
"appendix-module","baseline","06_cmo_supply_demand_equilibrium.tex","203","M","1","M","M","primitive parameter","binary institutional regime","policy object","\item integrate \(\Omega_i(M,p_m)\) and compute \(x_i^*(M,p_m)\);"
"appendix-module","baseline","06_cmo_supply_demand_equilibrium.tex","203","M","2","M","M","primitive parameter","binary institutional regime","policy object","\item integrate \(\Omega_i(M,p_m)\) and compute \(x_i^*(M,p_m)\);"
"appendix-module","baseline","06_cmo_supply_demand_equilibrium.tex","203","Omega_i","1","\Omega_i","\Omega_i","endogenous firm-level object","expected optimized value per planning-stage project","indirect only","\item integrate \(\Omega_i(M,p_m)\) and compute \(x_i^*(M,p_m)\);"
"appendix-module","baseline","06_cmo_supply_demand_equilibrium.tex","203","p_m","1","p_m","candidate-or-generic","equilibrium price / candidate price","qualified manufacturing-service capacity price","no","\item integrate \(\Omega_i(M,p_m)\) and compute \(x_i^*(M,p_m)\);"
"appendix-module","baseline","06_cmo_supply_demand_equilibrium.tex","203","p_m","2","p_m","candidate-or-generic","equilibrium price / candidate price","qualified manufacturing-service capacity price","no","\item integrate \(\Omega_i(M,p_m)\) and compute \(x_i^*(M,p_m)\);"
"appendix-module","baseline","06_cmo_supply_demand_equilibrium.tex","203","x_i","1","x_i^*","optimized","control / optimized control","original-drug innovation investment / project-advancement intensity","through Omega_i only","\item integrate \(\Omega_i(M,p_m)\) and compute \(x_i^*(M,p_m)\);"
"appendix-module","baseline","06_cmo_supply_demand_equilibrium.tex","205","p_m","1","p_m","candidate-or-generic","equilibrium price / candidate price","qualified manufacturing-service capacity price","no","\item solve supplier capacity and aggregate \(S_m(p_m)\);"
"appendix-module","baseline","06_cmo_supply_demand_equilibrium.tex","206","M","1","M","M","primitive parameter","binary institutional regime","policy object","\item find the unique zero of \(D_m(p_m;M)-S_m(p_m)\)."
"appendix-module","baseline","06_cmo_supply_demand_equilibrium.tex","206","p_m","1","p_m","candidate-or-generic","equilibrium price / candidate price","qualified manufacturing-service capacity price","no","\item find the unique zero of \(D_m(p_m;M)-S_m(p_m)\)."
"appendix-module","baseline","06_cmo_supply_demand_equilibrium.tex","206","p_m","2","p_m","candidate-or-generic","equilibrium price / candidate price","qualified manufacturing-service capacity price","no","\item find the unique zero of \(D_m(p_m;M)-S_m(p_m)\)."
"appendix-module","baseline","06_cmo_supply_demand_equilibrium.tex","209","p_m","1","p_m","candidate-or-generic","equilibrium price / candidate price","qualified manufacturing-service capacity price","no","one scalar equation in \(p_m\)."
"appendix-module","baseline","06_cmo_supply_demand_equilibrium.tex","211","M","1","M","M","primitive parameter","binary institutional regime","policy object","When \(M=0\), route \(E\) is unavailable, so"
"appendix-module","baseline","06_cmo_supply_demand_equilibrium.tex","212","p_m","1","p_m","candidate-or-generic","equilibrium price / candidate price","qualified manufacturing-service capacity price","no","\(D_m^{\mathrm{MAH}}(p_m;0)=0\); background demand still supports the market."
"appendix-module","baseline","06_cmo_supply_demand_equilibrium.tex","213","M","1","M","M","primitive parameter","binary institutional regime","policy object","When \(M=1\), study demand is nonnegative and supply is unchanged. Hence the"
"appendix-module","baseline","06_cmo_supply_demand_equilibrium.tex","216","p_m","1","p_m^*","equilibrium-starred","equilibrium price / candidate price","qualified manufacturing-service capacity price","no","scarcity-price response, not a direct policy shift in \(p_m^*\) or CMO"
"appendix-module","baseline","07_equilibrium_definition.tex","5","M","1","M","M","primitive parameter","binary institutional regime","policy object","Fix the institutional regime \(M\in\{0,1\}\), the developer distribution"
"appendix-module","baseline","07_equilibrium_definition.tex","6","m","1","m","m","exogenous project characteristic","manufacturing requirement/complexity","no","\(H(a,k)\), the project distribution \(F(q,m)\), the qualified-supplier"
"appendix-module","baseline","07_equilibrium_definition.tex","6","q","1","q","q","exogenous project characteristic","commercial/scientific value shifter","no","\(H(a,k)\), the project distribution \(F(q,m)\), the qualified-supplier"
"appendix-module","baseline","07_equilibrium_definition.tex","12","p_m","1","p_m^*","equilibrium-starred","equilibrium price / candidate price","qualified manufacturing-service capacity price","no","p_m^*,\;"
"appendix-module","baseline","07_equilibrium_definition.tex","13","x_i","1","x_i^*","optimized","control / optimized control","original-drug innovation investment / project-advancement intensity","through Omega_i only","x_i^*,\;"
"appendix-module","baseline","07_equilibrium_definition.tex","14","m","1","m","m","exogenous project characteristic","manufacturing requirement/complexity","no","r_i^*(q,m),\;"
"appendix-module","baseline","07_equilibrium_definition.tex","14","q","1","q","q","exogenous project characteristic","commercial/scientific value shifter","no","r_i^*(q,m),\;"
"appendix-module","baseline","07_equilibrium_definition.tex","20","M","1","M","M","primitive parameter","binary institutional regime","policy object","The suppressed arguments are \(x_i^*=x_i^*(M,p_m^*)\),"
"appendix-module","baseline","07_equilibrium_definition.tex","20","p_m","1","p_m^*","equilibrium-starred","equilibrium price / candidate price","qualified manufacturing-service capacity price","no","The suppressed arguments are \(x_i^*=x_i^*(M,p_m^*)\),"
"appendix-module","baseline","07_equilibrium_definition.tex","20","x_i","1","x_i^*","optimized","control / optimized control","original-drug innovation investment / project-advancement intensity","through Omega_i only","The suppressed arguments are \(x_i^*=x_i^*(M,p_m^*)\),"
"appendix-module","baseline","07_equilibrium_definition.tex","20","x_i","2","x_i^*","optimized","control / optimized control","original-drug innovation investment / project-advancement intensity","through Omega_i only","The suppressed arguments are \(x_i^*=x_i^*(M,p_m^*)\),"
"appendix-module","baseline","07_equilibrium_definition.tex","21","M","1","M","M","primitive parameter","binary institutional regime","policy object","\(r_i^*(q,m)=r_i^*(q,m;M,p_m^*)\), and"
"appendix-module","baseline","07_equilibrium_definition.tex","21","m","1","m","m","exogenous project characteristic","manufacturing requirement/complexity","no","\(r_i^*(q,m)=r_i^*(q,m;M,p_m^*)\), and"
"appendix-module","baseline","07_equilibrium_definition.tex","21","m","2","m","m","exogenous project characteristic","manufacturing requirement/complexity","no","\(r_i^*(q,m)=r_i^*(q,m;M,p_m^*)\), and"
"appendix-module","baseline","07_equilibrium_definition.tex","21","p_m","1","p_m^*","equilibrium-starred","equilibrium price / candidate price","qualified manufacturing-service capacity price","no","\(r_i^*(q,m)=r_i^*(q,m;M,p_m^*)\), and"
"appendix-module","baseline","07_equilibrium_definition.tex","21","q","1","q","q","exogenous project characteristic","commercial/scientific value shifter","no","\(r_i^*(q,m)=r_i^*(q,m;M,p_m^*)\), and"
"appendix-module","baseline","07_equilibrium_definition.tex","21","q","2","q","q","exogenous project characteristic","commercial/scientific value shifter","no","\(r_i^*(q,m)=r_i^*(q,m;M,p_m^*)\), and"
"appendix-module","baseline","07_equilibrium_definition.tex","22","p_m","1","p_m^*","equilibrium-starred","equilibrium price / candidate price","qualified manufacturing-service capacity price","no","\(s_j^*=s_j^*(p_m^*,z_j)\). The collection contains exactly these four"
"appendix-module","baseline","07_equilibrium_definition.tex","31","M","1","M","M","primitive parameter","binary institutional regime","policy object","r_i^*(q,m;M,p_m^*)"
"appendix-module","baseline","07_equilibrium_definition.tex","31","m","1","m","m","exogenous project characteristic","manufacturing requirement/complexity","no","r_i^*(q,m;M,p_m^*)"
"appendix-module","baseline","07_equilibrium_definition.tex","31","p_m","1","p_m^*","equilibrium-starred","equilibrium price / candidate price","qualified manufacturing-service capacity price","no","r_i^*(q,m;M,p_m^*)"
"appendix-module","baseline","07_equilibrium_definition.tex","31","q","1","q","q","exogenous project characteristic","commercial/scientific value shifter","no","r_i^*(q,m;M,p_m^*)"
"appendix-module","baseline","07_equilibrium_definition.tex","35","m","1","m","m","exogenous project characteristic","manufacturing requirement/complexity","no","W_i^I(q,m),"
"appendix-module","baseline","07_equilibrium_definition.tex","35","q","1","q","q","exogenous project characteristic","commercial/scientific value shifter","no","W_i^I(q,m),"
"appendix-module","baseline","07_equilibrium_definition.tex","35","W_I","1","W_i^I","W_i^I","endogenous route-level object","internal-manufacturing route value","indirect only","W_i^I(q,m),"
"appendix-module","baseline","07_equilibrium_definition.tex","36","M","1","M","M","primitive parameter","binary institutional regime","policy object","W_i^E(q,m;M,p_m^*),"
"appendix-module","baseline","07_equilibrium_definition.tex","36","m","1","m","m","exogenous project characteristic","manufacturing requirement/complexity","no","W_i^E(q,m;M,p_m^*),"
"appendix-module","baseline","07_equilibrium_definition.tex","36","p_m","1","p_m^*","equilibrium-starred","equilibrium price / candidate price","qualified manufacturing-service capacity price","no","W_i^E(q,m;M,p_m^*),"
"appendix-module","baseline","07_equilibrium_definition.tex","36","q","1","q","q","exogenous project characteristic","commercial/scientific value shifter","no","W_i^E(q,m;M,p_m^*),"
"appendix-module","baseline","07_equilibrium_definition.tex","36","W_E","1","W_i^E","W_i^E","endogenous route-level object","retained entrusted-manufacturing route value","through tau_E only","W_i^E(q,m;M,p_m^*),"
"appendix-module","baseline","07_equilibrium_definition.tex","37","m","1","m","m","exogenous project characteristic","manufacturing requirement/complexity","no","W^T(q,m),"
"appendix-module","baseline","07_equilibrium_definition.tex","37","q","1","q","q","exogenous project characteristic","commercial/scientific value shifter","no","W^T(q,m),"
"appendix-module","baseline","07_equilibrium_definition.tex","37","W_T","1","W^T","W^T","endogenous route-level object","non-retained transfer-route value","no","W^T(q,m),"
"appendix-module","baseline","07_equilibrium_definition.tex","42","M","1","M","M","primitive parameter","binary institutional regime","policy object","with route \(E\) unavailable when \(M=0\). This is the deterministic Phase~4"
"appendix-module","baseline","07_equilibrium_definition.tex","48","M","1","M","M","primitive parameter","binary institutional regime","policy object","x_i^*(M,p_m^*)"
"appendix-module","baseline","07_equilibrium_definition.tex","48","p_m","1","p_m^*","equilibrium-starred","equilibrium price / candidate price","qualified manufacturing-service capacity price","no","x_i^*(M,p_m^*)"
"appendix-module","baseline","07_equilibrium_definition.tex","48","x_i","1","x_i^*","optimized","control / optimized control","original-drug innovation investment / project-advancement intensity","through Omega_i only","x_i^*(M,p_m^*)"
"appendix-module","baseline","07_equilibrium_definition.tex","51","a_i","1","a_i","a_i","exogenous firm characteristic","research capability for viable planning-stage projects","no","\frac{\beta a_i\Omega_i(M,p_m^*)}{\kappa}"
"appendix-module","baseline","07_equilibrium_definition.tex","51","a_i","2","a_i","a_i","exogenous firm characteristic","research capability for viable planning-stage projects","no","\frac{\beta a_i\Omega_i(M,p_m^*)}{\kappa}"
"appendix-module","baseline","07_equilibrium_definition.tex","51","M","1","M","M","primitive parameter","binary institutional regime","policy object","\frac{\beta a_i\Omega_i(M,p_m^*)}{\kappa}"
"appendix-module","baseline","07_equilibrium_definition.tex","51","Omega_i","1","\Omega_i","\Omega_i","endogenous firm-level object","expected optimized value per planning-stage project","indirect only","\frac{\beta a_i\Omega_i(M,p_m^*)}{\kappa}"
"appendix-module","baseline","07_equilibrium_definition.tex","51","p_m","1","p_m^*","equilibrium-starred","equilibrium price / candidate price","qualified manufacturing-service capacity price","no","\frac{\beta a_i\Omega_i(M,p_m^*)}{\kappa}"
"appendix-module","baseline","07_equilibrium_definition.tex","55","x_i","1","x_i^*","optimized","control / optimized control","original-drug innovation investment / project-advancement intensity","through Omega_i only","including the zero-value corner \(x_i^*=0\). There is no class-specific"
"appendix-module","baseline","07_equilibrium_definition.tex","61","p_m","1","p_m^*","equilibrium-starred","equilibrium price / candidate price","qualified manufacturing-service capacity price","no","s_j^*(p_m^*,z_j)"
"appendix-module","baseline","07_equilibrium_definition.tex","65","p_m","1","p_m^*","equilibrium-starred","equilibrium price / candidate price","qualified manufacturing-service capacity price","no","p_m^*s_j-\Psi(s_j;z_j)"
"appendix-module","baseline","07_equilibrium_definition.tex","73","p_m","1","p_m^*","equilibrium-starred","equilibrium price / candidate price","qualified manufacturing-service capacity price","no","The price \(p_m^*\) is the unique solution to"
"appendix-module","baseline","07_equilibrium_definition.tex","75","M","1","M","M","primitive parameter","binary institutional regime","policy object","D_m(p_m^*;M)=S_m(p_m^*)."
"appendix-module","baseline","07_equilibrium_definition.tex","75","p_m","1","p_m^*","equilibrium-starred","equilibrium price / candidate price","qualified manufacturing-service capacity price","no","D_m(p_m^*;M)=S_m(p_m^*)."
"appendix-module","baseline","07_equilibrium_definition.tex","75","p_m","2","p_m^*","equilibrium-starred","equilibrium price / candidate price","qualified manufacturing-service capacity price","no","D_m(p_m^*;M)=S_m(p_m^*)."
"appendix-module","baseline","08_comparative_statics.tex","8","p_m","1","p_m","candidate-or-generic","equilibrium price / candidate price","qualified manufacturing-service capacity price","no","candidate CMO price \(p_m\);"
"appendix-module","baseline","08_comparative_statics.tex","10","p_m","1","p_m^*","equilibrium-starred","equilibrium price / candidate price","qualified manufacturing-service capacity price","no","market clears at \(p_m^*\);"
"appendix-module","baseline","08_comparative_statics.tex","11","M","1","M","M","primitive parameter","binary institutional regime","policy object","\item a finite comparison between the binary regimes \(M=0\) and \(M=1\);"
"appendix-module","baseline","08_comparative_statics.tex","11","M","2","M","M","primitive parameter","binary institutional regime","policy object","\item a finite comparison between the binary regimes \(M=0\) and \(M=1\);"
"appendix-module","baseline","08_comparative_statics.tex","14","M","1","M","M","primitive parameter","binary institutional regime","policy object","There is no derivative with respect to binary \(M\). Before each economic"
"appendix-module","baseline","08_comparative_statics.tex","25","q","1","q","q","exogenous project characteristic","commercial/scientific value shifter","no","and commercial present value. Project value \(q\), marginal manufacturing cost"
"appendix-module","baseline","08_comparative_statics.tex","28","M","1","M","M","primitive parameter","binary institutional regime","policy object","calculations; neither \(M\) nor \(p_m^*\) is varied."
"appendix-module","baseline","08_comparative_statics.tex","28","p_m","1","p_m^*","equilibrium-starred","equilibrium price / candidate price","qualified manufacturing-service capacity price","no","calculations; neither \(M\) nor \(p_m^*\) is varied."
"appendix-module","baseline","08_comparative_statics.tex","34","q","1","q","q","exogenous project characteristic","commercial/scientific value shifter","no","\pi(q,c)"
"appendix-module","baseline","08_comparative_statics.tex","45","q","1","q","q","exogenous project characteristic","commercial/scientific value shifter","no","\frac{\partial\pi}{\partial q}"
"appendix-module","baseline","08_comparative_statics.tex","47","q","1","q","q","exogenous project characteristic","commercial/scientific value shifter","no","\frac{\pi}{q}>0,"
"appendix-module","baseline","08_comparative_statics.tex","54","q","1","q","q","exogenous project characteristic","commercial/scientific value shifter","no","Since \(R(q,c)=\pi(q,c)/(1-\beta\varphi)\),"
"appendix-module","baseline","08_comparative_statics.tex","54","q","2","q","q","exogenous project characteristic","commercial/scientific value shifter","no","Since \(R(q,c)=\pi(q,c)/(1-\beta\varphi)\),"
"appendix-module","baseline","08_comparative_statics.tex","56","q","1","q","q","exogenous project characteristic","commercial/scientific value shifter","no","R_q=\frac{R}{q}>0,"
"appendix-module","baseline","08_comparative_statics.tex","74","q","1","q","q","exogenous project characteristic","commercial/scientific value shifter","no","The signs use \(A,q,c>0\), \(\varepsilon>1\),"
"appendix-module","baseline","08_comparative_statics.tex","93","m","1","m","m","exogenous project characteristic","manufacturing requirement/complexity","no","capability cutoff. Hold \((q,m)\), all technologies and outside options fixed."
"appendix-module","baseline","08_comparative_statics.tex","93","q","1","q","q","exogenous project characteristic","commercial/scientific value shifter","no","capability cutoff. Hold \((q,m)\), all technologies and outside options fixed."
"appendix-module","baseline","08_comparative_statics.tex","94","p_m","1","p_m","candidate-or-generic","equilibrium price / candidate price","qualified manufacturing-service capacity price","no","For capability derivatives also hold finite \((\tau_E,p_m)\) fixed. For each"
"appendix-module","baseline","08_comparative_statics.tex","94","tau_E","1","\tau_E","\tau_E","primitive parameter","institutional barrier on retained entrusted route E","yes, through M only","For capability derivatives also hold finite \((\tau_E,p_m)\) fixed. For each"
"appendix-module","baseline","08_comparative_statics.tex","101","q","1","q","q","exogenous project characteristic","commercial/scientific value shifter","no","s(q)R_c(q,c_I)c_{I,k}-F_{I,k}>0."
"appendix-module","baseline","08_comparative_statics.tex","101","q","2","q","q","exogenous project characteristic","commercial/scientific value shifter","no","s(q)R_c(q,c_I)c_{I,k}-F_{I,k}>0."
"appendix-module","baseline","08_comparative_statics.tex","101","s(q)","1","s(q)","s(q)","primitive parameter/function","exogenous downstream realization probability","no","s(q)R_c(q,c_I)c_{I,k}-F_{I,k}>0."
"appendix-module","baseline","08_comparative_statics.tex","105","q","1","q","q","exogenous project characteristic","commercial/scientific value shifter","no","\(s(q)=0\); the setup-cost component is strictly positive. Under the"
"appendix-module","baseline","08_comparative_statics.tex","105","s(q)","1","s(q)","s(q)","primitive parameter/function","exogenous downstream realization probability","no","\(s(q)=0\); the setup-cost component is strictly positive. Under the"
"appendix-module","baseline","08_comparative_statics.tex","108","m","1","m","m","exogenous project characteristic","manufacturing requirement/complexity","no","\left.\frac{\partial k^*}{\partial\tau_E}\right|_{q,m,p_m}"
"appendix-module","baseline","08_comparative_statics.tex","108","p_m","1","p_m","candidate-or-generic","equilibrium price / candidate price","qualified manufacturing-service capacity price","no","\left.\frac{\partial k^*}{\partial\tau_E}\right|_{q,m,p_m}"
"appendix-module","baseline","08_comparative_statics.tex","108","q","1","q","q","exogenous project characteristic","commercial/scientific value shifter","no","\left.\frac{\partial k^*}{\partial\tau_E}\right|_{q,m,p_m}"
"appendix-module","baseline","08_comparative_statics.tex","108","tau_E","1","\tau_E","\tau_E","primitive parameter","institutional barrier on retained entrusted route E","yes, through M only","\left.\frac{\partial k^*}{\partial\tau_E}\right|_{q,m,p_m}"
"appendix-module","baseline","08_comparative_statics.tex","112","m","1","m","m","exogenous project characteristic","manufacturing requirement/complexity","no","\left.\frac{\partial k^*}{\partial p_m}\right|_{q,m,\tau_E}"
"appendix-module","baseline","08_comparative_statics.tex","112","p_m","1","p_m","candidate-or-generic","equilibrium price / candidate price","qualified manufacturing-service capacity price","no","\left.\frac{\partial k^*}{\partial p_m}\right|_{q,m,\tau_E}"
"appendix-module","baseline","08_comparative_statics.tex","112","q","1","q","q","exogenous project characteristic","commercial/scientific value shifter","no","\left.\frac{\partial k^*}{\partial p_m}\right|_{q,m,\tau_E}"
"appendix-module","baseline","08_comparative_statics.tex","112","tau_E","1","\tau_E","\tau_E","primitive parameter","institutional barrier on retained entrusted route E","yes, through M only","\left.\frac{\partial k^*}{\partial p_m}\right|_{q,m,\tau_E}"
"appendix-module","baseline","08_comparative_statics.tex","114","m","1","m","m","exogenous project characteristic","manufacturing requirement/complexity","no","-\frac{b(m)}{\Delta_{IE,k}(k^*)}<0."
"appendix-module","baseline","08_comparative_statics.tex","118","M","1","M","M","primitive parameter","binary institutional regime","policy object","They are not derivatives with respect to \(M\), and the second is not an"
"appendix-module","baseline","08_comparative_statics.tex","122","p_m","1","p_m","candidate-or-generic","equilibrium price / candidate price","qualified manufacturing-service capacity price","no","Let \(W_i^0=\max\{W_i^I,W^T,0\}\). At any fixed finite \(p_m\),"
"appendix-module","baseline","08_comparative_statics.tex","122","W_I","1","W_i^I","W_i^I","endogenous route-level object","internal-manufacturing route value","indirect only","Let \(W_i^0=\max\{W_i^I,W^T,0\}\). At any fixed finite \(p_m\),"
"appendix-module","baseline","08_comparative_statics.tex","122","W_T","1","W^T","W^T","endogenous route-level object","non-retained transfer-route value","no","Let \(W_i^0=\max\{W_i^I,W^T,0\}\). At any fixed finite \(p_m\),"
"appendix-module","baseline","08_comparative_statics.tex","124","m","1","m","m","exogenous project characteristic","manufacturing requirement/complexity","no","W_i(q,m;1,p_m)-W_i(q,m;0,p_m)"
"appendix-module","baseline","08_comparative_statics.tex","124","m","2","m","m","exogenous project characteristic","manufacturing requirement/complexity","no","W_i(q,m;1,p_m)-W_i(q,m;0,p_m)"
"appendix-module","baseline","08_comparative_statics.tex","124","p_m","1","p_m","candidate-or-generic","equilibrium price / candidate price","qualified manufacturing-service capacity price","no","W_i(q,m;1,p_m)-W_i(q,m;0,p_m)"
"appendix-module","baseline","08_comparative_statics.tex","124","p_m","2","p_m","candidate-or-generic","equilibrium price / candidate price","qualified manufacturing-service capacity price","no","W_i(q,m;1,p_m)-W_i(q,m;0,p_m)"
"appendix-module","baseline","08_comparative_statics.tex","124","q","1","q","q","exogenous project characteristic","commercial/scientific value shifter","no","W_i(q,m;1,p_m)-W_i(q,m;0,p_m)"
"appendix-module","baseline","08_comparative_statics.tex","124","q","2","q","q","exogenous project characteristic","commercial/scientific value shifter","no","W_i(q,m;1,p_m)-W_i(q,m;0,p_m)"
"appendix-module","baseline","08_comparative_statics.tex","126","m","1","m","m","exogenous project characteristic","manufacturing requirement/complexity","no","[W_i^E(q,m;1,p_m)-W_i^0(q,m)]_+\geq0."
"appendix-module","baseline","08_comparative_statics.tex","126","m","2","m","m","exogenous project characteristic","manufacturing requirement/complexity","no","[W_i^E(q,m;1,p_m)-W_i^0(q,m)]_+\geq0."
"appendix-module","baseline","08_comparative_statics.tex","126","p_m","1","p_m","candidate-or-generic","equilibrium price / candidate price","qualified manufacturing-service capacity price","no","[W_i^E(q,m;1,p_m)-W_i^0(q,m)]_+\geq0."
"appendix-module","baseline","08_comparative_statics.tex","126","q","1","q","q","exogenous project characteristic","commercial/scientific value shifter","no","[W_i^E(q,m;1,p_m)-W_i^0(q,m)]_+\geq0."
"appendix-module","baseline","08_comparative_statics.tex","126","q","2","q","q","exogenous project characteristic","commercial/scientific value shifter","no","[W_i^E(q,m;1,p_m)-W_i^0(q,m)]_+\geq0."
"appendix-module","baseline","08_comparative_statics.tex","126","W_E","1","W_i^E","W_i^E","endogenous route-level object","retained entrusted-manufacturing route value","through tau_E only","[W_i^E(q,m;1,p_m)-W_i^0(q,m)]_+\geq0."
"appendix-module","baseline","08_comparative_statics.tex","130","p_m","1","p_m","candidate-or-generic","equilibrium price / candidate price","qualified manufacturing-service capacity price","no","It is strict only on \(\mathcal C_i(p_m)\)."
"appendix-module","baseline","08_comparative_statics.tex","134","p_m","1","p_m","candidate-or-generic","equilibrium price / candidate price","qualified manufacturing-service capacity price","no","finite \((\tau_E,p_m)\), strict \(\Delta_{IE,k}>0\), and endpoint crossing."
"appendix-module","baseline","08_comparative_statics.tex","134","tau_E","1","\tau_E","\tau_E","primitive parameter","institutional barrier on retained entrusted route E","yes, through M only","finite \((\tau_E,p_m)\), strict \(\Delta_{IE,k}>0\), and endpoint crossing."
"appendix-module","baseline","08_comparative_statics.tex","137","W_E","1","W_i^E","W_i^E","endogenous route-level object","retained entrusted-manufacturing route value","through tau_E only","\(W_i^E\leq W_i^0\), the finite policy gain is zero."
"appendix-module","baseline","08_comparative_statics.tex","153","M","1","M","M","primitive parameter","binary institutional regime","policy object","x_i^*(M,p_m)"
"appendix-module","baseline","08_comparative_statics.tex","153","p_m","1","p_m","candidate-or-generic","equilibrium price / candidate price","qualified manufacturing-service capacity price","no","x_i^*(M,p_m)"
"appendix-module","baseline","08_comparative_statics.tex","153","x_i","1","x_i^*","optimized","control / optimized control","original-drug innovation investment / project-advancement intensity","through Omega_i only","x_i^*(M,p_m)"
"appendix-module","baseline","08_comparative_statics.tex","155","a_i","1","a_i","a_i","exogenous firm characteristic","research capability for viable planning-stage projects","no","\left[\frac{\beta a_i\Omega_i(M,p_m)}{\kappa}\right]^{1/\nu}."
"appendix-module","baseline","08_comparative_statics.tex","155","a_i","2","a_i","a_i","exogenous firm characteristic","research capability for viable planning-stage projects","no","\left[\frac{\beta a_i\Omega_i(M,p_m)}{\kappa}\right]^{1/\nu}."
"appendix-module","baseline","08_comparative_statics.tex","155","M","1","M","M","primitive parameter","binary institutional regime","policy object","\left[\frac{\beta a_i\Omega_i(M,p_m)}{\kappa}\right]^{1/\nu}."
"appendix-module","baseline","08_comparative_statics.tex","155","Omega_i","1","\Omega_i","\Omega_i","endogenous firm-level object","expected optimized value per planning-stage project","indirect only","\left[\frac{\beta a_i\Omega_i(M,p_m)}{\kappa}\right]^{1/\nu}."
"appendix-module","baseline","08_comparative_statics.tex","155","p_m","1","p_m","candidate-or-generic","equilibrium price / candidate price","qualified manufacturing-service capacity price","no","\left[\frac{\beta a_i\Omega_i(M,p_m)}{\kappa}\right]^{1/\nu}."
"appendix-module","baseline","08_comparative_statics.tex","157","M","1","M","M","primitive parameter","binary institutional regime","policy object","Each partial derivative below holds \(M,p_m,\nu\) and all unlisted primitives"
"appendix-module","baseline","08_comparative_statics.tex","157","p_m","1","p_m","candidate-or-generic","equilibrium price / candidate price","qualified manufacturing-service capacity price","no","Each partial derivative below holds \(M,p_m,\nu\) and all unlisted primitives"
"appendix-module","baseline","08_comparative_statics.tex","158","a_i","1","a_i","a_i","exogenous firm characteristic","research capability for viable planning-stage projects","no","fixed. In particular, route-value objects are held fixed when \(a_i\) or"
"appendix-module","baseline","08_comparative_statics.tex","159","a_i","1","a_i","a_i","exogenous firm characteristic","research capability for viable planning-stage projects","no","\(\kappa\) is varied. The formulas apply at \(\Omega_i>0\); the"
"appendix-module","baseline","08_comparative_statics.tex","159","Omega_i","1","\Omega_i","\Omega_i","endogenous firm-level object","expected optimized value per planning-stage project","indirect only","\(\kappa\) is varied. The formulas apply at \(\Omega_i>0\); the"
"appendix-module","baseline","08_comparative_statics.tex","160","a_i","1","a_i","a_i","exogenous firm characteristic","research capability for viable planning-stage projects","no","\(\Omega_i=0\) corner is handled separately."
"appendix-module","baseline","08_comparative_statics.tex","160","Omega_i","1","\Omega_i","\Omega_i","endogenous firm-level object","expected optimized value per planning-stage project","indirect only","\(\Omega_i=0\) corner is handled separately."
"appendix-module","baseline","08_comparative_statics.tex","164","a_i","1","a_i","a_i","exogenous firm characteristic","research capability for viable planning-stage projects","no","\frac{\partial x_i^*}{\partial\Omega_i}"
"appendix-module","baseline","08_comparative_statics.tex","164","Omega_i","1","\Omega_i","\Omega_i","endogenous firm-level object","expected optimized value per planning-stage project","indirect only","\frac{\partial x_i^*}{\partial\Omega_i}"
"appendix-module","baseline","08_comparative_statics.tex","164","x_i","1","x_i^*","optimized","control / optimized control","original-drug innovation investment / project-advancement intensity","through Omega_i only","\frac{\partial x_i^*}{\partial\Omega_i}"
"appendix-module","baseline","08_comparative_statics.tex","166","a_i","1","a_i","a_i","exogenous firm characteristic","research capability for viable planning-stage projects","no","\frac{x_i^*}{\nu\Omega_i}>0,"
"appendix-module","baseline","08_comparative_statics.tex","166","Omega_i","1","\Omega_i","\Omega_i","endogenous firm-level object","expected optimized value per planning-stage project","indirect only","\frac{x_i^*}{\nu\Omega_i}>0,"
"appendix-module","baseline","08_comparative_statics.tex","166","x_i","1","x_i^*","optimized","control / optimized control","original-drug innovation investment / project-advancement intensity","through Omega_i only","\frac{x_i^*}{\nu\Omega_i}>0,"
"appendix-module","baseline","08_comparative_statics.tex","168","a_i","1","a_i","a_i","exogenous firm characteristic","research capability for viable planning-stage projects","no","\frac{\partial x_i^*}{\partial a_i}"
"appendix-module","baseline","08_comparative_statics.tex","168","x_i","1","x_i^*","optimized","control / optimized control","original-drug innovation investment / project-advancement intensity","through Omega_i only","\frac{\partial x_i^*}{\partial a_i}"
"appendix-module","baseline","08_comparative_statics.tex","170","a_i","1","a_i","a_i","exogenous firm characteristic","research capability for viable planning-stage projects","no","\frac{x_i^*}{\nu a_i}>0,"
"appendix-module","baseline","08_comparative_statics.tex","170","x_i","1","x_i^*","optimized","control / optimized control","original-drug innovation investment / project-advancement intensity","through Omega_i only","\frac{x_i^*}{\nu a_i}>0,"
"appendix-module","baseline","08_comparative_statics.tex","172","x_i","1","x_i^*","optimized","control / optimized control","original-drug innovation investment / project-advancement intensity","through Omega_i only","\frac{\partial x_i^*}{\partial\kappa}"
"appendix-module","baseline","08_comparative_statics.tex","174","x_i","1","x_i^*","optimized","control / optimized control","original-drug innovation investment / project-advancement intensity","through Omega_i only","-\frac{x_i^*}{\nu\kappa}<0."
"appendix-module","baseline","08_comparative_statics.tex","179","p_m","1","p_m","candidate-or-generic","equilibrium price / candidate price","qualified manufacturing-service capacity price","no","\(\Omega_{i,p_m}=-\chi_i^E\) almost everywhere, so"
"appendix-module","baseline","08_comparative_statics.tex","181","p_m","1","p_m","candidate-or-generic","equilibrium price / candidate price","qualified manufacturing-service capacity price","no","\left.\frac{\partial x_i^*}{\partial p_m}\right|_M"
"appendix-module","baseline","08_comparative_statics.tex","181","x_i","1","x_i^*","optimized","control / optimized control","original-drug innovation investment / project-advancement intensity","through Omega_i only","\left.\frac{\partial x_i^*}{\partial p_m}\right|_M"
"appendix-module","baseline","08_comparative_statics.tex","183","a_i","1","a_i","a_i","exogenous firm characteristic","research capability for viable planning-stage projects","no","-\frac{x_i^*}{\nu\Omega_i}\chi_i^E"
"appendix-module","baseline","08_comparative_statics.tex","183","Omega_i","1","\Omega_i","\Omega_i","endogenous firm-level object","expected optimized value per planning-stage project","indirect only","-\frac{x_i^*}{\nu\Omega_i}\chi_i^E"
"appendix-module","baseline","08_comparative_statics.tex","183","x_i","1","x_i^*","optimized","control / optimized control","original-drug innovation investment / project-advancement intensity","through Omega_i only","-\frac{x_i^*}{\nu\Omega_i}\chi_i^E"
"appendix-module","baseline","08_comparative_statics.tex","189","a_i","1","a_i","a_i","exogenous firm characteristic","research capability for viable planning-stage projects","no","\(\Omega_i\)."
"appendix-module","baseline","08_comparative_statics.tex","189","Omega_i","1","\Omega_i","\Omega_i","endogenous firm-level object","expected optimized value per planning-stage project","indirect only","\(\Omega_i\)."
"appendix-module","baseline","08_comparative_statics.tex","191","M","1","M","M","primitive parameter","binary institutional regime","policy object","For binary \(M\), define at a common support price"
"appendix-module","baseline","08_comparative_statics.tex","193","a_i","1","a_i","a_i","exogenous firm characteristic","research capability for viable planning-stage projects","no","\Delta\Omega_i(p_m)"
"appendix-module","baseline","08_comparative_statics.tex","193","Omega_i","1","\Omega_i","\Omega_i","endogenous firm-level object","expected optimized value per planning-stage project","indirect only","\Delta\Omega_i(p_m)"
"appendix-module","baseline","08_comparative_statics.tex","193","p_m","1","p_m","candidate-or-generic","equilibrium price / candidate price","qualified manufacturing-service capacity price","no","\Delta\Omega_i(p_m)"
"appendix-module","baseline","08_comparative_statics.tex","195","m","1","m","m","exogenous project characteristic","manufacturing requirement/complexity","no","\int[W_i^E(q,m;1,p_m)-W_i^0(q,m)]_+\,dF."
"appendix-module","baseline","08_comparative_statics.tex","195","m","2","m","m","exogenous project characteristic","manufacturing requirement/complexity","no","\int[W_i^E(q,m;1,p_m)-W_i^0(q,m)]_+\,dF."
"appendix-module","baseline","08_comparative_statics.tex","195","p_m","1","p_m","candidate-or-generic","equilibrium price / candidate price","qualified manufacturing-service capacity price","no","\int[W_i^E(q,m;1,p_m)-W_i^0(q,m)]_+\,dF."
"appendix-module","baseline","08_comparative_statics.tex","195","q","1","q","q","exogenous project characteristic","commercial/scientific value shifter","no","\int[W_i^E(q,m;1,p_m)-W_i^0(q,m)]_+\,dF."
"appendix-module","baseline","08_comparative_statics.tex","195","q","2","q","q","exogenous project characteristic","commercial/scientific value shifter","no","\int[W_i^E(q,m;1,p_m)-W_i^0(q,m)]_+\,dF."
"appendix-module","baseline","08_comparative_statics.tex","195","W_E","1","W_i^E","W_i^E","endogenous route-level object","retained entrusted-manufacturing route value","through tau_E only","\int[W_i^E(q,m;1,p_m)-W_i^0(q,m)]_+\,dF."
"appendix-module","baseline","08_comparative_statics.tex","199","p_m","1","p_m","candidate-or-generic","equilibrium price / candidate price","qualified manufacturing-service capacity price","no","\Delta x_i(p_m)"
"appendix-module","baseline","08_comparative_statics.tex","199","x_i","1","x_i","control","control / optimized control","original-drug innovation investment / project-advancement intensity","through Omega_i only","\Delta x_i(p_m)"
"appendix-module","baseline","08_comparative_statics.tex","201","a_i","1","a_i","a_i","exogenous firm characteristic","research capability for viable planning-stage projects","no","\left(\frac{\beta a_i}{\kappa}\right)^{1/\nu}"
"appendix-module","baseline","08_comparative_statics.tex","203","a_i","1","a_i","a_i","exogenous firm characteristic","research capability for viable planning-stage projects","no","(\Omega_i^0+\Delta\Omega_i(p_m))^{1/\nu}"
"appendix-module","baseline","08_comparative_statics.tex","203","a_i","2","a_i","a_i","exogenous firm characteristic","research capability for viable planning-stage projects","no","(\Omega_i^0+\Delta\Omega_i(p_m))^{1/\nu}"
"appendix-module","baseline","08_comparative_statics.tex","203","Omega_i","1","\Omega_i","\Omega_i","endogenous firm-level object","expected optimized value per planning-stage project","indirect only","(\Omega_i^0+\Delta\Omega_i(p_m))^{1/\nu}"
"appendix-module","baseline","08_comparative_statics.tex","203","Omega_i","2","\Omega_i","\Omega_i","endogenous firm-level object","expected optimized value per planning-stage project","indirect only","(\Omega_i^0+\Delta\Omega_i(p_m))^{1/\nu}"
"appendix-module","baseline","08_comparative_statics.tex","203","p_m","1","p_m","candidate-or-generic","equilibrium price / candidate price","qualified manufacturing-service capacity price","no","(\Omega_i^0+\Delta\Omega_i(p_m))^{1/\nu}"
"appendix-module","baseline","08_comparative_statics.tex","204","a_i","1","a_i","a_i","exogenous firm characteristic","research capability for viable planning-stage projects","no","-(\Omega_i^0)^{1/\nu}"
"appendix-module","baseline","08_comparative_statics.tex","204","Omega_i","1","\Omega_i","\Omega_i","endogenous firm-level object","expected optimized value per planning-stage project","indirect only","-(\Omega_i^0)^{1/\nu}"
"appendix-module","baseline","08_comparative_statics.tex","209","a_i","1","a_i","a_i","exogenous firm characteristic","research capability for viable planning-stage projects","no","It is strict if and only if \(\Delta\Omega_i(p_m)>0\)."
"appendix-module","baseline","08_comparative_statics.tex","209","Omega_i","1","\Omega_i","\Omega_i","endogenous firm-level object","expected optimized value per planning-stage project","indirect only","It is strict if and only if \(\Delta\Omega_i(p_m)>0\)."
"appendix-module","baseline","08_comparative_statics.tex","209","p_m","1","p_m","candidate-or-generic","equilibrium price / candidate price","qualified manufacturing-service capacity price","no","It is strict if and only if \(\Delta\Omega_i(p_m)>0\)."
"appendix-module","baseline","08_comparative_statics.tex","212","a_i","1","a_i","a_i","exogenous firm characteristic","research capability for viable planning-stage projects","no","The partials require \(\Omega_i>0\). At the zero-value corner, \(x_i^*=0\);"
"appendix-module","baseline","08_comparative_statics.tex","212","Omega_i","1","\Omega_i","\Omega_i","endogenous firm-level object","expected optimized value per planning-stage project","indirect only","The partials require \(\Omega_i>0\). At the zero-value corner, \(x_i^*=0\);"
"appendix-module","baseline","08_comparative_statics.tex","212","x_i","1","x_i^*","optimized","control / optimized control","original-drug innovation investment / project-advancement intensity","through Omega_i only","The partials require \(\Omega_i>0\). At the zero-value corner, \(x_i^*=0\);"
"appendix-module","baseline","08_comparative_statics.tex","213","a_i","1","a_i","a_i","exogenous firm characteristic","research capability for viable planning-stage projects","no","global monotonicity follows directly from the closed form. Higher \(a_i\)"
"appendix-module","baseline","08_comparative_statics.tex","225","a_i","1","a_i","a_i","exogenous firm characteristic","research capability for viable planning-stage projects","no","a larger project-advancement response among high-\(a_i\) developers for which"
"appendix-module","baseline","08_comparative_statics.tex","234","p_m","1","p_m","candidate-or-generic","equilibrium price / candidate price","qualified manufacturing-service capacity price","no","For a supplier with \(p_m>0\), vary only candidate price or efficiency while"
"appendix-module","baseline","08_comparative_statics.tex","236","p_m","1","p_m","candidate-or-generic","equilibrium price / candidate price","qualified manufacturing-service capacity price","no","differentiation of \(p_m=\Psi_s(s_j^*;z_j)\) gives"
"appendix-module","baseline","08_comparative_statics.tex","238","p_m","1","p_m","candidate-or-generic","equilibrium price / candidate price","qualified manufacturing-service capacity price","no","\frac{\partial s_j^*}{\partial p_m}"
"appendix-module","baseline","08_comparative_statics.tex","253","p_m","1","p_m","candidate-or-generic","equilibrium price / candidate price","qualified manufacturing-service capacity price","no","\frac{\partial D_m^{\mathrm{MAH}}}{\partial p_m}"
"appendix-module","baseline","08_comparative_statics.tex","255","a_i","1","a_i","a_i","exogenous firm characteristic","research capability for viable planning-stage projects","no","\int a_i"
"appendix-module","baseline","08_comparative_statics.tex","257","p_m","1","p_m","candidate-or-generic","equilibrium price / candidate price","qualified manufacturing-service capacity price","no","\frac{\partial x_i^*}{\partial p_m}\chi_i^E"
"appendix-module","baseline","08_comparative_statics.tex","257","x_i","1","x_i^*","optimized","control / optimized control","original-drug innovation investment / project-advancement intensity","through Omega_i only","\frac{\partial x_i^*}{\partial p_m}\chi_i^E"
"appendix-module","baseline","08_comparative_statics.tex","259","p_m","1","p_m","candidate-or-generic","equilibrium price / candidate price","qualified manufacturing-service capacity price","no","x_i^*\frac{\partial\chi_i^E}{\partial p_m}"
"appendix-module","baseline","08_comparative_statics.tex","259","x_i","1","x_i^*","optimized","control / optimized control","original-drug innovation investment / project-advancement intensity","through Omega_i only","x_i^*\frac{\partial\chi_i^E}{\partial p_m}"
"appendix-module","baseline","08_comparative_statics.tex","273","p_m","1","p_m","candidate-or-generic","equilibrium price / candidate price","qualified manufacturing-service capacity price","no","\(Z(p_m)=D_m(p_m)-S_m(p_m)=0\) at the unique equilibrium gives"
"appendix-module","baseline","08_comparative_statics.tex","273","p_m","2","p_m","candidate-or-generic","equilibrium price / candidate price","qualified manufacturing-service capacity price","no","\(Z(p_m)=D_m(p_m)-S_m(p_m)=0\) at the unique equilibrium gives"
"appendix-module","baseline","08_comparative_statics.tex","273","p_m","3","p_m","candidate-or-generic","equilibrium price / candidate price","qualified manufacturing-service capacity price","no","\(Z(p_m)=D_m(p_m)-S_m(p_m)=0\) at the unique equilibrium gives"
"appendix-module","baseline","08_comparative_statics.tex","274","m","1","m","m","exogenous project characteristic","manufacturing requirement/complexity","no","\(S_{m,p}-D_{m,p}>0\) and"
"appendix-module","baseline","08_comparative_statics.tex","274","m","2","m","m","exogenous project characteristic","manufacturing requirement/complexity","no","\(S_{m,p}-D_{m,p}>0\) and"
"appendix-module","baseline","08_comparative_statics.tex","276","p_m","1","p_m^*","equilibrium-starred","equilibrium price / candidate price","qualified manufacturing-service capacity price","no","dp_m^*"
"appendix-module","baseline","08_comparative_statics.tex","279","m","1","m","m","exogenous project characteristic","manufacturing requirement/complexity","no","{S_{m,p}-D_{m,p}}."
"appendix-module","baseline","08_comparative_statics.tex","279","m","2","m","m","exogenous project characteristic","manufacturing requirement/complexity","no","{S_{m,p}-D_{m,p}}."
"appendix-module","baseline","08_comparative_statics.tex","284","M","1","M","M","primitive parameter","binary institutional regime","policy object","This formula is not applied to binary \(M\)."
"appendix-module","baseline","08_comparative_statics.tex","304","p_m","1","p_m","candidate-or-generic","equilibrium price / candidate price","qualified manufacturing-service capacity price","no","Let \(p_m^h=p_m^*(h)\) for \(h\in\{0,1\}\). Supply technology, the supplier"
"appendix-module","baseline","08_comparative_statics.tex","304","p_m","2","p_m^*","equilibrium-starred","equilibrium price / candidate price","qualified manufacturing-service capacity price","no","Let \(p_m^h=p_m^*(h)\) for \(h\in\{0,1\}\). Supply technology, the supplier"
"appendix-module","baseline","08_comparative_statics.tex","306","p_m","1","p_m","candidate-or-generic","equilibrium price / candidate price","qualified manufacturing-service capacity price","no","\(D_m^{\mathrm{MAH}}(p_m;0)=0\), market clearing at \(p_m^0\) implies"
"appendix-module","baseline","08_comparative_statics.tex","306","p_m","2","p_m","candidate-or-generic","equilibrium price / candidate price","qualified manufacturing-service capacity price","no","\(D_m^{\mathrm{MAH}}(p_m;0)=0\), market clearing at \(p_m^0\) implies"
"appendix-module","baseline","08_comparative_statics.tex","308","p_m","1","p_m","candidate-or-generic","equilibrium price / candidate price","qualified manufacturing-service capacity price","no","Z_1(p_m^0)=D_m^{\mathrm{MAH}}(p_m^0;1)\geq0."
"appendix-module","baseline","08_comparative_statics.tex","308","p_m","2","p_m","candidate-or-generic","equilibrium price / candidate price","qualified manufacturing-service capacity price","no","Z_1(p_m^0)=D_m^{\mathrm{MAH}}(p_m^0;1)\geq0."
"appendix-module","baseline","08_comparative_statics.tex","312","p_m","1","p_m","candidate-or-generic","equilibrium price / candidate price","qualified manufacturing-service capacity price","no","p_m^1\geq p_m^0,"
"appendix-module","baseline","08_comparative_statics.tex","312","p_m","2","p_m","candidate-or-generic","equilibrium price / candidate price","qualified manufacturing-service capacity price","no","p_m^1\geq p_m^0,"
"appendix-module","baseline","08_comparative_statics.tex","314","p_m","1","p_m","candidate-or-generic","equilibrium price / candidate price","qualified manufacturing-service capacity price","no","p_m^1>p_m^0"
"appendix-module","baseline","08_comparative_statics.tex","314","p_m","2","p_m","candidate-or-generic","equilibrium price / candidate price","qualified manufacturing-service capacity price","no","p_m^1>p_m^0"
"appendix-module","baseline","08_comparative_statics.tex","316","p_m","1","p_m","candidate-or-generic","equilibrium price / candidate price","qualified manufacturing-service capacity price","no","D_m^{\mathrm{MAH}}(p_m^0;1)>0."
"appendix-module","baseline","08_comparative_statics.tex","319","M","1","M","M","primitive parameter","binary institutional regime","policy object","No derivative with respect to \(M\) is used."
"appendix-module","baseline","08_comparative_statics.tex","323","a_i","1","a_i","a_i","exogenous firm characteristic","research capability for viable planning-stage projects","no","\Delta\Omega_i^{\mathrm{dir}}"
"appendix-module","baseline","08_comparative_statics.tex","323","Omega_i","1","\Omega_i","\Omega_i","endogenous firm-level object","expected optimized value per planning-stage project","indirect only","\Delta\Omega_i^{\mathrm{dir}}"
"appendix-module","baseline","08_comparative_statics.tex","325","m","1","m","m","exogenous project characteristic","manufacturing requirement/complexity","no","\int[W_i^E(q,m;1,p_m^0)-W_i^0(q,m)]_+\,dF,"
"appendix-module","baseline","08_comparative_statics.tex","325","m","2","m","m","exogenous project characteristic","manufacturing requirement/complexity","no","\int[W_i^E(q,m;1,p_m^0)-W_i^0(q,m)]_+\,dF,"
"appendix-module","baseline","08_comparative_statics.tex","325","p_m","1","p_m","candidate-or-generic","equilibrium price / candidate price","qualified manufacturing-service capacity price","no","\int[W_i^E(q,m;1,p_m^0)-W_i^0(q,m)]_+\,dF,"
"appendix-module","baseline","08_comparative_statics.tex","325","q","1","q","q","exogenous project characteristic","commercial/scientific value shifter","no","\int[W_i^E(q,m;1,p_m^0)-W_i^0(q,m)]_+\,dF,"
"appendix-module","baseline","08_comparative_statics.tex","325","q","2","q","q","exogenous project characteristic","commercial/scientific value shifter","no","\int[W_i^E(q,m;1,p_m^0)-W_i^0(q,m)]_+\,dF,"
"appendix-module","baseline","08_comparative_statics.tex","325","W_E","1","W_i^E","W_i^E","endogenous route-level object","retained entrusted-manufacturing route value","through tau_E only","\int[W_i^E(q,m;1,p_m^0)-W_i^0(q,m)]_+\,dF,"
"appendix-module","baseline","08_comparative_statics.tex","328","a_i","1","a_i","a_i","exogenous firm characteristic","research capability for viable planning-stage projects","no","\Delta\Omega_i^{\mathrm{eq}}"
"appendix-module","baseline","08_comparative_statics.tex","328","Omega_i","1","\Omega_i","\Omega_i","endogenous firm-level object","expected optimized value per planning-stage project","indirect only","\Delta\Omega_i^{\mathrm{eq}}"
"appendix-module","baseline","08_comparative_statics.tex","330","m","1","m","m","exogenous project characteristic","manufacturing requirement/complexity","no","\int[W_i^E(q,m;1,p_m^1)-W_i^0(q,m)]_+\,dF."
"appendix-module","baseline","08_comparative_statics.tex","330","m","2","m","m","exogenous project characteristic","manufacturing requirement/complexity","no","\int[W_i^E(q,m;1,p_m^1)-W_i^0(q,m)]_+\,dF."
"appendix-module","baseline","08_comparative_statics.tex","330","p_m","1","p_m","candidate-or-generic","equilibrium price / candidate price","qualified manufacturing-service capacity price","no","\int[W_i^E(q,m;1,p_m^1)-W_i^0(q,m)]_+\,dF."
"appendix-module","baseline","08_comparative_statics.tex","330","q","1","q","q","exogenous project characteristic","commercial/scientific value shifter","no","\int[W_i^E(q,m;1,p_m^1)-W_i^0(q,m)]_+\,dF."
"appendix-module","baseline","08_comparative_statics.tex","330","q","2","q","q","exogenous project characteristic","commercial/scientific value shifter","no","\int[W_i^E(q,m;1,p_m^1)-W_i^0(q,m)]_+\,dF."
"appendix-module","baseline","08_comparative_statics.tex","330","W_E","1","W_i^E","W_i^E","endogenous route-level object","retained entrusted-manufacturing route value","through tau_E only","\int[W_i^E(q,m;1,p_m^1)-W_i^0(q,m)]_+\,dF."
"appendix-module","baseline","08_comparative_statics.tex","332","m","1","m","m","exogenous project characteristic","manufacturing requirement/complexity","no","Because \(W_{i,p_m}^E=-b(m)<0\), the price order yields"
"appendix-module","baseline","08_comparative_statics.tex","332","p_m","1","p_m","candidate-or-generic","equilibrium price / candidate price","qualified manufacturing-service capacity price","no","Because \(W_{i,p_m}^E=-b(m)<0\), the price order yields"
"appendix-module","baseline","08_comparative_statics.tex","334","a_i","1","a_i","a_i","exogenous firm characteristic","research capability for viable planning-stage projects","no","0\leq\Delta\Omega_i^{\mathrm{eq}}"
"appendix-module","baseline","08_comparative_statics.tex","334","Omega_i","1","\Omega_i","\Omega_i","endogenous firm-level object","expected optimized value per planning-stage project","indirect only","0\leq\Delta\Omega_i^{\mathrm{eq}}"
"appendix-module","baseline","08_comparative_statics.tex","335","a_i","1","a_i","a_i","exogenous firm characteristic","research capability for viable planning-stage projects","no","\leq\Delta\Omega_i^{\mathrm{dir}}."
"appendix-module","baseline","08_comparative_statics.tex","335","Omega_i","1","\Omega_i","\Omega_i","endogenous firm-level object","expected optimized value per planning-stage project","indirect only","\leq\Delta\Omega_i^{\mathrm{dir}}."
"appendix-module","baseline","08_comparative_statics.tex","341","x_i","1","x_i","control","control / optimized control","original-drug innovation investment / project-advancement intensity","through Omega_i only","0\leq\Delta x_i^{\mathrm{eq}}"
"appendix-module","baseline","08_comparative_statics.tex","342","x_i","1","x_i","control","control / optimized control","original-drug innovation investment / project-advancement intensity","through Omega_i only","\leq\Delta x_i^{\mathrm{dir}}."
"appendix-module","baseline","08_comparative_statics.tex","349","p_m","1","p_m","candidate-or-generic","equilibrium price / candidate price","qualified manufacturing-service capacity price","no","demand at \(p_m^0\). A developer's equilibrium gain is zero when the"
"appendix-module","baseline","08_comparative_statics.tex","350","p_m","1","p_m","candidate-or-generic","equilibrium price / candidate price","qualified manufacturing-service capacity price","no","entrusted option remains below its old-route maximum at \(p_m^1\). Scarcity"
"appendix-module","baseline","08_comparative_statics.tex","367","a_i","1","a_i","a_i","exogenous firm characteristic","research capability for viable planning-stage projects","no","\(a_i\), project distributions, realization probabilities, technologies and"
"appendix-module","baseline","08_comparative_statics.tex","373","a_i","1","a_i","a_i","exogenous firm characteristic","research capability for viable planning-stage projects","no","\Delta\Lambda_i^{\mathrm{plan}}"
"appendix-module","baseline","08_comparative_statics.tex","375","a_i","1","a_i","a_i","exogenous firm characteristic","research capability for viable planning-stage projects","no","a_i\Delta x_i^{\mathrm{eq}}\geq0."
"appendix-module","baseline","08_comparative_statics.tex","375","x_i","1","x_i","control","control / optimized control","original-drug innovation investment / project-advancement intensity","through Omega_i only","a_i\Delta x_i^{\mathrm{eq}}\geq0."
"appendix-module","baseline","08_comparative_statics.tex","382","q","1","q","q","exogenous project characteristic","commercial/scientific value shifter","no","\int s(q)"
"appendix-module","baseline","08_comparative_statics.tex","382","s(q)","1","s(q)","s(q)","primitive parameter/function","exogenous downstream realization probability","no","\int s(q)"
"appendix-module","baseline","08_comparative_statics.tex","391","a_i","1","a_i","a_i","exogenous firm characteristic","research capability for viable planning-stage projects","no","a_i(x_i^1-x_i^0)Q_i^{\mathrm{ret},0}"
"appendix-module","baseline","08_comparative_statics.tex","391","x_i","1","x_i","control","control / optimized control","original-drug innovation investment / project-advancement intensity","through Omega_i only","a_i(x_i^1-x_i^0)Q_i^{\mathrm{ret},0}"
"appendix-module","baseline","08_comparative_statics.tex","391","x_i","2","x_i","control","control / optimized control","original-drug innovation investment / project-advancement intensity","through Omega_i only","a_i(x_i^1-x_i^0)Q_i^{\mathrm{ret},0}"
"appendix-module","baseline","08_comparative_statics.tex","393","a_i","1","a_i","a_i","exogenous firm characteristic","research capability for viable planning-stage projects","no","a_ix_i^1"
"appendix-module","baseline","08_comparative_statics.tex","393","x_i","1","x_i","control","control / optimized control","original-drug innovation investment / project-advancement intensity","through Omega_i only","a_ix_i^1"
"appendix-module","baseline","08_comparative_statics.tex","400","x_i","1","x_i","control","control / optimized control","original-drug innovation investment / project-advancement intensity","through Omega_i only","\(\rho_gF_g\) and the common \(x_i\), not a class-specific control."
"appendix-module","baseline","08_comparative_statics.tex","421","k_i","1","k_i","k_i","exogenous firm characteristic","internal manufacturing capability","no","\paragraph{Internal capability \(k_i\to\infty\).}"
"appendix-module","baseline","08_comparative_statics.tex","424","k_i","1","k_i","k_i","exogenous firm characteristic","internal manufacturing capability","no","condition, \(\Delta_{IE}>0\) for sufficiently large \(k_i\). This is a relative"
"appendix-module","baseline","08_comparative_statics.tex","428","k_i","1","k_i","k_i","exogenous firm characteristic","internal manufacturing capability","no","If \(k_i<\underline{k}(m)\), then \(F_I(m,k_i)=+\infty\) and"
"appendix-module","baseline","08_comparative_statics.tex","428","k_i","2","k_i","k_i","exogenous firm characteristic","internal manufacturing capability","no","If \(k_i<\underline{k}(m)\), then \(F_I(m,k_i)=+\infty\) and"
"appendix-module","baseline","08_comparative_statics.tex","428","m","1","m","m","exogenous project characteristic","manufacturing requirement/complexity","no","If \(k_i<\underline{k}(m)\), then \(F_I(m,k_i)=+\infty\) and"
"appendix-module","baseline","08_comparative_statics.tex","428","m","2","m","m","exogenous project characteristic","manufacturing requirement/complexity","no","If \(k_i<\underline{k}(m)\), then \(F_I(m,k_i)=+\infty\) and"
"appendix-module","baseline","08_comparative_statics.tex","429","W_I","1","W_i^I","W_i^I","endogenous route-level object","internal-manufacturing route value","indirect only","\(W_i^I=-\infty\). Route \(I\) is infeasible rather than merely unattractive."
"appendix-module","baseline","08_comparative_statics.tex","432","M","1","M","M","primitive parameter","binary institutional regime","policy object","When \(M=0\), \(\tau_E(0)=+\infty\), so \(W_i^E=-\infty\),"
"appendix-module","baseline","08_comparative_statics.tex","432","tau_E","1","\tau_E","\tau_E","primitive parameter","institutional barrier on retained entrusted route E","yes, through M only","When \(M=0\), \(\tau_E(0)=+\infty\), so \(W_i^E=-\infty\),"
"appendix-module","baseline","08_comparative_statics.tex","432","W_E","1","W_i^E","W_i^E","endogenous route-level object","retained entrusted-manufacturing route value","through tau_E only","When \(M=0\), \(\tau_E(0)=+\infty\), so \(W_i^E=-\infty\),"
"appendix-module","baseline","08_comparative_statics.tex","437","m","1","m","m","exogenous project characteristic","manufacturing requirement/complexity","no","Because \(b(m)>0\),"
"appendix-module","baseline","08_comparative_statics.tex","439","m","1","m","m","exogenous project characteristic","manufacturing requirement/complexity","no","\lim_{p_m\to\infty}W_i^E(q,m;1,p_m)=-\infty."
"appendix-module","baseline","08_comparative_statics.tex","439","p_m","1","p_m","candidate-or-generic","equilibrium price / candidate price","qualified manufacturing-service capacity price","no","\lim_{p_m\to\infty}W_i^E(q,m;1,p_m)=-\infty."
"appendix-module","baseline","08_comparative_statics.tex","439","p_m","2","p_m","candidate-or-generic","equilibrium price / candidate price","qualified manufacturing-service capacity price","no","\lim_{p_m\to\infty}W_i^E(q,m;1,p_m)=-\infty."
"appendix-module","baseline","08_comparative_statics.tex","439","q","1","q","q","exogenous project characteristic","commercial/scientific value shifter","no","\lim_{p_m\to\infty}W_i^E(q,m;1,p_m)=-\infty."
"appendix-module","baseline","08_comparative_statics.tex","439","W_E","1","W_i^E","W_i^E","endogenous route-level object","retained entrusted-manufacturing route value","through tau_E only","\lim_{p_m\to\infty}W_i^E(q,m;1,p_m)=-\infty."
"appendix-module","baseline","08_comparative_statics.tex","443","p_m","1","p_m","candidate-or-generic","equilibrium price / candidate price","qualified manufacturing-service capacity price","no","\lim_{p_m\to\infty}"
"appendix-module","baseline","08_comparative_statics.tex","444","m","1","m","m","exogenous project characteristic","manufacturing requirement/complexity","no","W_i(q,m;1,p_m)"
"appendix-module","baseline","08_comparative_statics.tex","444","p_m","1","p_m","candidate-or-generic","equilibrium price / candidate price","qualified manufacturing-service capacity price","no","W_i(q,m;1,p_m)"
"appendix-module","baseline","08_comparative_statics.tex","444","q","1","q","q","exogenous project characteristic","commercial/scientific value shifter","no","W_i(q,m;1,p_m)"
"appendix-module","baseline","08_comparative_statics.tex","446","m","1","m","m","exogenous project characteristic","manufacturing requirement/complexity","no","W_i^0(q,m)."
"appendix-module","baseline","08_comparative_statics.tex","446","q","1","q","q","exogenous project characteristic","commercial/scientific value shifter","no","W_i^0(q,m)."
"appendix-module","baseline","08_comparative_statics.tex","453","m","1","m","m","exogenous project characteristic","manufacturing requirement/complexity","no","If \(W_i^E(q,m;1,p_m)\leq W_i^0(q,m)\) for every draw, then"
"appendix-module","baseline","08_comparative_statics.tex","453","m","2","m","m","exogenous project characteristic","manufacturing requirement/complexity","no","If \(W_i^E(q,m;1,p_m)\leq W_i^0(q,m)\) for every draw, then"
"appendix-module","baseline","08_comparative_statics.tex","453","p_m","1","p_m","candidate-or-generic","equilibrium price / candidate price","qualified manufacturing-service capacity price","no","If \(W_i^E(q,m;1,p_m)\leq W_i^0(q,m)\) for every draw, then"
"appendix-module","baseline","08_comparative_statics.tex","453","q","1","q","q","exogenous project characteristic","commercial/scientific value shifter","no","If \(W_i^E(q,m;1,p_m)\leq W_i^0(q,m)\) for every draw, then"
"appendix-module","baseline","08_comparative_statics.tex","453","q","2","q","q","exogenous project characteristic","commercial/scientific value shifter","no","If \(W_i^E(q,m;1,p_m)\leq W_i^0(q,m)\) for every draw, then"
"appendix-module","baseline","08_comparative_statics.tex","453","W_E","1","W_i^E","W_i^E","endogenous route-level object","retained entrusted-manufacturing route value","through tau_E only","If \(W_i^E(q,m;1,p_m)\leq W_i^0(q,m)\) for every draw, then"
"appendix-module","baseline","08_comparative_statics.tex","455","a_i","1","a_i","a_i","exogenous firm characteristic","research capability for viable planning-stage projects","no","\Delta\Omega_i(p_m)=0,"
"appendix-module","baseline","08_comparative_statics.tex","455","Omega_i","1","\Omega_i","\Omega_i","endogenous firm-level object","expected optimized value per planning-stage project","indirect only","\Delta\Omega_i(p_m)=0,"
"appendix-module","baseline","08_comparative_statics.tex","455","p_m","1","p_m","candidate-or-generic","equilibrium price / candidate price","qualified manufacturing-service capacity price","no","\Delta\Omega_i(p_m)=0,"
"appendix-module","baseline","08_comparative_statics.tex","457","p_m","1","p_m","candidate-or-generic","equilibrium price / candidate price","qualified manufacturing-service capacity price","no","\Delta x_i(p_m)=0."
"appendix-module","baseline","08_comparative_statics.tex","457","x_i","1","x_i","control","control / optimized control","original-drug innovation investment / project-advancement intensity","through Omega_i only","\Delta x_i(p_m)=0."
"appendix-module","baseline","08_comparative_statics.tex","461","p_m","1","p_m","candidate-or-generic","equilibrium price / candidate price","qualified manufacturing-service capacity price","no","holds at \(p_m^1\)."
"appendix-module","baseline","08_comparative_statics.tex","465","p_m","1","p_m","candidate-or-generic","equilibrium price / candidate price","qualified manufacturing-service capacity price","no","price \(\bar p_m\) in both regimes, then"
"appendix-module","baseline","08_comparative_statics.tex","467","p_m","1","p_m","candidate-or-generic","equilibrium price / candidate price","qualified manufacturing-service capacity price","no","p_m^1=p_m^0=\bar p_m,"
"appendix-module","baseline","08_comparative_statics.tex","467","p_m","2","p_m","candidate-or-generic","equilibrium price / candidate price","qualified manufacturing-service capacity price","no","p_m^1=p_m^0=\bar p_m,"
"appendix-module","baseline","08_comparative_statics.tex","467","p_m","3","p_m","candidate-or-generic","equilibrium price / candidate price","qualified manufacturing-service capacity price","no","p_m^1=p_m^0=\bar p_m,"
"appendix-module","baseline","08_comparative_statics.tex","469","a_i","1","a_i","a_i","exogenous firm characteristic","research capability for viable planning-stage projects","no","\Delta\Omega_i^{\mathrm{eq}}=\Delta\Omega_i^{\mathrm{dir}},"
"appendix-module","baseline","08_comparative_statics.tex","469","a_i","2","a_i","a_i","exogenous firm characteristic","research capability for viable planning-stage projects","no","\Delta\Omega_i^{\mathrm{eq}}=\Delta\Omega_i^{\mathrm{dir}},"
"appendix-module","baseline","08_comparative_statics.tex","469","Omega_i","1","\Omega_i","\Omega_i","endogenous firm-level object","expected optimized value per planning-stage project","indirect only","\Delta\Omega_i^{\mathrm{eq}}=\Delta\Omega_i^{\mathrm{dir}},"
"appendix-module","baseline","08_comparative_statics.tex","469","Omega_i","2","\Omega_i","\Omega_i","endogenous firm-level object","expected optimized value per planning-stage project","indirect only","\Delta\Omega_i^{\mathrm{eq}}=\Delta\Omega_i^{\mathrm{dir}},"
"appendix-module","baseline","08_comparative_statics.tex","471","x_i","1","x_i","control","control / optimized control","original-drug innovation investment / project-advancement intensity","through Omega_i only","\Delta x_i^{\mathrm{eq}}=\Delta x_i^{\mathrm{dir}}."
"appendix-module","baseline","08_comparative_statics.tex","471","x_i","2","x_i","control","control / optimized control","original-drug innovation investment / project-advancement intensity","through Omega_i only","\Delta x_i^{\mathrm{eq}}=\Delta x_i^{\mathrm{dir}}."
"appendix-module","baseline","08_comparative_statics.tex","480","M","1","M","M","primitive parameter","binary institutional regime","policy object","x_i^*(M,p_m)"
"appendix-module","baseline","08_comparative_statics.tex","480","p_m","1","p_m","candidate-or-generic","equilibrium price / candidate price","qualified manufacturing-service capacity price","no","x_i^*(M,p_m)"
"appendix-module","baseline","08_comparative_statics.tex","480","x_i","1","x_i^*","optimized","control / optimized control","original-drug innovation investment / project-advancement intensity","through Omega_i only","x_i^*(M,p_m)"
"appendix-module","baseline","08_comparative_statics.tex","482","a_i","1","a_i","a_i","exogenous firm characteristic","research capability for viable planning-stage projects","no","\frac{\beta a_i}{\kappa}\Omega_i(M,p_m),"
"appendix-module","baseline","08_comparative_statics.tex","482","a_i","2","a_i","a_i","exogenous firm characteristic","research capability for viable planning-stage projects","no","\frac{\beta a_i}{\kappa}\Omega_i(M,p_m),"
"appendix-module","baseline","08_comparative_statics.tex","482","M","1","M","M","primitive parameter","binary institutional regime","policy object","\frac{\beta a_i}{\kappa}\Omega_i(M,p_m),"
"appendix-module","baseline","08_comparative_statics.tex","482","Omega_i","1","\Omega_i","\Omega_i","endogenous firm-level object","expected optimized value per planning-stage project","indirect only","\frac{\beta a_i}{\kappa}\Omega_i(M,p_m),"
"appendix-module","baseline","08_comparative_statics.tex","482","p_m","1","p_m","candidate-or-generic","equilibrium price / candidate price","qualified manufacturing-service capacity price","no","\frac{\beta a_i}{\kappa}\Omega_i(M,p_m),"
"appendix-module","baseline","08_comparative_statics.tex","484","x_i","1","x_i","control","control / optimized control","original-drug innovation investment / project-advancement intensity","through Omega_i only","\Delta x_i"
"appendix-module","baseline","08_comparative_statics.tex","486","a_i","1","a_i","a_i","exogenous firm characteristic","research capability for viable planning-stage projects","no","\frac{\beta a_i}{\kappa}\Delta\Omega_i."
"appendix-module","baseline","08_comparative_statics.tex","486","a_i","2","a_i","a_i","exogenous firm characteristic","research capability for viable planning-stage projects","no","\frac{\beta a_i}{\kappa}\Delta\Omega_i."
"appendix-module","baseline","08_comparative_statics.tex","486","Omega_i","1","\Omega_i","\Omega_i","endogenous firm-level object","expected optimized value per planning-stage project","indirect only","\frac{\beta a_i}{\kappa}\Delta\Omega_i."
"appendix-module","baseline","08_comparative_statics.tex","494","a_i","1","a_i","a_i","exogenous firm characteristic","research capability for viable planning-stage projects","no","\Delta\Omega_i"
"appendix-module","baseline","08_comparative_statics.tex","494","Omega_i","1","\Omega_i","\Omega_i","endogenous firm-level object","expected optimized value per planning-stage project","indirect only","\Delta\Omega_i"
"appendix-module","baseline","08_comparative_statics.tex","516","M","1","M","M","primitive parameter","binary institutional regime","policy object","M"
"appendix-module","baseline","08_comparative_statics.tex","520","a_i","1","a_i","a_i","exogenous firm characteristic","research capability for viable planning-stage projects","no","\Omega_i \\"
"appendix-module","baseline","08_comparative_statics.tex","520","Omega_i","1","\Omega_i","\Omega_i","endogenous firm-level object","expected optimized value per planning-stage project","indirect only","\Omega_i \\"
"appendix-module","baseline","08_comparative_statics.tex","522","x_i","1","x_i^*","optimized","control / optimized control","original-drug innovation investment / project-advancement intensity","through Omega_i only","x_i^*"
"appendix-module","baseline","08_required_propositions.tex","8","M","1","M","M","primitive parameter","binary institutional regime","policy object","\(M=0\) and \(M=1\); the binary regime is never differentiated."
"appendix-module","baseline","08_required_propositions.tex","8","M","2","M","M","primitive parameter","binary institutional regime","policy object","\(M=0\) and \(M=1\); the binary regime is never differentiated."
"appendix-module","baseline","08_required_propositions.tex","14","M","1","M","M","primitive parameter","binary institutional regime","policy object","Fix a project \((q,m)\), a finite institutional wedge, regime \(M=1\), and a"
"appendix-module","baseline","08_required_propositions.tex","14","m","1","m","m","exogenous project characteristic","manufacturing requirement/complexity","no","Fix a project \((q,m)\), a finite institutional wedge, regime \(M=1\), and a"
"appendix-module","baseline","08_required_propositions.tex","14","q","1","q","q","exogenous project characteristic","commercial/scientific value shifter","no","Fix a project \((q,m)\), a finite institutional wedge, regime \(M=1\), and a"
"appendix-module","baseline","08_required_propositions.tex","15","p_m","1","p_m","candidate-or-generic","equilibrium price / candidate price","qualified manufacturing-service capacity price","no","conjectured support price \(p_m<\infty\). Hold all primitives except internal"
"appendix-module","baseline","08_required_propositions.tex","16","k_i","1","k_i","k_i","exogenous firm characteristic","internal manufacturing capability","no","manufacturing capability \(k_i\) fixed. On the internally feasible domain,"
"appendix-module","baseline","08_required_propositions.tex","20","k_i","1","k_i","k_i","exogenous firm characteristic","internal manufacturing capability","no","The internal-minus-entrusted value gap is strictly increasing in \(k_i\):"
"appendix-module","baseline","08_required_propositions.tex","22","k_i","1","k_i","k_i","exogenous firm characteristic","internal manufacturing capability","no","\frac{\partial\Delta_{IE}(k_i;q,m,M,p_m)}{\partial k_i}"
"appendix-module","baseline","08_required_propositions.tex","22","k_i","2","k_i","k_i","exogenous firm characteristic","internal manufacturing capability","no","\frac{\partial\Delta_{IE}(k_i;q,m,M,p_m)}{\partial k_i}"
"appendix-module","baseline","08_required_propositions.tex","22","M","1","M","M","primitive parameter","binary institutional regime","policy object","\frac{\partial\Delta_{IE}(k_i;q,m,M,p_m)}{\partial k_i}"
"appendix-module","baseline","08_required_propositions.tex","22","m","1","m","m","exogenous project characteristic","manufacturing requirement/complexity","no","\frac{\partial\Delta_{IE}(k_i;q,m,M,p_m)}{\partial k_i}"
"appendix-module","baseline","08_required_propositions.tex","22","p_m","1","p_m","candidate-or-generic","equilibrium price / candidate price","qualified manufacturing-service capacity price","no","\frac{\partial\Delta_{IE}(k_i;q,m,M,p_m)}{\partial k_i}"
"appendix-module","baseline","08_required_propositions.tex","22","q","1","q","q","exogenous project characteristic","commercial/scientific value shifter","no","\frac{\partial\Delta_{IE}(k_i;q,m,M,p_m)}{\partial k_i}"
"appendix-module","baseline","08_required_propositions.tex","24","k_i","1","k_i","k_i","exogenous firm characteristic","internal manufacturing capability","no","s(q)R_c(q,c_I)c_{I,k}(m,k_i)-F_{I,k}(m,k_i)"
"appendix-module","baseline","08_required_propositions.tex","24","k_i","2","k_i","k_i","exogenous firm characteristic","internal manufacturing capability","no","s(q)R_c(q,c_I)c_{I,k}(m,k_i)-F_{I,k}(m,k_i)"
"appendix-module","baseline","08_required_propositions.tex","24","m","1","m","m","exogenous project characteristic","manufacturing requirement/complexity","no","s(q)R_c(q,c_I)c_{I,k}(m,k_i)-F_{I,k}(m,k_i)"
"appendix-module","baseline","08_required_propositions.tex","24","m","2","m","m","exogenous project characteristic","manufacturing requirement/complexity","no","s(q)R_c(q,c_I)c_{I,k}(m,k_i)-F_{I,k}(m,k_i)"
"appendix-module","baseline","08_required_propositions.tex","24","q","1","q","q","exogenous project characteristic","commercial/scientific value shifter","no","s(q)R_c(q,c_I)c_{I,k}(m,k_i)-F_{I,k}(m,k_i)"
"appendix-module","baseline","08_required_propositions.tex","24","q","2","q","q","exogenous project characteristic","commercial/scientific value shifter","no","s(q)R_c(q,c_I)c_{I,k}(m,k_i)-F_{I,k}(m,k_i)"
"appendix-module","baseline","08_required_propositions.tex","24","s(q)","1","s(q)","s(q)","primitive parameter/function","exogenous downstream realization probability","no","s(q)R_c(q,c_I)c_{I,k}(m,k_i)-F_{I,k}(m,k_i)"
"appendix-module","baseline","08_required_propositions.tex","29","M","1","M","M","primitive parameter","binary institutional regime","policy object","upper endpoint, there is a unique \(k^*(q,m;p_m,M)\). Conditional on both"
"appendix-module","baseline","08_required_propositions.tex","29","m","1","m","m","exogenous project characteristic","manufacturing requirement/complexity","no","upper endpoint, there is a unique \(k^*(q,m;p_m,M)\). Conditional on both"
"appendix-module","baseline","08_required_propositions.tex","29","p_m","1","p_m","candidate-or-generic","equilibrium price / candidate price","qualified manufacturing-service capacity price","no","upper endpoint, there is a unique \(k^*(q,m;p_m,M)\). Conditional on both"
"appendix-module","baseline","08_required_propositions.tex","29","q","1","q","q","exogenous project characteristic","commercial/scientific value shifter","no","upper endpoint, there is a unique \(k^*(q,m;p_m,M)\). Conditional on both"
"appendix-module","baseline","08_required_propositions.tex","37","q","1","q","q","exogenous project characteristic","commercial/scientific value shifter","no","\(s(q)=0\)), while the setup-cost term is strictly positive. Their sum is"
"appendix-module","baseline","08_required_propositions.tex","37","s(q)","1","s(q)","s(q)","primitive parameter/function","exogenous downstream realization probability","no","\(s(q)=0\)), while the setup-cost term is strictly positive. Their sum is"
"appendix-module","baseline","08_required_propositions.tex","47","k_i","1","k_i","k_i","exogenous firm characteristic","internal manufacturing capability","no","\(k_i<\underline{k}(m)\), internal production is infeasible. As"
"appendix-module","baseline","08_required_propositions.tex","47","m","1","m","m","exogenous project characteristic","manufacturing requirement/complexity","no","\(k_i<\underline{k}(m)\), internal production is infeasible. As"
"appendix-module","baseline","08_required_propositions.tex","48","k_i","1","k_i","k_i","exogenous firm characteristic","internal manufacturing capability","no","\(k_i\rightarrow\infty\), the maintained technology signs weakly favor"
"appendix-module","baseline","08_required_propositions.tex","49","M","1","M","M","primitive parameter","binary institutional regime","policy object","internal production relative to entrusted production. At \(M=0\), route \(E\)"
"appendix-module","baseline","08_required_propositions.tex","63","m","1","m","m","exogenous project characteristic","manufacturing requirement/complexity","no","Fix developer \(i\), project draw \((q,m)\), and support price \(p_m\)."
"appendix-module","baseline","08_required_propositions.tex","63","p_m","1","p_m","candidate-or-generic","equilibrium price / candidate price","qualified manufacturing-service capacity price","no","Fix developer \(i\), project draw \((q,m)\), and support price \(p_m\)."
"appendix-module","baseline","08_required_propositions.tex","63","q","1","q","q","exogenous project characteristic","commercial/scientific value shifter","no","Fix developer \(i\), project draw \((q,m)\), and support price \(p_m\)."
"appendix-module","baseline","08_required_propositions.tex","70","m","1","m","m","exogenous project characteristic","manufacturing requirement/complexity","no","W_i^0(q,m)"
"appendix-module","baseline","08_required_propositions.tex","70","q","1","q","q","exogenous project characteristic","commercial/scientific value shifter","no","W_i^0(q,m)"
"appendix-module","baseline","08_required_propositions.tex","72","m","1","m","m","exogenous project characteristic","manufacturing requirement/complexity","no","\max\{W_i^I(q,m),W^T(q,m),0\},"
"appendix-module","baseline","08_required_propositions.tex","72","m","2","m","m","exogenous project characteristic","manufacturing requirement/complexity","no","\max\{W_i^I(q,m),W^T(q,m),0\},"
"appendix-module","baseline","08_required_propositions.tex","72","q","1","q","q","exogenous project characteristic","commercial/scientific value shifter","no","\max\{W_i^I(q,m),W^T(q,m),0\},"
"appendix-module","baseline","08_required_propositions.tex","72","q","2","q","q","exogenous project characteristic","commercial/scientific value shifter","no","\max\{W_i^I(q,m),W^T(q,m),0\},"
"appendix-module","baseline","08_required_propositions.tex","72","W_I","1","W_i^I","W_i^I","endogenous route-level object","internal-manufacturing route value","indirect only","\max\{W_i^I(q,m),W^T(q,m),0\},"
"appendix-module","baseline","08_required_propositions.tex","72","W_T","1","W^T","W^T","endogenous route-level object","non-retained transfer-route value","no","\max\{W_i^I(q,m),W^T(q,m),0\},"
"appendix-module","baseline","08_required_propositions.tex","74","m","1","m","m","exogenous project characteristic","manufacturing requirement/complexity","no","W_i^1(q,m;p_m)"
"appendix-module","baseline","08_required_propositions.tex","74","p_m","1","p_m","candidate-or-generic","equilibrium price / candidate price","qualified manufacturing-service capacity price","no","W_i^1(q,m;p_m)"
"appendix-module","baseline","08_required_propositions.tex","74","q","1","q","q","exogenous project characteristic","commercial/scientific value shifter","no","W_i^1(q,m;p_m)"
"appendix-module","baseline","08_required_propositions.tex","76","m","1","m","m","exogenous project characteristic","manufacturing requirement/complexity","no","\max\{W_i^0(q,m),W_i^E(q,m;1,p_m)\}."
"appendix-module","baseline","08_required_propositions.tex","76","m","2","m","m","exogenous project characteristic","manufacturing requirement/complexity","no","\max\{W_i^0(q,m),W_i^E(q,m;1,p_m)\}."
"appendix-module","baseline","08_required_propositions.tex","76","p_m","1","p_m","candidate-or-generic","equilibrium price / candidate price","qualified manufacturing-service capacity price","no","\max\{W_i^0(q,m),W_i^E(q,m;1,p_m)\}."
"appendix-module","baseline","08_required_propositions.tex","76","q","1","q","q","exogenous project characteristic","commercial/scientific value shifter","no","\max\{W_i^0(q,m),W_i^E(q,m;1,p_m)\}."
"appendix-module","baseline","08_required_propositions.tex","76","q","2","q","q","exogenous project characteristic","commercial/scientific value shifter","no","\max\{W_i^0(q,m),W_i^E(q,m;1,p_m)\}."
"appendix-module","baseline","08_required_propositions.tex","76","W_E","1","W_i^E","W_i^E","endogenous route-level object","retained entrusted-manufacturing route value","through tau_E only","\max\{W_i^0(q,m),W_i^E(q,m;1,p_m)\}."
"appendix-module","baseline","08_required_propositions.tex","81","m","1","m","m","exogenous project characteristic","manufacturing requirement/complexity","no","W_i^1(q,m;p_m)-W_i^0(q,m)"
"appendix-module","baseline","08_required_propositions.tex","81","m","2","m","m","exogenous project characteristic","manufacturing requirement/complexity","no","W_i^1(q,m;p_m)-W_i^0(q,m)"
"appendix-module","baseline","08_required_propositions.tex","81","p_m","1","p_m","candidate-or-generic","equilibrium price / candidate price","qualified manufacturing-service capacity price","no","W_i^1(q,m;p_m)-W_i^0(q,m)"
"appendix-module","baseline","08_required_propositions.tex","81","q","1","q","q","exogenous project characteristic","commercial/scientific value shifter","no","W_i^1(q,m;p_m)-W_i^0(q,m)"
"appendix-module","baseline","08_required_propositions.tex","81","q","2","q","q","exogenous project characteristic","commercial/scientific value shifter","no","W_i^1(q,m;p_m)-W_i^0(q,m)"
"appendix-module","baseline","08_required_propositions.tex","83","m","1","m","m","exogenous project characteristic","manufacturing requirement/complexity","no","\left[W_i^E(q,m;1,p_m)-W_i^0(q,m)\right]_+."
"appendix-module","baseline","08_required_propositions.tex","83","m","2","m","m","exogenous project characteristic","manufacturing requirement/complexity","no","\left[W_i^E(q,m;1,p_m)-W_i^0(q,m)\right]_+."
"appendix-module","baseline","08_required_propositions.tex","83","p_m","1","p_m","candidate-or-generic","equilibrium price / candidate price","qualified manufacturing-service capacity price","no","\left[W_i^E(q,m;1,p_m)-W_i^0(q,m)\right]_+."
"appendix-module","baseline","08_required_propositions.tex","83","q","1","q","q","exogenous project characteristic","commercial/scientific value shifter","no","\left[W_i^E(q,m;1,p_m)-W_i^0(q,m)\right]_+."
"appendix-module","baseline","08_required_propositions.tex","83","q","2","q","q","exogenous project characteristic","commercial/scientific value shifter","no","\left[W_i^E(q,m;1,p_m)-W_i^0(q,m)\right]_+."
"appendix-module","baseline","08_required_propositions.tex","83","W_E","1","W_i^E","W_i^E","endogenous route-level object","retained entrusted-manufacturing route value","through tau_E only","\left[W_i^E(q,m;1,p_m)-W_i^0(q,m)\right]_+."
"appendix-module","baseline","08_required_propositions.tex","88","p_m","1","p_m","candidate-or-generic","equilibrium price / candidate price","qualified manufacturing-service capacity price","no","\mathcal C_i(p_m)"
"appendix-module","baseline","08_required_propositions.tex","90","m","1","m","m","exogenous project characteristic","manufacturing requirement/complexity","no","\left\{(q,m):"
"appendix-module","baseline","08_required_propositions.tex","90","q","1","q","q","exogenous project characteristic","commercial/scientific value shifter","no","\left\{(q,m):"
"appendix-module","baseline","08_required_propositions.tex","91","m","1","m","m","exogenous project characteristic","manufacturing requirement/complexity","no","W_i^E(q,m;1,p_m)>W_i^0(q,m)\right\}."
"appendix-module","baseline","08_required_propositions.tex","91","m","2","m","m","exogenous project characteristic","manufacturing requirement/complexity","no","W_i^E(q,m;1,p_m)>W_i^0(q,m)\right\}."
"appendix-module","baseline","08_required_propositions.tex","91","p_m","1","p_m","candidate-or-generic","equilibrium price / candidate price","qualified manufacturing-service capacity price","no","W_i^E(q,m;1,p_m)>W_i^0(q,m)\right\}."
"appendix-module","baseline","08_required_propositions.tex","91","q","1","q","q","exogenous project characteristic","commercial/scientific value shifter","no","W_i^E(q,m;1,p_m)>W_i^0(q,m)\right\}."
"appendix-module","baseline","08_required_propositions.tex","91","q","2","q","q","exogenous project characteristic","commercial/scientific value shifter","no","W_i^E(q,m;1,p_m)>W_i^0(q,m)\right\}."
"appendix-module","baseline","08_required_propositions.tex","91","W_E","1","W_i^E","W_i^E","endogenous route-level object","retained entrusted-manufacturing route value","through tau_E only","W_i^E(q,m;1,p_m)>W_i^0(q,m)\right\}."
"appendix-module","baseline","08_required_propositions.tex","100","W_E","1","W_i^E","W_i^E","endogenous route-level object","retained entrusted-manufacturing route value","through tau_E only","\(a=W_i^0\) and \(b=W_i^E\). The gain is strictly positive exactly where the"
"appendix-module","baseline","08_required_propositions.tex","102","p_m","1","p_m","candidate-or-generic","equilibrium price / candidate price","qualified manufacturing-service capacity price","no","\(\mathcal C_i(p_m)\)."
"appendix-module","baseline","08_required_propositions.tex","107","W_E","1","W_i^E","W_i^E","endogenous route-level object","retained entrusted-manufacturing route value","through tau_E only","price. If \(W_i^E\leq W_i^0\), the project gain is zero. If this inequality"
"appendix-module","baseline","08_required_propositions.tex","108","p_m","1","p_m","candidate-or-generic","equilibrium price / candidate price","qualified manufacturing-service capacity price","no","holds for all project draws, \(\mathcal C_i(p_m)\) is empty up to null sets."
"appendix-module","baseline","08_required_propositions.tex","109","p_m","1","p_m","candidate-or-generic","equilibrium price / candidate price","qualified manufacturing-service capacity price","no","As \(p_m\rightarrow\infty\), \(W_i^E\rightarrow-\infty\), so the old value is"
"appendix-module","baseline","08_required_propositions.tex","109","W_E","1","W_i^E","W_i^E","endogenous route-level object","retained entrusted-manufacturing route value","through tau_E only","As \(p_m\rightarrow\infty\), \(W_i^E\rightarrow-\infty\), so the old value is"
"appendix-module","baseline","08_required_propositions.tex","121","p_m","1","p_m","candidate-or-generic","equilibrium price / candidate price","qualified manufacturing-service capacity price","no","Fix a support price \(p_m\), policy-invariant primitives, and developer"
"appendix-module","baseline","08_required_propositions.tex","123","a_i","1","a_i","a_i","exogenous firm characteristic","research capability for viable planning-stage projects","no","Route values do not depend on research capability \(a_i\). For the"
"appendix-module","baseline","08_required_propositions.tex","129","a_i","1","a_i","a_i","exogenous firm characteristic","research capability for viable planning-stage projects","no","\(\Omega_i^h(p_m)=\int W_i^h(q,m;p_m)\,dF(q,m)\) for"
"appendix-module","baseline","08_required_propositions.tex","129","m","1","m","m","exogenous project characteristic","manufacturing requirement/complexity","no","\(\Omega_i^h(p_m)=\int W_i^h(q,m;p_m)\,dF(q,m)\) for"
"appendix-module","baseline","08_required_propositions.tex","129","m","2","m","m","exogenous project characteristic","manufacturing requirement/complexity","no","\(\Omega_i^h(p_m)=\int W_i^h(q,m;p_m)\,dF(q,m)\) for"
"appendix-module","baseline","08_required_propositions.tex","129","Omega_i","1","\Omega_i","\Omega_i","endogenous firm-level object","expected optimized value per planning-stage project","indirect only","\(\Omega_i^h(p_m)=\int W_i^h(q,m;p_m)\,dF(q,m)\) for"
"appendix-module","baseline","08_required_propositions.tex","129","p_m","1","p_m","candidate-or-generic","equilibrium price / candidate price","qualified manufacturing-service capacity price","no","\(\Omega_i^h(p_m)=\int W_i^h(q,m;p_m)\,dF(q,m)\) for"
"appendix-module","baseline","08_required_propositions.tex","129","p_m","2","p_m","candidate-or-generic","equilibrium price / candidate price","qualified manufacturing-service capacity price","no","\(\Omega_i^h(p_m)=\int W_i^h(q,m;p_m)\,dF(q,m)\) for"
"appendix-module","baseline","08_required_propositions.tex","129","q","1","q","q","exogenous project characteristic","commercial/scientific value shifter","no","\(\Omega_i^h(p_m)=\int W_i^h(q,m;p_m)\,dF(q,m)\) for"
"appendix-module","baseline","08_required_propositions.tex","129","q","2","q","q","exogenous project characteristic","commercial/scientific value shifter","no","\(\Omega_i^h(p_m)=\int W_i^h(q,m;p_m)\,dF(q,m)\) for"
"appendix-module","baseline","08_required_propositions.tex","130","p_m","1","p_m","candidate-or-generic","equilibrium price / candidate price","qualified manufacturing-service capacity price","no","\(h\in\{0,1\}\), with the irrelevant \(p_m\) argument suppressed for"
"appendix-module","baseline","08_required_propositions.tex","133","a_i","1","a_i","a_i","exogenous firm characteristic","research capability for viable planning-stage projects","no","\Delta\Omega_i(p_m)"
"appendix-module","baseline","08_required_propositions.tex","133","Omega_i","1","\Omega_i","\Omega_i","endogenous firm-level object","expected optimized value per planning-stage project","indirect only","\Delta\Omega_i(p_m)"
"appendix-module","baseline","08_required_propositions.tex","133","p_m","1","p_m","candidate-or-generic","equilibrium price / candidate price","qualified manufacturing-service capacity price","no","\Delta\Omega_i(p_m)"
"appendix-module","baseline","08_required_propositions.tex","135","a_i","1","a_i","a_i","exogenous firm characteristic","research capability for viable planning-stage projects","no","\Omega_i^1(p_m)-\Omega_i^0"
"appendix-module","baseline","08_required_propositions.tex","135","a_i","2","a_i","a_i","exogenous firm characteristic","research capability for viable planning-stage projects","no","\Omega_i^1(p_m)-\Omega_i^0"
"appendix-module","baseline","08_required_propositions.tex","135","Omega_i","1","\Omega_i","\Omega_i","endogenous firm-level object","expected optimized value per planning-stage project","indirect only","\Omega_i^1(p_m)-\Omega_i^0"
"appendix-module","baseline","08_required_propositions.tex","135","Omega_i","2","\Omega_i","\Omega_i","endogenous firm-level object","expected optimized value per planning-stage project","indirect only","\Omega_i^1(p_m)-\Omega_i^0"
"appendix-module","baseline","08_required_propositions.tex","135","p_m","1","p_m","candidate-or-generic","equilibrium price / candidate price","qualified manufacturing-service capacity price","no","\Omega_i^1(p_m)-\Omega_i^0"
"appendix-module","baseline","08_required_propositions.tex","138","m","1","m","m","exogenous project characteristic","manufacturing requirement/complexity","no","\left[W_i^E(q,m;1,p_m)-W_i^0(q,m)\right]_+"
"appendix-module","baseline","08_required_propositions.tex","138","m","2","m","m","exogenous project characteristic","manufacturing requirement/complexity","no","\left[W_i^E(q,m;1,p_m)-W_i^0(q,m)\right]_+"
"appendix-module","baseline","08_required_propositions.tex","138","p_m","1","p_m","candidate-or-generic","equilibrium price / candidate price","qualified manufacturing-service capacity price","no","\left[W_i^E(q,m;1,p_m)-W_i^0(q,m)\right]_+"
"appendix-module","baseline","08_required_propositions.tex","138","q","1","q","q","exogenous project characteristic","commercial/scientific value shifter","no","\left[W_i^E(q,m;1,p_m)-W_i^0(q,m)\right]_+"
"appendix-module","baseline","08_required_propositions.tex","138","q","2","q","q","exogenous project characteristic","commercial/scientific value shifter","no","\left[W_i^E(q,m;1,p_m)-W_i^0(q,m)\right]_+"
"appendix-module","baseline","08_required_propositions.tex","138","W_E","1","W_i^E","W_i^E","endogenous route-level object","retained entrusted-manufacturing route value","through tau_E only","\left[W_i^E(q,m;1,p_m)-W_i^0(q,m)\right]_+"
"appendix-module","baseline","08_required_propositions.tex","139","m","1","m","m","exogenous project characteristic","manufacturing requirement/complexity","no","dF(q,m)"
"appendix-module","baseline","08_required_propositions.tex","139","q","1","q","q","exogenous project characteristic","commercial/scientific value shifter","no","dF(q,m)"
"appendix-module","baseline","08_required_propositions.tex","145","p_m","1","p_m","candidate-or-generic","equilibrium price / candidate price","qualified manufacturing-service capacity price","no","\Delta x_i(p_m)"
"appendix-module","baseline","08_required_propositions.tex","145","x_i","1","x_i","control","control / optimized control","original-drug innovation investment / project-advancement intensity","through Omega_i only","\Delta x_i(p_m)"
"appendix-module","baseline","08_required_propositions.tex","147","a_i","1","a_i","a_i","exogenous firm characteristic","research capability for viable planning-stage projects","no","\left(\frac{\beta a_i}{\kappa}\right)^{1/\nu}"
"appendix-module","baseline","08_required_propositions.tex","149","a_i","1","a_i","a_i","exogenous firm characteristic","research capability for viable planning-stage projects","no","\left(\Omega_i^0+\Delta\Omega_i(p_m)\right)^{1/\nu}"
"appendix-module","baseline","08_required_propositions.tex","149","a_i","2","a_i","a_i","exogenous firm characteristic","research capability for viable planning-stage projects","no","\left(\Omega_i^0+\Delta\Omega_i(p_m)\right)^{1/\nu}"
"appendix-module","baseline","08_required_propositions.tex","149","Omega_i","1","\Omega_i","\Omega_i","endogenous firm-level object","expected optimized value per planning-stage project","indirect only","\left(\Omega_i^0+\Delta\Omega_i(p_m)\right)^{1/\nu}"
"appendix-module","baseline","08_required_propositions.tex","149","Omega_i","2","\Omega_i","\Omega_i","endogenous firm-level object","expected optimized value per planning-stage project","indirect only","\left(\Omega_i^0+\Delta\Omega_i(p_m)\right)^{1/\nu}"
"appendix-module","baseline","08_required_propositions.tex","149","p_m","1","p_m","candidate-or-generic","equilibrium price / candidate price","qualified manufacturing-service capacity price","no","\left(\Omega_i^0+\Delta\Omega_i(p_m)\right)^{1/\nu}"
"appendix-module","baseline","08_required_propositions.tex","151","a_i","1","a_i","a_i","exogenous firm characteristic","research capability for viable planning-stage projects","no","\left(\Omega_i^0\right)^{1/\nu}"
"appendix-module","baseline","08_required_propositions.tex","151","Omega_i","1","\Omega_i","\Omega_i","endogenous firm-level object","expected optimized value per planning-stage project","indirect only","\left(\Omega_i^0\right)^{1/\nu}"
"appendix-module","baseline","08_required_propositions.tex","157","p_m","1","p_m","candidate-or-generic","equilibrium price / candidate price","qualified manufacturing-service capacity price","no","\Delta x_i(p_m)>0"
"appendix-module","baseline","08_required_propositions.tex","157","x_i","1","x_i","control","control / optimized control","original-drug innovation investment / project-advancement intensity","through Omega_i only","\Delta x_i(p_m)>0"
"appendix-module","baseline","08_required_propositions.tex","159","a_i","1","a_i","a_i","exogenous firm characteristic","research capability for viable planning-stage projects","no","\Delta\Omega_i(p_m)>0."
"appendix-module","baseline","08_required_propositions.tex","159","Omega_i","1","\Omega_i","\Omega_i","endogenous firm-level object","expected optimized value per planning-stage project","indirect only","\Delta\Omega_i(p_m)>0."
"appendix-module","baseline","08_required_propositions.tex","159","p_m","1","p_m","candidate-or-generic","equilibrium price / candidate price","qualified manufacturing-service capacity price","no","\Delta\Omega_i(p_m)>0."
"appendix-module","baseline","08_required_propositions.tex","163","a_i","1","a_i","a_i","exogenous firm characteristic","research capability for viable planning-stage projects","no","Holding \(k_i,p_m,\Omega_i^0,\Delta\Omega_i\) and all primitives fixed, a"
"appendix-module","baseline","08_required_propositions.tex","163","a_i","2","a_i","a_i","exogenous firm characteristic","research capability for viable planning-stage projects","no","Holding \(k_i,p_m,\Omega_i^0,\Delta\Omega_i\) and all primitives fixed, a"
"appendix-module","baseline","08_required_propositions.tex","163","k_i","1","k_i","k_i","exogenous firm characteristic","internal manufacturing capability","no","Holding \(k_i,p_m,\Omega_i^0,\Delta\Omega_i\) and all primitives fixed, a"
"appendix-module","baseline","08_required_propositions.tex","163","Omega_i","1","\Omega_i","\Omega_i","endogenous firm-level object","expected optimized value per planning-stage project","indirect only","Holding \(k_i,p_m,\Omega_i^0,\Delta\Omega_i\) and all primitives fixed, a"
"appendix-module","baseline","08_required_propositions.tex","163","Omega_i","2","\Omega_i","\Omega_i","endogenous firm-level object","expected optimized value per planning-stage project","indirect only","Holding \(k_i,p_m,\Omega_i^0,\Delta\Omega_i\) and all primitives fixed, a"
"appendix-module","baseline","08_required_propositions.tex","163","p_m","1","p_m","candidate-or-generic","equilibrium price / candidate price","qualified manufacturing-service capacity price","no","Holding \(k_i,p_m,\Omega_i^0,\Delta\Omega_i\) and all primitives fixed, a"
"appendix-module","baseline","08_required_propositions.tex","166","a_i","1","a_i","a_i","exogenous firm characteristic","research capability for viable planning-stage projects","no","\frac{\partial\Delta x_i(p_m)}{\partial a_i}"
"appendix-module","baseline","08_required_propositions.tex","166","p_m","1","p_m","candidate-or-generic","equilibrium price / candidate price","qualified manufacturing-service capacity price","no","\frac{\partial\Delta x_i(p_m)}{\partial a_i}"
"appendix-module","baseline","08_required_propositions.tex","166","x_i","1","x_i","control","control / optimized control","original-drug innovation investment / project-advancement intensity","through Omega_i only","\frac{\partial\Delta x_i(p_m)}{\partial a_i}"
"appendix-module","baseline","08_required_propositions.tex","168","a_i","1","a_i","a_i","exogenous firm characteristic","research capability for viable planning-stage projects","no","\frac{\Delta x_i(p_m)}{\nu a_i}"
"appendix-module","baseline","08_required_propositions.tex","168","p_m","1","p_m","candidate-or-generic","equilibrium price / candidate price","qualified manufacturing-service capacity price","no","\frac{\Delta x_i(p_m)}{\nu a_i}"
"appendix-module","baseline","08_required_propositions.tex","168","x_i","1","x_i","control","control / optimized control","original-drug innovation investment / project-advancement intensity","through Omega_i only","\frac{\Delta x_i(p_m)}{\nu a_i}"
"appendix-module","baseline","08_required_propositions.tex","172","a_i","1","a_i","a_i","exogenous firm characteristic","research capability for viable planning-stage projects","no","Thus the level response is stronger at higher \(a_i\) whenever the"
"appendix-module","baseline","08_required_propositions.tex","176","k_i","1","k_i","k_i","exogenous firm characteristic","internal manufacturing capability","no","The internal value is nondecreasing in \(k_i\), whereas the other old route"
"appendix-module","baseline","08_required_propositions.tex","177","k_i","1","k_i","k_i","exogenous firm characteristic","internal manufacturing capability","no","values and entrusted value are independent of \(k_i\). Therefore"
"appendix-module","baseline","08_required_propositions.tex","178","a_i","1","a_i","a_i","exogenous firm characteristic","research capability for viable planning-stage projects","no","\(\Omega_i^0(k_i)\) is nondecreasing and"
"appendix-module","baseline","08_required_propositions.tex","178","k_i","1","k_i","k_i","exogenous firm characteristic","internal manufacturing capability","no","\(\Omega_i^0(k_i)\) is nondecreasing and"
"appendix-module","baseline","08_required_propositions.tex","178","Omega_i","1","\Omega_i","\Omega_i","endogenous firm-level object","expected optimized value per planning-stage project","indirect only","\(\Omega_i^0(k_i)\) is nondecreasing and"
"appendix-module","baseline","08_required_propositions.tex","179","a_i","1","a_i","a_i","exogenous firm characteristic","research capability for viable planning-stage projects","no","\(\Delta\Omega_i(k_i;p_m)\) is nonincreasing. When \(\nu\geq1\),"
"appendix-module","baseline","08_required_propositions.tex","179","k_i","1","k_i","k_i","exogenous firm characteristic","internal manufacturing capability","no","\(\Delta\Omega_i(k_i;p_m)\) is nonincreasing. When \(\nu\geq1\),"
"appendix-module","baseline","08_required_propositions.tex","179","Omega_i","1","\Omega_i","\Omega_i","endogenous firm-level object","expected optimized value per planning-stage project","indirect only","\(\Delta\Omega_i(k_i;p_m)\) is nonincreasing. When \(\nu\geq1\),"
"appendix-module","baseline","08_required_propositions.tex","179","p_m","1","p_m","candidate-or-generic","equilibrium price / candidate price","qualified manufacturing-service capacity price","no","\(\Delta\Omega_i(k_i;p_m)\) is nonincreasing. When \(\nu\geq1\),"
"appendix-module","baseline","08_required_propositions.tex","182","a_i","1","a_i","a_i","exogenous firm characteristic","research capability for viable planning-stage projects","no","Applying this result to \(u=\Omega_i^0(k_i)\) and"
"appendix-module","baseline","08_required_propositions.tex","182","k_i","1","k_i","k_i","exogenous firm characteristic","internal manufacturing capability","no","Applying this result to \(u=\Omega_i^0(k_i)\) and"
"appendix-module","baseline","08_required_propositions.tex","182","Omega_i","1","\Omega_i","\Omega_i","endogenous firm-level object","expected optimized value per planning-stage project","indirect only","Applying this result to \(u=\Omega_i^0(k_i)\) and"
"appendix-module","baseline","08_required_propositions.tex","183","a_i","1","a_i","a_i","exogenous firm characteristic","research capability for viable planning-stage projects","no","\(d=\Delta\Omega_i(k_i;p_m)\) yields"
"appendix-module","baseline","08_required_propositions.tex","183","k_i","1","k_i","k_i","exogenous firm characteristic","internal manufacturing capability","no","\(d=\Delta\Omega_i(k_i;p_m)\) yields"
"appendix-module","baseline","08_required_propositions.tex","183","Omega_i","1","\Omega_i","\Omega_i","endogenous firm-level object","expected optimized value per planning-stage project","indirect only","\(d=\Delta\Omega_i(k_i;p_m)\) yields"
"appendix-module","baseline","08_required_propositions.tex","183","p_m","1","p_m","candidate-or-generic","equilibrium price / candidate price","qualified manufacturing-service capacity price","no","\(d=\Delta\Omega_i(k_i;p_m)\) yields"
"appendix-module","baseline","08_required_propositions.tex","185","k_i","1","k_i","k_i","exogenous firm characteristic","internal manufacturing capability","no","k_i'\geq k_i"
"appendix-module","baseline","08_required_propositions.tex","185","k_i","2","k_i","k_i","exogenous firm characteristic","internal manufacturing capability","no","k_i'\geq k_i"
"appendix-module","baseline","08_required_propositions.tex","187","k_i","1","k_i","k_i","exogenous firm characteristic","internal manufacturing capability","no","\Delta x_i(k_i';p_m)"
"appendix-module","baseline","08_required_propositions.tex","187","p_m","1","p_m","candidate-or-generic","equilibrium price / candidate price","qualified manufacturing-service capacity price","no","\Delta x_i(k_i';p_m)"
"appendix-module","baseline","08_required_propositions.tex","187","x_i","1","x_i","control","control / optimized control","original-drug innovation investment / project-advancement intensity","through Omega_i only","\Delta x_i(k_i';p_m)"
"appendix-module","baseline","08_required_propositions.tex","189","k_i","1","k_i","k_i","exogenous firm characteristic","internal manufacturing capability","no","\Delta x_i(k_i;p_m),"
"appendix-module","baseline","08_required_propositions.tex","189","p_m","1","p_m","candidate-or-generic","equilibrium price / candidate price","qualified manufacturing-service capacity price","no","\Delta x_i(k_i;p_m),"
"appendix-module","baseline","08_required_propositions.tex","189","x_i","1","x_i","control","control / optimized control","original-drug innovation investment / project-advancement intensity","through Omega_i only","\Delta x_i(k_i;p_m),"
"appendix-module","baseline","08_required_propositions.tex","200","a_i","1","a_i","a_i","exogenous firm characteristic","research capability for viable planning-stage projects","no","\(\Delta\Omega_i=\Delta x_i=0\). At \(\nu=1\),"
"appendix-module","baseline","08_required_propositions.tex","200","Omega_i","1","\Omega_i","\Omega_i","endogenous firm-level object","expected optimized value per planning-stage project","indirect only","\(\Delta\Omega_i=\Delta x_i=0\). At \(\nu=1\),"
"appendix-module","baseline","08_required_propositions.tex","200","x_i","1","x_i","control","control / optimized control","original-drug innovation investment / project-advancement intensity","through Omega_i only","\(\Delta\Omega_i=\Delta x_i=0\). At \(\nu=1\),"
"appendix-module","baseline","08_required_propositions.tex","202","a_i","1","a_i","a_i","exogenous firm characteristic","research capability for viable planning-stage projects","no","x_i^*=\frac{\beta a_i}{\kappa}\Omega_i,"
"appendix-module","baseline","08_required_propositions.tex","202","a_i","2","a_i","a_i","exogenous firm characteristic","research capability for viable planning-stage projects","no","x_i^*=\frac{\beta a_i}{\kappa}\Omega_i,"
"appendix-module","baseline","08_required_propositions.tex","202","Omega_i","1","\Omega_i","\Omega_i","endogenous firm-level object","expected optimized value per planning-stage project","indirect only","x_i^*=\frac{\beta a_i}{\kappa}\Omega_i,"
"appendix-module","baseline","08_required_propositions.tex","202","x_i","1","x_i^*","optimized","control / optimized control","original-drug innovation investment / project-advancement intensity","through Omega_i only","x_i^*=\frac{\beta a_i}{\kappa}\Omega_i,"
"appendix-module","baseline","08_required_propositions.tex","204","a_i","1","a_i","a_i","exogenous firm characteristic","research capability for viable planning-stage projects","no","\Delta x_i=\frac{\beta a_i}{\kappa}\Delta\Omega_i,"
"appendix-module","baseline","08_required_propositions.tex","204","a_i","2","a_i","a_i","exogenous firm characteristic","research capability for viable planning-stage projects","no","\Delta x_i=\frac{\beta a_i}{\kappa}\Delta\Omega_i,"
"appendix-module","baseline","08_required_propositions.tex","204","Omega_i","1","\Omega_i","\Omega_i","endogenous firm-level object","expected optimized value per planning-stage project","indirect only","\Delta x_i=\frac{\beta a_i}{\kappa}\Delta\Omega_i,"
"appendix-module","baseline","08_required_propositions.tex","204","x_i","1","x_i","control","control / optimized control","original-drug innovation investment / project-advancement intensity","through Omega_i only","\Delta x_i=\frac{\beta a_i}{\kappa}\Delta\Omega_i,"
"appendix-module","baseline","08_required_propositions.tex","207","a_i","1","a_i","a_i","exogenous firm characteristic","research capability for viable planning-stage projects","no","gain. A high \(a_i\) does not create a response when the value gain is zero."
"appendix-module","baseline","08_required_propositions.tex","213","a_i","1","a_i","a_i","exogenous firm characteristic","research capability for viable planning-stage projects","no","The resulting response is strongest for high-\(a_i\), low- or"
"appendix-module","baseline","08_required_propositions.tex","214","k_i","1","k_i","k_i","exogenous firm characteristic","internal manufacturing capability","no","intermediate-\(k_i\) developers under the stated curvature condition. This"
"appendix-module","baseline","08_required_propositions.tex","222","p_m","1","p_m","candidate-or-generic","equilibrium price / candidate price","qualified manufacturing-service capacity price","no","Fix developer \(i\) and support price \(p_m\). The class"
"appendix-module","baseline","08_required_propositions.tex","224","x_i","1","x_i","control","control / optimized control","original-drug innovation investment / project-advancement intensity","through Omega_i only","The same \(x_i\) applies to both classes."
"appendix-module","baseline","08_required_propositions.tex","229","W_E","1","W_i^E","W_i^E","endogenous route-level object","retained entrusted-manufacturing route value","through tau_E only","\(\Omega_{ig}^1=E_{F_g}[\max\{W_i^0,W_i^E\}]\). Then"
"appendix-module","baseline","08_required_propositions.tex","235","W_E","1","W_i^E","W_i^E","endogenous route-level object","retained entrusted-manufacturing route value","through tau_E only","\left(W_i^E-W_i^0\right)_+"
"appendix-module","baseline","08_required_propositions.tex","238","a_i","1","a_i","a_i","exogenous firm characteristic","research capability for viable planning-stage projects","no","\Delta\Omega_i"
"appendix-module","baseline","08_required_propositions.tex","238","Omega_i","1","\Omega_i","\Omega_i","endogenous firm-level object","expected optimized value per planning-stage project","indirect only","\Delta\Omega_i"
"appendix-module","baseline","08_required_propositions.tex","266","M","1","M","M","primitive parameter","binary institutional regime","policy object","Fix \(M\) and all exogenous distributions and primitives. Use the Phase~6"
"appendix-module","baseline","08_required_propositions.tex","273","M","1","M","M","primitive parameter","binary institutional regime","policy object","\(p_m^*(M)>0\)."
"appendix-module","baseline","08_required_propositions.tex","273","p_m","1","p_m^*","equilibrium-starred","equilibrium price / candidate price","qualified manufacturing-service capacity price","no","\(p_m^*(M)>0\)."
"appendix-module","baseline","08_required_propositions.tex","278","p_m","1","p_m","candidate-or-generic","equilibrium price / candidate price","qualified manufacturing-service capacity price","no","Z_M(p_m)"
"appendix-module","baseline","08_required_propositions.tex","280","M","1","M","M","primitive parameter","binary institutional regime","policy object","D_m(p_m;M)-S_m(p_m)."
"appendix-module","baseline","08_required_propositions.tex","280","p_m","1","p_m","candidate-or-generic","equilibrium price / candidate price","qualified manufacturing-service capacity price","no","D_m(p_m;M)-S_m(p_m)."
"appendix-module","baseline","08_required_propositions.tex","280","p_m","2","p_m","candidate-or-generic","equilibrium price / candidate price","qualified manufacturing-service capacity price","no","D_m(p_m;M)-S_m(p_m)."
"appendix-module","baseline","08_required_propositions.tex","285","p_m","1","p_m","candidate-or-generic","equilibrium price / candidate price","qualified manufacturing-service capacity price","no","zero and supply is unbounded, so \(Z_M(p_m)<0\). The intermediate value"
"appendix-module","baseline","08_required_propositions.tex","291","M","1","M","M","primitive parameter","binary institutional regime","policy object","flat regions. At \(M=0\), study-related entrusted demand is zero, but"
"appendix-module","baseline","08_required_propositions.tex","305","p_m","1","p_m","candidate-or-generic","equilibrium price / candidate price","qualified manufacturing-service capacity price","no","Let \(p_m^0=p_m^*(0)\) and \(p_m^1=p_m^*(1)\). Hold qualified-supply"
"appendix-module","baseline","08_required_propositions.tex","305","p_m","2","p_m^*","equilibrium-starred","equilibrium price / candidate price","qualified manufacturing-service capacity price","no","Let \(p_m^0=p_m^*(0)\) and \(p_m^1=p_m^*(1)\). Hold qualified-supply"
"appendix-module","baseline","08_required_propositions.tex","305","p_m","3","p_m","candidate-or-generic","equilibrium price / candidate price","qualified manufacturing-service capacity price","no","Let \(p_m^0=p_m^*(0)\) and \(p_m^1=p_m^*(1)\). Hold qualified-supply"
"appendix-module","baseline","08_required_propositions.tex","305","p_m","4","p_m^*","equilibrium-starred","equilibrium price / candidate price","qualified manufacturing-service capacity price","no","Let \(p_m^0=p_m^*(0)\) and \(p_m^1=p_m^*(1)\). Hold qualified-supply"
"appendix-module","baseline","08_required_propositions.tex","313","p_m","1","p_m","candidate-or-generic","equilibrium price / candidate price","qualified manufacturing-service capacity price","no","Z_1(p_m^0)"
"appendix-module","baseline","08_required_propositions.tex","315","p_m","1","p_m","candidate-or-generic","equilibrium price / candidate price","qualified manufacturing-service capacity price","no","D_m^{\mathrm{MAH}}(p_m^0;1)"
"appendix-module","baseline","08_required_propositions.tex","318","p_m","1","p_m","candidate-or-generic","equilibrium price / candidate price","qualified manufacturing-service capacity price","no","because background demand equals supply at \(p_m^0\). Since \(Z_1\) is"
"appendix-module","baseline","08_required_propositions.tex","319","p_m","1","p_m","candidate-or-generic","equilibrium price / candidate price","qualified manufacturing-service capacity price","no","strictly decreasing and vanishes at \(p_m^1\),"
"appendix-module","baseline","08_required_propositions.tex","321","p_m","1","p_m","candidate-or-generic","equilibrium price / candidate price","qualified manufacturing-service capacity price","no","p_m^1\geq p_m^0,"
"appendix-module","baseline","08_required_propositions.tex","321","p_m","2","p_m","candidate-or-generic","equilibrium price / candidate price","qualified manufacturing-service capacity price","no","p_m^1\geq p_m^0,"
"appendix-module","baseline","08_required_propositions.tex","323","p_m","1","p_m","candidate-or-generic","equilibrium price / candidate price","qualified manufacturing-service capacity price","no","D_m^{\mathrm{MAH}}(p_m^0;1)>0."
"appendix-module","baseline","08_required_propositions.tex","330","a_i","1","a_i","a_i","exogenous firm characteristic","research capability for viable planning-stage projects","no","\Delta\Omega_i^{\mathrm{dir}}"
"appendix-module","baseline","08_required_propositions.tex","330","Omega_i","1","\Omega_i","\Omega_i","endogenous firm-level object","expected optimized value per planning-stage project","indirect only","\Delta\Omega_i^{\mathrm{dir}}"
"appendix-module","baseline","08_required_propositions.tex","333","m","1","m","m","exogenous project characteristic","manufacturing requirement/complexity","no","[W_i^E(q,m;1,p_m^0)-W_i^0(q,m)]_+"
"appendix-module","baseline","08_required_propositions.tex","333","m","2","m","m","exogenous project characteristic","manufacturing requirement/complexity","no","[W_i^E(q,m;1,p_m^0)-W_i^0(q,m)]_+"
"appendix-module","baseline","08_required_propositions.tex","333","p_m","1","p_m","candidate-or-generic","equilibrium price / candidate price","qualified manufacturing-service capacity price","no","[W_i^E(q,m;1,p_m^0)-W_i^0(q,m)]_+"
"appendix-module","baseline","08_required_propositions.tex","333","q","1","q","q","exogenous project characteristic","commercial/scientific value shifter","no","[W_i^E(q,m;1,p_m^0)-W_i^0(q,m)]_+"
"appendix-module","baseline","08_required_propositions.tex","333","q","2","q","q","exogenous project characteristic","commercial/scientific value shifter","no","[W_i^E(q,m;1,p_m^0)-W_i^0(q,m)]_+"
"appendix-module","baseline","08_required_propositions.tex","333","W_E","1","W_i^E","W_i^E","endogenous route-level object","retained entrusted-manufacturing route value","through tau_E only","[W_i^E(q,m;1,p_m^0)-W_i^0(q,m)]_+"
"appendix-module","baseline","08_required_propositions.tex","337","a_i","1","a_i","a_i","exogenous firm characteristic","research capability for viable planning-stage projects","no","\Delta\Omega_i^{\mathrm{eq}}"
"appendix-module","baseline","08_required_propositions.tex","337","Omega_i","1","\Omega_i","\Omega_i","endogenous firm-level object","expected optimized value per planning-stage project","indirect only","\Delta\Omega_i^{\mathrm{eq}}"
"appendix-module","baseline","08_required_propositions.tex","340","m","1","m","m","exogenous project characteristic","manufacturing requirement/complexity","no","[W_i^E(q,m;1,p_m^1)-W_i^0(q,m)]_+"
"appendix-module","baseline","08_required_propositions.tex","340","m","2","m","m","exogenous project characteristic","manufacturing requirement/complexity","no","[W_i^E(q,m;1,p_m^1)-W_i^0(q,m)]_+"
"appendix-module","baseline","08_required_propositions.tex","340","p_m","1","p_m","candidate-or-generic","equilibrium price / candidate price","qualified manufacturing-service capacity price","no","[W_i^E(q,m;1,p_m^1)-W_i^0(q,m)]_+"
"appendix-module","baseline","08_required_propositions.tex","340","q","1","q","q","exogenous project characteristic","commercial/scientific value shifter","no","[W_i^E(q,m;1,p_m^1)-W_i^0(q,m)]_+"
"appendix-module","baseline","08_required_propositions.tex","340","q","2","q","q","exogenous project characteristic","commercial/scientific value shifter","no","[W_i^E(q,m;1,p_m^1)-W_i^0(q,m)]_+"
"appendix-module","baseline","08_required_propositions.tex","340","W_E","1","W_i^E","W_i^E","endogenous route-level object","retained entrusted-manufacturing route value","through tau_E only","[W_i^E(q,m;1,p_m^1)-W_i^0(q,m)]_+"
"appendix-module","baseline","08_required_propositions.tex","343","m","1","m","m","exogenous project characteristic","manufacturing requirement/complexity","no","Since \(W_{i,p_m}^E=-b(m)<0\) and"
"appendix-module","baseline","08_required_propositions.tex","343","p_m","1","p_m","candidate-or-generic","equilibrium price / candidate price","qualified manufacturing-service capacity price","no","Since \(W_{i,p_m}^E=-b(m)<0\) and"
"appendix-module","baseline","08_required_propositions.tex","344","p_m","1","p_m","candidate-or-generic","equilibrium price / candidate price","qualified manufacturing-service capacity price","no","\(p_m^1\geq p_m^0\), the integrand in the equilibrium expression is"
"appendix-module","baseline","08_required_propositions.tex","344","p_m","2","p_m","candidate-or-generic","equilibrium price / candidate price","qualified manufacturing-service capacity price","no","\(p_m^1\geq p_m^0\), the integrand in the equilibrium expression is"
"appendix-module","baseline","08_required_propositions.tex","349","a_i","1","a_i","a_i","exogenous firm characteristic","research capability for viable planning-stage projects","no","\Delta\Omega_i^{\mathrm{eq}}"
"appendix-module","baseline","08_required_propositions.tex","349","Omega_i","1","\Omega_i","\Omega_i","endogenous firm-level object","expected optimized value per planning-stage project","indirect only","\Delta\Omega_i^{\mathrm{eq}}"
"appendix-module","baseline","08_required_propositions.tex","351","a_i","1","a_i","a_i","exogenous firm characteristic","research capability for viable planning-stage projects","no","\Delta\Omega_i^{\mathrm{dir}}."
"appendix-module","baseline","08_required_propositions.tex","351","Omega_i","1","\Omega_i","\Omega_i","endogenous firm-level object","expected optimized value per planning-stage project","indirect only","\Delta\Omega_i^{\mathrm{dir}}."
"appendix-module","baseline","08_required_propositions.tex","356","a_i","1","a_i","a_i","exogenous firm characteristic","research capability for viable planning-stage projects","no","For a fixed pre-MAH value \(\Omega_i^0\), the mapping"
"appendix-module","baseline","08_required_propositions.tex","356","Omega_i","1","\Omega_i","\Omega_i","endogenous firm-level object","expected optimized value per planning-stage project","indirect only","For a fixed pre-MAH value \(\Omega_i^0\), the mapping"
"appendix-module","baseline","08_required_propositions.tex","359","a_i","1","a_i","a_i","exogenous firm characteristic","research capability for viable planning-stage projects","no","\left(\frac{\beta a_i}{\kappa}\right)^{1/\nu}"
"appendix-module","baseline","08_required_propositions.tex","360","a_i","1","a_i","a_i","exogenous firm characteristic","research capability for viable planning-stage projects","no","[(\Omega_i^0+d)^{1/\nu}-(\Omega_i^0)^{1/\nu}]"
"appendix-module","baseline","08_required_propositions.tex","360","a_i","2","a_i","a_i","exogenous firm characteristic","research capability for viable planning-stage projects","no","[(\Omega_i^0+d)^{1/\nu}-(\Omega_i^0)^{1/\nu}]"
"appendix-module","baseline","08_required_propositions.tex","360","Omega_i","1","\Omega_i","\Omega_i","endogenous firm-level object","expected optimized value per planning-stage project","indirect only","[(\Omega_i^0+d)^{1/\nu}-(\Omega_i^0)^{1/\nu}]"
"appendix-module","baseline","08_required_propositions.tex","360","Omega_i","2","\Omega_i","\Omega_i","endogenous firm-level object","expected optimized value per planning-stage project","indirect only","[(\Omega_i^0+d)^{1/\nu}-(\Omega_i^0)^{1/\nu}]"
"appendix-module","baseline","08_required_propositions.tex","366","x_i","1","x_i","control","control / optimized control","original-drug innovation investment / project-advancement intensity","through Omega_i only","\Delta x_i^{\mathrm{eq}}"
"appendix-module","baseline","08_required_propositions.tex","368","x_i","1","x_i","control","control / optimized control","original-drug innovation investment / project-advancement intensity","through Omega_i only","\Delta x_i^{\mathrm{dir}}."
"appendix-module","baseline","08_required_propositions.tex","373","p_m","1","p_m","candidate-or-generic","equilibrium price / candidate price","qualified manufacturing-service capacity price","no","If study demand is zero at \(p_m^0\), the price need not rise. If supply is"
"appendix-module","baseline","08_required_propositions.tex","374","p_m","1","p_m","candidate-or-generic","equilibrium price / candidate price","qualified manufacturing-service capacity price","no","perfectly elastic at a common \(\bar p_m\), then"
"appendix-module","baseline","08_required_propositions.tex","375","p_m","1","p_m","candidate-or-generic","equilibrium price / candidate price","qualified manufacturing-service capacity price","no","\(p_m^1=p_m^0=\bar p_m\) and attenuation disappears. If a high equilibrium"
"appendix-module","baseline","08_required_propositions.tex","375","p_m","2","p_m","candidate-or-generic","equilibrium price / candidate price","qualified manufacturing-service capacity price","no","\(p_m^1=p_m^0=\bar p_m\) and attenuation disappears. If a high equilibrium"
"appendix-module","baseline","08_required_propositions.tex","375","p_m","3","p_m","candidate-or-generic","equilibrium price / candidate price","qualified manufacturing-service capacity price","no","\(p_m^1=p_m^0=\bar p_m\) and attenuation disappears. If a high equilibrium"
"appendix-module","baseline","08_required_propositions.tex","391","x_i","1","x_i^*","optimized","control / optimized control","original-drug innovation investment / project-advancement intensity","through Omega_i only","Fix a regime and its equilibrium objects. The common \(x_i^*\) is selected"
"appendix-module","baseline","08_required_propositions.tex","393","q","1","q","q","exogenous project characteristic","commercial/scientific value shifter","no","probabilities \(s(q)\) and \(s_g(q)\) are exogenous and policy invariant."
"appendix-module","baseline","08_required_propositions.tex","393","q","2","q","q","exogenous project characteristic","commercial/scientific value shifter","no","probabilities \(s(q)\) and \(s_g(q)\) are exogenous and policy invariant."
"appendix-module","baseline","08_required_propositions.tex","393","s(q)","1","s(q)","s(q)","primitive parameter/function","exogenous downstream realization probability","no","probabilities \(s(q)\) and \(s_g(q)\) are exogenous and policy invariant."
"appendix-module","baseline","08_required_propositions.tex","393","s(q)","2","s_g(q)","s_g(q)","primitive parameter/function","exogenous downstream realization probability","no","probabilities \(s(q)\) and \(s_g(q)\) are exogenous and policy invariant."
"appendix-module","baseline","08_required_propositions.tex","401","a_i","1","a_i","a_i","exogenous firm characteristic","research capability for viable planning-stage projects","no","\Lambda_i^{\mathrm{plan}}"
"appendix-module","baseline","08_required_propositions.tex","403","a_i","1","a_i","a_i","exogenous firm characteristic","research capability for viable planning-stage projects","no","a_ix_i^*."
"appendix-module","baseline","08_required_propositions.tex","403","x_i","1","x_i^*","optimized","control / optimized control","original-drug innovation investment / project-advancement intensity","through Omega_i only","a_ix_i^*."
"appendix-module","baseline","08_required_propositions.tex","407","a_i","1","a_i","a_i","exogenous firm characteristic","research capability for viable planning-stage projects","no","\(\lambda_i^{\mathrm{plan}}=a_ix_i\) evaluated at the Phase~5 optimizer."
"appendix-module","baseline","08_required_propositions.tex","407","a_i","2","a_i","a_i","exogenous firm characteristic","research capability for viable planning-stage projects","no","\(\lambda_i^{\mathrm{plan}}=a_ix_i\) evaluated at the Phase~5 optimizer."
"appendix-module","baseline","08_required_propositions.tex","407","x_i","1","x_i","control","control / optimized control","original-drug innovation investment / project-advancement intensity","through Omega_i only","\(\lambda_i^{\mathrm{plan}}=a_ix_i\) evaluated at the Phase~5 optimizer."
"appendix-module","baseline","08_required_propositions.tex","415","a_i","1","a_i","a_i","exogenous firm characteristic","research capability for viable planning-stage projects","no","a_ix_i^*"
"appendix-module","baseline","08_required_propositions.tex","415","x_i","1","x_i^*","optimized","control / optimized control","original-drug innovation investment / project-advancement intensity","through Omega_i only","a_ix_i^*"
"appendix-module","baseline","08_required_propositions.tex","417","q","1","q","q","exogenous project characteristic","commercial/scientific value shifter","no","s(q)"
"appendix-module","baseline","08_required_propositions.tex","417","s(q)","1","s(q)","s(q)","primitive parameter/function","exogenous downstream realization probability","no","s(q)"
"appendix-module","baseline","08_required_propositions.tex","423","m","1","m","m","exogenous project characteristic","manufacturing requirement/complexity","no","dF(q,m)."
"appendix-module","baseline","08_required_propositions.tex","423","q","1","q","q","exogenous project characteristic","commercial/scientific value shifter","no","dF(q,m)."
"appendix-module","baseline","08_required_propositions.tex","430","a_i","1","a_i","a_i","exogenous firm characteristic","research capability for viable planning-stage projects","no","a_ix_i^*"
"appendix-module","baseline","08_required_propositions.tex","430","x_i","1","x_i^*","optimized","control / optimized control","original-drug innovation investment / project-advancement intensity","through Omega_i only","a_ix_i^*"
"appendix-module","baseline","08_required_propositions.tex","432","q","1","q","q","exogenous project characteristic","commercial/scientific value shifter","no","s(q)\mathbf 1\{r_i^*=E\}"
"appendix-module","baseline","08_required_propositions.tex","432","s(q)","1","s(q)","s(q)","primitive parameter/function","exogenous downstream realization probability","no","s(q)\mathbf 1\{r_i^*=E\}"
"appendix-module","baseline","08_required_propositions.tex","433","m","1","m","m","exogenous project characteristic","manufacturing requirement/complexity","no","dF(q,m)."
"appendix-module","baseline","08_required_propositions.tex","433","q","1","q","q","exogenous project characteristic","commercial/scientific value shifter","no","dF(q,m)."
"appendix-module","baseline","08_required_propositions.tex","441","a_i","1","a_i","a_i","exogenous firm characteristic","research capability for viable planning-stage projects","no","a_ix_i^*\rho_g"
"appendix-module","baseline","08_required_propositions.tex","441","x_i","1","x_i^*","optimized","control / optimized control","original-drug innovation investment / project-advancement intensity","through Omega_i only","a_ix_i^*\rho_g"
"appendix-module","baseline","08_required_propositions.tex","443","q","1","q","q","exogenous project characteristic","commercial/scientific value shifter","no","s_g(q)"
"appendix-module","baseline","08_required_propositions.tex","443","s(q)","1","s_g(q)","s_g(q)","primitive parameter/function","exogenous downstream realization probability","no","s_g(q)"
"appendix-module","baseline","08_required_propositions.tex","449","m","1","m","m","exogenous project characteristic","manufacturing requirement/complexity","no","dF_g(q,m)."
"appendix-module","baseline","08_required_propositions.tex","449","q","1","q","q","exogenous project characteristic","commercial/scientific value shifter","no","dF_g(q,m)."
"appendix-module","baseline","08_required_propositions.tex","452","x_i","1","x_i^*","optimized","control / optimized control","original-drug innovation investment / project-advancement intensity","through Omega_i only","There is one common \(x_i^*\), not an \(x_{ig}\) control."
"appendix-module","baseline","08_required_propositions.tex","459","q","1","q","q","exogenous project characteristic","commercial/scientific value shifter","no","\int s(q)"
"appendix-module","baseline","08_required_propositions.tex","459","s(q)","1","s(q)","s(q)","primitive parameter/function","exogenous downstream realization probability","no","\int s(q)"
"appendix-module","baseline","08_required_propositions.tex","463","p_m","1","p_m","candidate-or-generic","equilibrium price / candidate price","qualified manufacturing-service capacity price","no","and let \(x_i^h=x_i^*(h,p_m^h)\). Adding and subtracting"
"appendix-module","baseline","08_required_propositions.tex","463","x_i","1","x_i","control","control / optimized control","original-drug innovation investment / project-advancement intensity","through Omega_i only","and let \(x_i^h=x_i^*(h,p_m^h)\). Adding and subtracting"
"appendix-module","baseline","08_required_propositions.tex","463","x_i","2","x_i^*","optimized","control / optimized control","original-drug innovation investment / project-advancement intensity","through Omega_i only","and let \(x_i^h=x_i^*(h,p_m^h)\). Adding and subtracting"
"appendix-module","baseline","08_required_propositions.tex","464","a_i","1","a_i","a_i","exogenous firm characteristic","research capability for viable planning-stage projects","no","\(a_ix_i^1Q_i^{\mathrm{ret},0}\) gives"
"appendix-module","baseline","08_required_propositions.tex","464","x_i","1","x_i","control","control / optimized control","original-drug innovation investment / project-advancement intensity","through Omega_i only","\(a_ix_i^1Q_i^{\mathrm{ret},0}\) gives"
"appendix-module","baseline","08_required_propositions.tex","468","a_i","1","a_i","a_i","exogenous firm characteristic","research capability for viable planning-stage projects","no","a_i(x_i^1-x_i^0)Q_i^{\mathrm{ret},0}"
"appendix-module","baseline","08_required_propositions.tex","468","x_i","1","x_i","control","control / optimized control","original-drug innovation investment / project-advancement intensity","through Omega_i only","a_i(x_i^1-x_i^0)Q_i^{\mathrm{ret},0}"
"appendix-module","baseline","08_required_propositions.tex","468","x_i","2","x_i","control","control / optimized control","original-drug innovation investment / project-advancement intensity","through Omega_i only","a_i(x_i^1-x_i^0)Q_i^{\mathrm{ret},0}"
"appendix-module","baseline","08_required_propositions.tex","470","a_i","1","a_i","a_i","exogenous firm characteristic","research capability for viable planning-stage projects","no","a_ix_i^1"
"appendix-module","baseline","08_required_propositions.tex","470","x_i","1","x_i","control","control / optimized control","original-drug innovation investment / project-advancement intensity","through Omega_i only","a_ix_i^1"
"appendix-module","baseline","09_observed_outcomes.tex","24","x_i","1","x_i","control","control / optimized control","original-drug innovation investment / project-advancement intensity","through Omega_i only","Here \(x_i\) is original-drug innovation investment or"
"appendix-module","baseline","09_observed_outcomes.tex","28","a_i","1","a_i","a_i","exogenous firm characteristic","research capability for viable planning-stage projects","no","\(\Lambda_i^{\mathrm{plan}}=a_ix_i^*\); route choice then assigns a realized"
"appendix-module","baseline","09_observed_outcomes.tex","28","a_i","2","a_i","a_i","exogenous firm characteristic","research capability for viable planning-stage projects","no","\(\Lambda_i^{\mathrm{plan}}=a_ix_i^*\); route choice then assigns a realized"
"appendix-module","baseline","09_observed_outcomes.tex","28","x_i","1","x_i^*","optimized","control / optimized control","original-drug innovation investment / project-advancement intensity","through Omega_i only","\(\Lambda_i^{\mathrm{plan}}=a_ix_i^*\); route choice then assigns a realized"
"appendix-module","baseline","09_observed_outcomes.tex","37","M","1","M","M","primitive parameter","binary institutional regime","policy object","M"
"appendix-module","baseline","09_observed_outcomes.tex","41","a_i","1","a_i","a_i","exogenous firm characteristic","research capability for viable planning-stage projects","no","\Omega_i"
"appendix-module","baseline","09_observed_outcomes.tex","41","Omega_i","1","\Omega_i","\Omega_i","endogenous firm-level object","expected optimized value per planning-stage project","indirect only","\Omega_i"
"appendix-module","baseline","09_observed_outcomes.tex","43","x_i","1","x_i^*","optimized","control / optimized control","original-drug innovation investment / project-advancement intensity","through Omega_i only","x_i^*."
"appendix-module","baseline","09_observed_outcomes.tex","48","x_i","1","x_i^*","optimized","control / optimized control","original-drug innovation investment / project-advancement intensity","through Omega_i only","x_i^*"
"appendix-module","baseline","09_observed_outcomes.tex","50","a_i","1","a_i","a_i","exogenous firm characteristic","research capability for viable planning-stage projects","no","\Lambda_i^{\mathrm{plan}}"
"appendix-module","baseline","09_observed_outcomes.tex","70","a_i","1","a_i","a_i","exogenous firm characteristic","research capability for viable planning-stage projects","no","a_ix_i^*\rho_g"
"appendix-module","baseline","09_observed_outcomes.tex","70","x_i","1","x_i^*","optimized","control / optimized control","original-drug innovation investment / project-advancement intensity","through Omega_i only","a_ix_i^*\rho_g"
"appendix-module","baseline","09_observed_outcomes.tex","72","q","1","q","q","exogenous project characteristic","commercial/scientific value shifter","no","s_g(q)"
"appendix-module","baseline","09_observed_outcomes.tex","72","s(q)","1","s_g(q)","s_g(q)","primitive parameter/function","exogenous downstream realization probability","no","s_g(q)"
"appendix-module","baseline","09_observed_outcomes.tex","78","m","1","m","m","exogenous project characteristic","manufacturing requirement/complexity","no","dF_g(q,m)."
"appendix-module","baseline","09_observed_outcomes.tex","78","q","1","q","q","exogenous project characteristic","commercial/scientific value shifter","no","dF_g(q,m)."
"appendix-module","baseline","09_observed_outcomes.tex","98","x_i","1","x_i","control","control / optimized control","original-drug innovation investment / project-advancement intensity","through Omega_i only","of \(x_i\)."
"appendix-module","baseline","09_observed_outcomes.tex","103","a_i","1","a_i","a_i","exogenous firm characteristic","research capability for viable planning-stage projects","no","x_i,\ a_i,\ s(q),\ \tau_E,\ \mu_E,\ p_m"
"appendix-module","baseline","09_observed_outcomes.tex","103","p_m","1","p_m","candidate-or-generic","equilibrium price / candidate price","qualified manufacturing-service capacity price","no","x_i,\ a_i,\ s(q),\ \tau_E,\ \mu_E,\ p_m"
"appendix-module","baseline","09_observed_outcomes.tex","103","q","1","q","q","exogenous project characteristic","commercial/scientific value shifter","no","x_i,\ a_i,\ s(q),\ \tau_E,\ \mu_E,\ p_m"
"appendix-module","baseline","09_observed_outcomes.tex","103","s(q)","1","s(q)","s(q)","primitive parameter/function","exogenous downstream realization probability","no","x_i,\ a_i,\ s(q),\ \tau_E,\ \mu_E,\ p_m"
"appendix-module","baseline","09_observed_outcomes.tex","103","tau_E","1","\tau_E","\tau_E","primitive parameter","institutional barrier on retained entrusted route E","yes, through M only","x_i,\ a_i,\ s(q),\ \tau_E,\ \mu_E,\ p_m"
"appendix-module","baseline","09_observed_outcomes.tex","103","x_i","1","x_i","control","control / optimized control","original-drug innovation investment / project-advancement intensity","through Omega_i only","x_i,\ a_i,\ s(q),\ \tau_E,\ \mu_E,\ p_m"
"appendix-module","extension","11_extensions_not_baseline.tex","38","m","1","m","m","exogenous project characteristic","manufacturing requirement/complexity","no","probabilities, an extension may introduce \(\chi^I(q,m)\) and"
"appendix-module","extension","11_extensions_not_baseline.tex","38","q","1","q","q","exogenous project characteristic","commercial/scientific value shifter","no","probabilities, an extension may introduce \(\chi^I(q,m)\) and"
"appendix-module","extension","11_extensions_not_baseline.tex","39","m","1","m","m","exogenous project characteristic","manufacturing requirement/complexity","no","\(\chi^E(q,m)\). These would replace neither the baseline route choice nor the"
"appendix-module","extension","11_extensions_not_baseline.tex","39","q","1","q","q","exogenous project characteristic","commercial/scientific value shifter","no","\(\chi^E(q,m)\). These would replace neither the baseline route choice nor the"
"appendix-module","extension","11_extensions_not_baseline.tex","43","M","1","M","M","primitive parameter","binary institutional regime","policy object","M=1"
"appendix-module","extension","11_extensions_not_baseline.tex","45","m","1","m","m","exogenous project characteristic","manufacturing requirement/complexity","no","\chi^E(q,m)\uparrow"
"appendix-module","extension","11_extensions_not_baseline.tex","45","q","1","q","q","exogenous project characteristic","commercial/scientific value shifter","no","\chi^E(q,m)\uparrow"
"appendix-module","extension","11_extensions_not_baseline.tex","54","m","1","m","m","exogenous project characteristic","manufacturing requirement/complexity","no","value \(T(q,m)\). No bargaining protocol, transfer price, adoption cost, or"
"appendix-module","extension","11_extensions_not_baseline.tex","54","q","1","q","q","exogenous project characteristic","commercial/scientific value shifter","no","value \(T(q,m)\). No bargaining protocol, transfer price, adoption cost, or"
"appendix-module","extension","11_extensions_not_baseline.tex","57","m","1","m","m","exogenous project characteristic","manufacturing requirement/complexity","no","\(T(q,m)\) remains the exogenous non-retained outside option of the baseline."
"appendix-module","extension","11_extensions_not_baseline.tex","57","q","1","q","q","exogenous project characteristic","commercial/scientific value shifter","no","\(T(q,m)\) remains the exogenous non-retained outside option of the baseline."
"appendix-module","extension","11_extensions_not_baseline.tex","77","p_m","1","p_m^*","equilibrium-starred","equilibrium price / candidate price","qualified manufacturing-service capacity price","no","qualified-capacity market at \(p_m^*\)."
"appendix-module","extension","11_extensions_not_baseline.tex","83","x_i","1","x_i","control","control / optimized control","original-drug innovation investment / project-advancement intensity","through Omega_i only","\(x_i^R\) and project development \(x_i^D\). A resource or financing"
"appendix-module","extension","11_extensions_not_baseline.tex","83","x_i","2","x_i","control","control / optimized control","original-drug innovation investment / project-advancement intensity","through Omega_i only","\(x_i^R\) and project development \(x_i^D\). A resource or financing"
"appendix-module","extension","11_extensions_not_baseline.tex","85","x_i","1","x_i","control","control / optimized control","original-drug innovation investment / project-advancement intensity","through Omega_i only","\(x_i^D\uparrow\) together with \(x_i^R\downarrow\). The block is not"
"appendix-module","extension","11_extensions_not_baseline.tex","85","x_i","2","x_i","control","control / optimized control","original-drug innovation investment / project-advancement intensity","through Omega_i only","\(x_i^D\uparrow\) together with \(x_i^R\downarrow\). The block is not"
"appendix-module","extension","11_extensions_not_baseline.tex","92","x_i","1","x_i","control","control / optimized control","original-drug innovation investment / project-advancement intensity","through Omega_i only","\(x_i\), commercialization organization, retained authorization,"
"empirical-interface","interface","10_empirical_mapping.tex","13","a_i","1","a_i","a_i","exogenous firm characteristic","research capability for viable planning-stage projects","no","\subsubsection{Interface 1: Predetermined research capability \texorpdfstring{\(a_i\)}{a(i)}}"
"empirical-interface","interface","10_empirical_mapping.tex","24","a_i","1","a_i","a_i","exogenous firm characteristic","research capability for viable planning-stage projects","no","capability, but it is not \(x_i\) and does not identify \(a_i\) separately"
"empirical-interface","interface","10_empirical_mapping.tex","24","x_i","1","x_i","control","control / optimized control","original-drug innovation investment / project-advancement intensity","through Omega_i only","capability, but it is not \(x_i\) and does not identify \(a_i\) separately"
"empirical-interface","interface","10_empirical_mapping.tex","27","x_i","1","x_i","control","control / optimized control","original-drug innovation investment / project-advancement intensity","through Omega_i only","\subsubsection{Interface 2: Advancement intensity \texorpdfstring{\(x_i\)}{x(i)}}"
"empirical-interface","interface","10_empirical_mapping.tex","36","x_i","1","x_i","control","control / optimized control","original-drug innovation investment / project-advancement intensity","through Omega_i only","\textit{Identification limit:} \(x_i\) is neither pure clinical effort nor"
"empirical-interface","interface","10_empirical_mapping.tex","39","a_i","1","a_i","a_i","exogenous firm characteristic","research capability for viable planning-stage projects","no","\subsubsection{Interface 3: Planning-stage projects \texorpdfstring{\(a_ix_i\)}{a(i)x(i)}}"
"empirical-interface","interface","10_empirical_mapping.tex","39","x_i","1","x_i","control","control / optimized control","original-drug innovation investment / project-advancement intensity","through Omega_i only","\subsubsection{Interface 3: Planning-stage projects \texorpdfstring{\(a_ix_i\)}{a(i)x(i)}}"
"empirical-interface","interface","10_empirical_mapping.tex","49","a_i","1","a_i","a_i","exogenous firm characteristic","research capability for viable planning-stage projects","no","separately identify \(a_i\) and \(x_i\)."
"empirical-interface","interface","10_empirical_mapping.tex","49","x_i","1","x_i","control","control / optimized control","original-drug innovation investment / project-advancement intensity","through Omega_i only","separately identify \(a_i\) and \(x_i\)."
"empirical-interface","interface","10_empirical_mapping.tex","51","k_i","1","k_i","k_i","exogenous firm characteristic","internal manufacturing capability","no","\subsubsection{Interface 4: Internal manufacturing capability \texorpdfstring{\(k_i\)}{k(i)}}"
"empirical-interface","interface","10_empirical_mapping.tex","64","q","1","q","q","exogenous project characteristic","commercial/scientific value shifter","no","\subsubsection{Interface 5: Project value \texorpdfstring{\(q\)}{project-value index}}"
"empirical-interface","interface","10_empirical_mapping.tex","74","q","1","q","q","exogenous project characteristic","commercial/scientific value shifter","no","not permit a direct MAH shift in \(q\)."
"empirical-interface","interface","10_empirical_mapping.tex","76","m","1","m","m","exogenous project characteristic","manufacturing requirement/complexity","no","\subsubsection{Interface 6: Manufacturing complexity \texorpdfstring{\(m\)}{complexity index}}"
"empirical-interface","interface","10_empirical_mapping.tex","85","m","1","m","m","exogenous project characteristic","manufacturing requirement/complexity","no","\textit{Identification limit:} \(m\) is a project requirement, not developer"
"empirical-interface","interface","10_empirical_mapping.tex","138","x_i","1","x_i","control","control / optimized control","original-drug innovation investment / project-advancement intensity","through Omega_i only","\textit{Identification limit:} a patent response neither equals \(x_i\) nor"
"empirical-interface","interface","10_empirical_mapping.tex","145","p_m","1","p_m^*","equilibrium-starred","equilibrium price / candidate price","qualified manufacturing-service capacity price","no","\subsubsection{Interface 11: CMO price or scarcity \texorpdfstring{\(p_m^*\)}{equilibrium CMO price}}"
"empirical-interface","interface","10_empirical_mapping.tex","157","p_m","1","p_m^*","equilibrium-starred","equilibrium price / candidate price","qualified manufacturing-service capacity price","no","identify \(p_m^*\) or the supply and demand schedules."
"empirical-interface","interface","10_empirical_mapping.tex","159","m","1","m","m","exogenous project characteristic","manufacturing requirement/complexity","no","\subsubsection{Interface 12: Transfer outside option \texorpdfstring{\(T(q,m)\)}{transfer value}}"
"empirical-interface","interface","10_empirical_mapping.tex","159","q","1","q","q","exogenous project characteristic","commercial/scientific value shifter","no","\subsubsection{Interface 12: Transfer outside option \texorpdfstring{\(T(q,m)\)}{transfer value}}"
"empirical-interface","interface","10_empirical_mapping.tex","168","m","1","m","m","exogenous project characteristic","manufacturing requirement/complexity","no","baseline, and incomplete deal values need not identify \(T(q,m)\)."
"empirical-interface","interface","10_empirical_mapping.tex","168","q","1","q","q","exogenous project characteristic","commercial/scientific value shifter","no","baseline, and incomplete deal values need not identify \(T(q,m)\)."
"empirical-interface","interface","10_empirical_mapping.tex","175","M","1","M","M","primitive parameter","binary institutional regime","policy object","M"
"empirical-interface","interface","10_empirical_mapping.tex","179","a_i","1","a_i","a_i","exogenous firm characteristic","research capability for viable planning-stage projects","no","\Omega_i"
"empirical-interface","interface","10_empirical_mapping.tex","179","Omega_i","1","\Omega_i","\Omega_i","endogenous firm-level object","expected optimized value per planning-stage project","indirect only","\Omega_i"
"empirical-interface","interface","10_empirical_mapping.tex","181","x_i","1","x_i^*","optimized","control / optimized control","original-drug innovation investment / project-advancement intensity","through Omega_i only","x_i^*,"
"empirical-interface","interface","10_empirical_mapping.tex","187","x_i","1","x_i^*","optimized","control / optimized control","original-drug innovation investment / project-advancement intensity","through Omega_i only","x_i^*"
"empirical-interface","interface","10_empirical_mapping.tex","199","x_i","1","x_i","control","control / optimized control","original-drug innovation investment / project-advancement intensity","through Omega_i only","cannot be placed before the ex ante choice of \(x_i\)."
"main","baseline","13_main_text_model_candidate.tex","32","a_i","1","a_i","a_i","exogenous firm characteristic","research capability for viable planning-stage projects","no","research capability \(a_i>0\) and internal manufacturing capability"
"main","baseline","13_main_text_model_candidate.tex","33","k_i","1","k_i","k_i","exogenous firm characteristic","internal manufacturing capability","no","\(k_i>0\), distributed according to \(H(a,k)\). A viable project that reaches"
"main","baseline","13_main_text_model_candidate.tex","34","q","1","q","q","exogenous project characteristic","commercial/scientific value shifter","no","commercialization-relevant planning draws value \(q>0\) and manufacturing"
"main","baseline","13_main_text_model_candidate.tex","35","m","1","m","m","exogenous project characteristic","manufacturing requirement/complexity","no","requirement \(m>0\) from the exogenous distribution \(F(q,m)\). For empirical"
"main","baseline","13_main_text_model_candidate.tex","35","m","2","m","m","exogenous project characteristic","manufacturing requirement/complexity","no","requirement \(m>0\) from the exogenous distribution \(F(q,m)\). For empirical"
"main","baseline","13_main_text_model_candidate.tex","35","q","1","q","q","exogenous project characteristic","commercial/scientific value shifter","no","requirement \(m>0\) from the exogenous distribution \(F(q,m)\). For empirical"
"main","baseline","13_main_text_model_candidate.tex","38","m","1","m","m","exogenous project characteristic","manufacturing requirement/complexity","no","F(q,m)=\sum_{g\in\{O,\mathrm{Inc}\}}\rho_gF_g(q,m),"
"main","baseline","13_main_text_model_candidate.tex","38","m","2","m","m","exogenous project characteristic","manufacturing requirement/complexity","no","F(q,m)=\sum_{g\in\{O,\mathrm{Inc}\}}\rho_gF_g(q,m),"
"main","baseline","13_main_text_model_candidate.tex","38","q","1","q","q","exogenous project characteristic","commercial/scientific value shifter","no","F(q,m)=\sum_{g\in\{O,\mathrm{Inc}\}}\rho_gF_g(q,m),"
"main","baseline","13_main_text_model_candidate.tex","38","q","2","q","q","exogenous project characteristic","commercial/scientific value shifter","no","F(q,m)=\sum_{g\in\{O,\mathrm{Inc}\}}\rho_gF_g(q,m),"
"main","baseline","13_main_text_model_candidate.tex","44","M","1","M","M","primitive parameter","binary institutional regime","policy object","The institutional regime is \(M\in\{0,1\}\). The pre-MAH regime sets the"
"main","baseline","13_main_text_model_candidate.tex","48","tau_E","1","\tau_E","\tau_E","primitive parameter","institutional barrier on retained entrusted route E","yes, through M only","\tau_E(0)=+\infty,"
"main","baseline","13_main_text_model_candidate.tex","50","tau_E","1","\tau_E","\tau_E","primitive parameter","institutional barrier on retained entrusted route E","yes, through M only","\tau_E(1)=\bar\tau_E<+\infty,"
"main","baseline","13_main_text_model_candidate.tex","50","tau_E","2","\tau_E","\tau_E","primitive parameter","institutional barrier on retained entrusted route E","yes, through M only","\tau_E(1)=\bar\tau_E<+\infty,"
"main","baseline","13_main_text_model_candidate.tex","51","tau_E","1","\tau_E","\tau_E","primitive parameter","institutional barrier on retained entrusted route E","yes, through M only","\qquad \bar\tau_E\geq0."
"main","baseline","13_main_text_model_candidate.tex","60","x_i","1","x_i","control","control / optimized control","original-drug innovation investment / project-advancement intensity","through Omega_i only","chooses one common \(x_i\geq0\), interpreted as original-drug innovation"
"main","baseline","13_main_text_model_candidate.tex","66","a_i","1","a_i","a_i","exogenous firm characteristic","research capability for viable planning-stage projects","no","\lambda_i^{\mathrm{plan}}=a_ix_i."
"main","baseline","13_main_text_model_candidate.tex","66","a_i","2","a_i","a_i","exogenous firm characteristic","research capability for viable planning-stage projects","no","\lambda_i^{\mathrm{plan}}=a_ix_i."
"main","baseline","13_main_text_model_candidate.tex","66","x_i","1","x_i","control","control / optimized control","original-drug innovation investment / project-advancement intensity","through Omega_i only","\lambda_i^{\mathrm{plan}}=a_ix_i."
"main","baseline","13_main_text_model_candidate.tex","70","M","1","M","M","primitive parameter","binary institutional regime","policy object","Timing is as follows. First, \(M\) is observed and developers anticipate the"
"main","baseline","13_main_text_model_candidate.tex","71","x_i","1","x_i","control","control / optimized control","original-drug innovation investment / project-advancement intensity","through Omega_i only","market-consistent qualified-service price. Second, they choose \(x_i\)."
"main","baseline","13_main_text_model_candidate.tex","72","m","1","m","m","exogenous project characteristic","manufacturing requirement/complexity","no","Third, planning-stage projects draw \((q,m)\) and choose a route. Fourth,"
"main","baseline","13_main_text_model_candidate.tex","72","q","1","q","q","exogenous project characteristic","commercial/scientific value shifter","no","Third, planning-stage projects draw \((q,m)\) and choose a route. Fourth,"
"main","baseline","13_main_text_model_candidate.tex","73","q","1","q","q","exogenous project characteristic","commercial/scientific value shifter","no","downstream realization occurs with exogenous probability \(s(q)\). Finally,"
"main","baseline","13_main_text_model_candidate.tex","73","s(q)","1","s(q)","s(q)","primitive parameter/function","exogenous downstream realization probability","no","downstream realization occurs with exogenous probability \(s(q)\). Finally,"
"main","baseline","13_main_text_model_candidate.tex","77","a_i","1","a_i","a_i","exogenous firm characteristic","research capability for viable planning-stage projects","no","determine the predetermined \(a_i\), but they are outside the baseline"
"main","baseline","13_main_text_model_candidate.tex","84","q","1","q","q","exogenous project characteristic","commercial/scientific value shifter","no","\(y(p;q)=Aqp^{-\varepsilon}\), where \(A>0\) and \(\varepsilon>1\)."
"main","baseline","13_main_text_model_candidate.tex","91","q","1","q","q","exogenous project characteristic","commercial/scientific value shifter","no","R(q,c)"
"main","baseline","13_main_text_model_candidate.tex","104","k_i","1","k_i","k_i","exogenous firm characteristic","internal manufacturing capability","no","Internal production uses marginal cost \(c_I(m,k_i)\), with"
"main","baseline","13_main_text_model_candidate.tex","104","m","1","m","m","exogenous project characteristic","manufacturing requirement/complexity","no","Internal production uses marginal cost \(c_I(m,k_i)\), with"
"main","baseline","13_main_text_model_candidate.tex","105","k_i","1","k_i","k_i","exogenous firm characteristic","internal manufacturing capability","no","\(c_{I,m}>0\) and \(c_{I,k}<0\), and setup cost \(F_I(m,k_i)\), with"
"main","baseline","13_main_text_model_candidate.tex","105","m","1","m","m","exogenous project characteristic","manufacturing requirement/complexity","no","\(c_{I,m}>0\) and \(c_{I,k}<0\), and setup cost \(F_I(m,k_i)\), with"
"main","baseline","13_main_text_model_candidate.tex","105","m","2","m","m","exogenous project characteristic","manufacturing requirement/complexity","no","\(c_{I,m}>0\) and \(c_{I,k}<0\), and setup cost \(F_I(m,k_i)\), with"
"main","baseline","13_main_text_model_candidate.tex","106","m","1","m","m","exogenous project characteristic","manufacturing requirement/complexity","no","\(F_{I,m}>0\) and \(F_{I,k}<0\) on the feasible domain. Internal production"
"main","baseline","13_main_text_model_candidate.tex","107","k_i","1","k_i","k_i","exogenous firm characteristic","internal manufacturing capability","no","is unavailable when \(k_i<\underline{k}(m)\), represented by"
"main","baseline","13_main_text_model_candidate.tex","107","m","1","m","m","exogenous project characteristic","manufacturing requirement/complexity","no","is unavailable when \(k_i<\underline{k}(m)\), represented by"
"main","baseline","13_main_text_model_candidate.tex","108","k_i","1","k_i","k_i","exogenous firm characteristic","internal manufacturing capability","no","\(F_I(m,k_i)=+\infty\). Its route value is"
"main","baseline","13_main_text_model_candidate.tex","108","m","1","m","m","exogenous project characteristic","manufacturing requirement/complexity","no","\(F_I(m,k_i)=+\infty\). Its route value is"
"main","baseline","13_main_text_model_candidate.tex","110","m","1","m","m","exogenous project characteristic","manufacturing requirement/complexity","no","W_i^I(q,m)"
"main","baseline","13_main_text_model_candidate.tex","110","q","1","q","q","exogenous project characteristic","commercial/scientific value shifter","no","W_i^I(q,m)"
"main","baseline","13_main_text_model_candidate.tex","110","W_I","1","W_i^I","W_i^I","endogenous route-level object","internal-manufacturing route value","indirect only","W_i^I(q,m)"
"main","baseline","13_main_text_model_candidate.tex","112","k_i","1","k_i","k_i","exogenous firm characteristic","internal manufacturing capability","no","s(q)R\!\left(q,c_I(m,k_i)\right)-F_I(m,k_i)."
"main","baseline","13_main_text_model_candidate.tex","112","k_i","2","k_i","k_i","exogenous firm characteristic","internal manufacturing capability","no","s(q)R\!\left(q,c_I(m,k_i)\right)-F_I(m,k_i)."
"main","baseline","13_main_text_model_candidate.tex","112","m","1","m","m","exogenous project characteristic","manufacturing requirement/complexity","no","s(q)R\!\left(q,c_I(m,k_i)\right)-F_I(m,k_i)."
"main","baseline","13_main_text_model_candidate.tex","112","m","2","m","m","exogenous project characteristic","manufacturing requirement/complexity","no","s(q)R\!\left(q,c_I(m,k_i)\right)-F_I(m,k_i)."
"main","baseline","13_main_text_model_candidate.tex","112","q","1","q","q","exogenous project characteristic","commercial/scientific value shifter","no","s(q)R\!\left(q,c_I(m,k_i)\right)-F_I(m,k_i)."
"main","baseline","13_main_text_model_candidate.tex","112","q","2","q","q","exogenous project characteristic","commercial/scientific value shifter","no","s(q)R\!\left(q,c_I(m,k_i)\right)-F_I(m,k_i)."
"main","baseline","13_main_text_model_candidate.tex","112","s(q)","1","s(q)","s(q)","primitive parameter/function","exogenous downstream realization probability","no","s(q)R\!\left(q,c_I(m,k_i)\right)-F_I(m,k_i)."
"main","baseline","13_main_text_model_candidate.tex","116","m","1","m","m","exogenous project characteristic","manufacturing requirement/complexity","no","Entrusted production uses external marginal cost \(c_E(m)\), requires"
"main","baseline","13_main_text_model_candidate.tex","117","m","1","m","m","exogenous project characteristic","manufacturing requirement/complexity","no","\(b(m)>0\) units of qualified capacity with \(b'(m)>0\), incurs setup cost"
"main","baseline","13_main_text_model_candidate.tex","117","m","2","m","m","exogenous project characteristic","manufacturing requirement/complexity","no","\(b(m)>0\) units of qualified capacity with \(b'(m)>0\), incurs setup cost"
"main","baseline","13_main_text_model_candidate.tex","118","m","1","m","m","exogenous project characteristic","manufacturing requirement/complexity","no","\(F_E(m)\), and leaves the holder with burden \(\mu_E\geq0\). At the"
"main","baseline","13_main_text_model_candidate.tex","119","p_m","1","p_m","candidate-or-generic","equilibrium price / candidate price","qualified manufacturing-service capacity price","no","qualified-capacity price \(p_m\),"
"main","baseline","13_main_text_model_candidate.tex","122","m","1","m","m","exogenous project characteristic","manufacturing requirement/complexity","no","W_i^E(q,m;M,p_m)"
"main","baseline","13_main_text_model_candidate.tex","122","M","1","M","M","primitive parameter","binary institutional regime","policy object","W_i^E(q,m;M,p_m)"
"main","baseline","13_main_text_model_candidate.tex","122","p_m","1","p_m","candidate-or-generic","equilibrium price / candidate price","qualified manufacturing-service capacity price","no","W_i^E(q,m;M,p_m)"
"main","baseline","13_main_text_model_candidate.tex","122","q","1","q","q","exogenous project characteristic","commercial/scientific value shifter","no","W_i^E(q,m;M,p_m)"
"main","baseline","13_main_text_model_candidate.tex","122","W_E","1","W_i^E","W_i^E","endogenous route-level object","retained entrusted-manufacturing route value","through tau_E only","W_i^E(q,m;M,p_m)"
"main","baseline","13_main_text_model_candidate.tex","124","m","1","m","m","exogenous project characteristic","manufacturing requirement/complexity","no","s(q)R\!\left(q,c_E(m)\right)-F_E(m)-p_mb(m)\\"
"main","baseline","13_main_text_model_candidate.tex","124","m","2","m","m","exogenous project characteristic","manufacturing requirement/complexity","no","s(q)R\!\left(q,c_E(m)\right)-F_E(m)-p_mb(m)\\"
"main","baseline","13_main_text_model_candidate.tex","124","m","3","m","m","exogenous project characteristic","manufacturing requirement/complexity","no","s(q)R\!\left(q,c_E(m)\right)-F_E(m)-p_mb(m)\\"
"main","baseline","13_main_text_model_candidate.tex","124","p_m","1","p_m","candidate-or-generic","equilibrium price / candidate price","qualified manufacturing-service capacity price","no","s(q)R\!\left(q,c_E(m)\right)-F_E(m)-p_mb(m)\\"
"main","baseline","13_main_text_model_candidate.tex","124","q","1","q","q","exogenous project characteristic","commercial/scientific value shifter","no","s(q)R\!\left(q,c_E(m)\right)-F_E(m)-p_mb(m)\\"
"main","baseline","13_main_text_model_candidate.tex","124","q","2","q","q","exogenous project characteristic","commercial/scientific value shifter","no","s(q)R\!\left(q,c_E(m)\right)-F_E(m)-p_mb(m)\\"
"main","baseline","13_main_text_model_candidate.tex","124","s(q)","1","s(q)","s(q)","primitive parameter/function","exogenous downstream realization probability","no","s(q)R\!\left(q,c_E(m)\right)-F_E(m)-p_mb(m)\\"
"main","baseline","13_main_text_model_candidate.tex","125","M","1","M","M","primitive parameter","binary institutional regime","policy object","&-\mu_E-\tau_E(M)."
"main","baseline","13_main_text_model_candidate.tex","125","tau_E","1","\tau_E(M)","\tau_E(M)","primitive parameter","institutional barrier on retained entrusted route E","yes, through M only","&-\mu_E-\tau_E(M)."
"main","baseline","13_main_text_model_candidate.tex","131","m","1","m","m","exogenous project characteristic","manufacturing requirement/complexity","no","W^T(q,m)=T(q,m),"
"main","baseline","13_main_text_model_candidate.tex","131","m","2","m","m","exogenous project characteristic","manufacturing requirement/complexity","no","W^T(q,m)=T(q,m),"
"main","baseline","13_main_text_model_candidate.tex","131","q","1","q","q","exogenous project characteristic","commercial/scientific value shifter","no","W^T(q,m)=T(q,m),"
"main","baseline","13_main_text_model_candidate.tex","131","q","2","q","q","exogenous project characteristic","commercial/scientific value shifter","no","W^T(q,m)=T(q,m),"
"main","baseline","13_main_text_model_candidate.tex","131","W_T","1","W^T","W^T","endogenous route-level object","non-retained transfer-route value","no","W^T(q,m)=T(q,m),"
"main","baseline","13_main_text_model_candidate.tex","140","p_m","1","p_m","candidate-or-generic","equilibrium price / candidate price","qualified manufacturing-service capacity price","no","At a fixed \(p_m\), the project chooses deterministically:"
"main","baseline","13_main_text_model_candidate.tex","143","M","1","M","M","primitive parameter","binary institutional regime","policy object","W_i(q,m;M,p_m)"
"main","baseline","13_main_text_model_candidate.tex","143","m","1","m","m","exogenous project characteristic","manufacturing requirement/complexity","no","W_i(q,m;M,p_m)"
"main","baseline","13_main_text_model_candidate.tex","143","p_m","1","p_m","candidate-or-generic","equilibrium price / candidate price","qualified manufacturing-service capacity price","no","W_i(q,m;M,p_m)"
"main","baseline","13_main_text_model_candidate.tex","143","q","1","q","q","exogenous project characteristic","commercial/scientific value shifter","no","W_i(q,m;M,p_m)"
"main","baseline","13_main_text_model_candidate.tex","145","W_E","1","W_i^E","W_i^E","endogenous route-level object","retained entrusted-manufacturing route value","through tau_E only","\max\{W_i^I,W_i^E,W^T,W^A\},\\"
"main","baseline","13_main_text_model_candidate.tex","145","W_I","1","W_i^I","W_i^I","endogenous route-level object","internal-manufacturing route value","indirect only","\max\{W_i^I,W_i^E,W^T,W^A\},\\"
"main","baseline","13_main_text_model_candidate.tex","145","W_T","1","W^T","W^T","endogenous route-level object","non-retained transfer-route value","no","\max\{W_i^I,W_i^E,W^T,W^A\},\\"
"main","baseline","13_main_text_model_candidate.tex","146","M","1","M","M","primitive parameter","binary institutional regime","policy object","r_i^*(q,m;M,p_m)"
"main","baseline","13_main_text_model_candidate.tex","146","m","1","m","m","exogenous project characteristic","manufacturing requirement/complexity","no","r_i^*(q,m;M,p_m)"
"main","baseline","13_main_text_model_candidate.tex","146","p_m","1","p_m","candidate-or-generic","equilibrium price / candidate price","qualified manufacturing-service capacity price","no","r_i^*(q,m;M,p_m)"
"main","baseline","13_main_text_model_candidate.tex","146","q","1","q","q","exogenous project characteristic","commercial/scientific value shifter","no","r_i^*(q,m;M,p_m)"
"main","baseline","13_main_text_model_candidate.tex","158","k_i","1","k_i","k_i","exogenous firm characteristic","internal manufacturing capability","no","\Delta_{IE}(k_i)"
"main","baseline","13_main_text_model_candidate.tex","160","q","1","q","q","exogenous project characteristic","commercial/scientific value shifter","no","s(q)\!\left["
"main","baseline","13_main_text_model_candidate.tex","160","s(q)","1","s(q)","s(q)","primitive parameter/function","exogenous downstream realization probability","no","s(q)\!\left["
"main","baseline","13_main_text_model_candidate.tex","161","k_i","1","k_i","k_i","exogenous firm characteristic","internal manufacturing capability","no","R\!\left(q,c_I(m,k_i)\right)-R\!\left(q,c_E(m)\right)"
"main","baseline","13_main_text_model_candidate.tex","161","m","1","m","m","exogenous project characteristic","manufacturing requirement/complexity","no","R\!\left(q,c_I(m,k_i)\right)-R\!\left(q,c_E(m)\right)"
"main","baseline","13_main_text_model_candidate.tex","161","m","2","m","m","exogenous project characteristic","manufacturing requirement/complexity","no","R\!\left(q,c_I(m,k_i)\right)-R\!\left(q,c_E(m)\right)"
"main","baseline","13_main_text_model_candidate.tex","161","q","1","q","q","exogenous project characteristic","commercial/scientific value shifter","no","R\!\left(q,c_I(m,k_i)\right)-R\!\left(q,c_E(m)\right)"
"main","baseline","13_main_text_model_candidate.tex","161","q","2","q","q","exogenous project characteristic","commercial/scientific value shifter","no","R\!\left(q,c_I(m,k_i)\right)-R\!\left(q,c_E(m)\right)"
"main","baseline","13_main_text_model_candidate.tex","162","k_i","1","k_i","k_i","exogenous firm characteristic","internal manufacturing capability","no","\right]-F_I(m,k_i)\\"
"main","baseline","13_main_text_model_candidate.tex","162","m","1","m","m","exogenous project characteristic","manufacturing requirement/complexity","no","\right]-F_I(m,k_i)\\"
"main","baseline","13_main_text_model_candidate.tex","163","m","1","m","m","exogenous project characteristic","manufacturing requirement/complexity","no","&+F_E(m)+p_mb(m)+\mu_E+\tau_E(M)."
"main","baseline","13_main_text_model_candidate.tex","163","M","1","M","M","primitive parameter","binary institutional regime","policy object","&+F_E(m)+p_mb(m)+\mu_E+\tau_E(M)."
"main","baseline","13_main_text_model_candidate.tex","163","m","2","m","m","exogenous project characteristic","manufacturing requirement/complexity","no","&+F_E(m)+p_mb(m)+\mu_E+\tau_E(M)."
"main","baseline","13_main_text_model_candidate.tex","163","p_m","1","p_m","candidate-or-generic","equilibrium price / candidate price","qualified manufacturing-service capacity price","no","&+F_E(m)+p_mb(m)+\mu_E+\tau_E(M)."
"main","baseline","13_main_text_model_candidate.tex","163","tau_E","1","\tau_E(M)","\tau_E(M)","primitive parameter","institutional barrier on retained entrusted route E","yes, through M only","&+F_E(m)+p_mb(m)+\mu_E+\tau_E(M)."
"main","baseline","13_main_text_model_candidate.tex","167","M","1","M","M","primitive parameter","binary institutional regime","policy object","Holding \((q,m,M,p_m)\) fixed on the internally feasible domain,"
"main","baseline","13_main_text_model_candidate.tex","167","m","1","m","m","exogenous project characteristic","manufacturing requirement/complexity","no","Holding \((q,m,M,p_m)\) fixed on the internally feasible domain,"
"main","baseline","13_main_text_model_candidate.tex","167","p_m","1","p_m","candidate-or-generic","equilibrium price / candidate price","qualified manufacturing-service capacity price","no","Holding \((q,m,M,p_m)\) fixed on the internally feasible domain,"
"main","baseline","13_main_text_model_candidate.tex","167","q","1","q","q","exogenous project characteristic","commercial/scientific value shifter","no","Holding \((q,m,M,p_m)\) fixed on the internally feasible domain,"
"main","baseline","13_main_text_model_candidate.tex","171","q","1","q","q","exogenous project characteristic","commercial/scientific value shifter","no","s(q)R_c\!\left(q,c_I\right)c_{I,k}-F_{I,k}>0."
"main","baseline","13_main_text_model_candidate.tex","171","q","2","q","q","exogenous project characteristic","commercial/scientific value shifter","no","s(q)R_c\!\left(q,c_I\right)c_{I,k}-F_{I,k}>0."
"main","baseline","13_main_text_model_candidate.tex","171","s(q)","1","s(q)","s(q)","primitive parameter/function","exogenous downstream realization probability","no","s(q)R_c\!\left(q,c_I\right)c_{I,k}-F_{I,k}>0."
"main","baseline","13_main_text_model_candidate.tex","174","M","1","M","M","primitive parameter","binary institutional regime","policy object","\(k^*(q,m;p_m,M)\) satisfies \(\Delta_{IE}(k^*)=0\). Conditional on \(I\)"
"main","baseline","13_main_text_model_candidate.tex","174","m","1","m","m","exogenous project characteristic","manufacturing requirement/complexity","no","\(k^*(q,m;p_m,M)\) satisfies \(\Delta_{IE}(k^*)=0\). Conditional on \(I\)"
"main","baseline","13_main_text_model_candidate.tex","174","p_m","1","p_m","candidate-or-generic","equilibrium price / candidate price","qualified manufacturing-service capacity price","no","\(k^*(q,m;p_m,M)\) satisfies \(\Delta_{IE}(k^*)=0\). Conditional on \(I\)"
"main","baseline","13_main_text_model_candidate.tex","174","q","1","q","q","exogenous project characteristic","commercial/scientific value shifter","no","\(k^*(q,m;p_m,M)\) satisfies \(\Delta_{IE}(k^*)=0\). Conditional on \(I\)"
"main","baseline","13_main_text_model_candidate.tex","181","a_i","1","a_i","a_i","exogenous firm characteristic","research capability for viable planning-stage projects","no","\Omega_i(M,p_m)"
"main","baseline","13_main_text_model_candidate.tex","181","M","1","M","M","primitive parameter","binary institutional regime","policy object","\Omega_i(M,p_m)"
"main","baseline","13_main_text_model_candidate.tex","181","Omega_i","1","\Omega_i","\Omega_i","endogenous firm-level object","expected optimized value per planning-stage project","indirect only","\Omega_i(M,p_m)"
"main","baseline","13_main_text_model_candidate.tex","181","p_m","1","p_m","candidate-or-generic","equilibrium price / candidate price","qualified manufacturing-service capacity price","no","\Omega_i(M,p_m)"
"main","baseline","13_main_text_model_candidate.tex","183","m","1","m","m","exogenous project characteristic","manufacturing requirement/complexity","no","\int W_i(q,m;M,p_m)\,dF(q,m)."
"main","baseline","13_main_text_model_candidate.tex","183","M","1","M","M","primitive parameter","binary institutional regime","policy object","\int W_i(q,m;M,p_m)\,dF(q,m)."
"main","baseline","13_main_text_model_candidate.tex","183","m","2","m","m","exogenous project characteristic","manufacturing requirement/complexity","no","\int W_i(q,m;M,p_m)\,dF(q,m)."
"main","baseline","13_main_text_model_candidate.tex","183","p_m","1","p_m","candidate-or-generic","equilibrium price / candidate price","qualified manufacturing-service capacity price","no","\int W_i(q,m;M,p_m)\,dF(q,m)."
"main","baseline","13_main_text_model_candidate.tex","183","q","1","q","q","exogenous project characteristic","commercial/scientific value shifter","no","\int W_i(q,m;M,p_m)\,dF(q,m)."
"main","baseline","13_main_text_model_candidate.tex","183","q","2","q","q","exogenous project characteristic","commercial/scientific value shifter","no","\int W_i(q,m;M,p_m)\,dF(q,m)."
"main","baseline","13_main_text_model_candidate.tex","188","x_i","1","x_i","control","control / optimized control","original-drug innovation investment / project-advancement intensity","through Omega_i only","\max_{x_i\geq0}"
"main","baseline","13_main_text_model_candidate.tex","190","a_i","1","a_i","a_i","exogenous firm characteristic","research capability for viable planning-stage projects","no","\beta a_ix_i\Omega_i(M,p_m)"
"main","baseline","13_main_text_model_candidate.tex","190","a_i","2","a_i","a_i","exogenous firm characteristic","research capability for viable planning-stage projects","no","\beta a_ix_i\Omega_i(M,p_m)"
"main","baseline","13_main_text_model_candidate.tex","190","M","1","M","M","primitive parameter","binary institutional regime","policy object","\beta a_ix_i\Omega_i(M,p_m)"
"main","baseline","13_main_text_model_candidate.tex","190","Omega_i","1","\Omega_i","\Omega_i","endogenous firm-level object","expected optimized value per planning-stage project","indirect only","\beta a_ix_i\Omega_i(M,p_m)"
"main","baseline","13_main_text_model_candidate.tex","190","p_m","1","p_m","candidate-or-generic","equilibrium price / candidate price","qualified manufacturing-service capacity price","no","\beta a_ix_i\Omega_i(M,p_m)"
"main","baseline","13_main_text_model_candidate.tex","190","x_i","1","x_i","control","control / optimized control","original-drug innovation investment / project-advancement intensity","through Omega_i only","\beta a_ix_i\Omega_i(M,p_m)"
"main","baseline","13_main_text_model_candidate.tex","192","x_i","1","x_i","control","control / optimized control","original-drug innovation investment / project-advancement intensity","through Omega_i only","\frac{\kappa}{1+\nu}x_i^{1+\nu}"
"main","baseline","13_main_text_model_candidate.tex","199","M","1","M","M","primitive parameter","binary institutional regime","policy object","x_i^*(M,p_m)"
"main","baseline","13_main_text_model_candidate.tex","199","p_m","1","p_m","candidate-or-generic","equilibrium price / candidate price","qualified manufacturing-service capacity price","no","x_i^*(M,p_m)"
"main","baseline","13_main_text_model_candidate.tex","199","x_i","1","x_i^*","optimized","control / optimized control","original-drug innovation investment / project-advancement intensity","through Omega_i only","x_i^*(M,p_m)"
"main","baseline","13_main_text_model_candidate.tex","202","a_i","1","a_i","a_i","exogenous firm characteristic","research capability for viable planning-stage projects","no","\frac{\beta a_i}{\kappa}\Omega_i(M,p_m)"
"main","baseline","13_main_text_model_candidate.tex","202","a_i","2","a_i","a_i","exogenous firm characteristic","research capability for viable planning-stage projects","no","\frac{\beta a_i}{\kappa}\Omega_i(M,p_m)"
"main","baseline","13_main_text_model_candidate.tex","202","M","1","M","M","primitive parameter","binary institutional regime","policy object","\frac{\beta a_i}{\kappa}\Omega_i(M,p_m)"
"main","baseline","13_main_text_model_candidate.tex","202","Omega_i","1","\Omega_i","\Omega_i","endogenous firm-level object","expected optimized value per planning-stage project","indirect only","\frac{\beta a_i}{\kappa}\Omega_i(M,p_m)"
"main","baseline","13_main_text_model_candidate.tex","202","p_m","1","p_m","candidate-or-generic","equilibrium price / candidate price","qualified manufacturing-service capacity price","no","\frac{\beta a_i}{\kappa}\Omega_i(M,p_m)"
"main","baseline","13_main_text_model_candidate.tex","206","a_i","1","a_i","a_i","exogenous firm characteristic","research capability for viable planning-stage projects","no","including \(x_i^*=0\) when \(\Omega_i=0\). The binary reform affects"
"main","baseline","13_main_text_model_candidate.tex","206","Omega_i","1","\Omega_i","\Omega_i","endogenous firm-level object","expected optimized value per planning-stage project","indirect only","including \(x_i^*=0\) when \(\Omega_i=0\). The binary reform affects"
"main","baseline","13_main_text_model_candidate.tex","206","x_i","1","x_i^*","optimized","control / optimized control","original-drug innovation investment / project-advancement intensity","through Omega_i only","including \(x_i^*=0\) when \(\Omega_i=0\). The binary reform affects"
"main","baseline","13_main_text_model_candidate.tex","207","a_i","1","a_i","a_i","exogenous firm characteristic","research capability for viable planning-stage projects","no","\(x_i^*\) only through \(\Omega_i\). At a fixed \(p_m\), its effect is"
"main","baseline","13_main_text_model_candidate.tex","207","Omega_i","1","\Omega_i","\Omega_i","endogenous firm-level object","expected optimized value per planning-stage project","indirect only","\(x_i^*\) only through \(\Omega_i\). At a fixed \(p_m\), its effect is"
"main","baseline","13_main_text_model_candidate.tex","207","p_m","1","p_m","candidate-or-generic","equilibrium price / candidate price","qualified manufacturing-service capacity price","no","\(x_i^*\) only through \(\Omega_i\). At a fixed \(p_m\), its effect is"
"main","baseline","13_main_text_model_candidate.tex","207","x_i","1","x_i^*","optimized","control / optimized control","original-drug innovation investment / project-advancement intensity","through Omega_i only","\(x_i^*\) only through \(\Omega_i\). At a fixed \(p_m\), its effect is"
"main","baseline","13_main_text_model_candidate.tex","217","p_m","1","p_m","candidate-or-generic","equilibrium price / candidate price","qualified manufacturing-service capacity price","no","\max_{s_j\geq0}\{p_ms_j-\Psi(s_j;z_j)\}."
"main","baseline","13_main_text_model_candidate.tex","221","p_m","1","p_m","candidate-or-generic","equilibrium price / candidate price","qualified manufacturing-service capacity price","no","\(p_m=\Psi_s(s_j^*;z_j)\), and aggregate supply is"
"main","baseline","13_main_text_model_candidate.tex","223","p_m","1","p_m","candidate-or-generic","equilibrium price / candidate price","qualified manufacturing-service capacity price","no","S_m(p_m)=\int s_j^*(p_m,z)\,dH_C(z)."
"main","baseline","13_main_text_model_candidate.tex","223","p_m","2","p_m","candidate-or-generic","equilibrium price / candidate price","qualified manufacturing-service capacity price","no","S_m(p_m)=\int s_j^*(p_m,z)\,dH_C(z)."
"main","baseline","13_main_text_model_candidate.tex","228","M","1","M","M","primitive parameter","binary institutional regime","policy object","\chi_i^E(p_m;M)"
"main","baseline","13_main_text_model_candidate.tex","228","p_m","1","p_m","candidate-or-generic","equilibrium price / candidate price","qualified manufacturing-service capacity price","no","\chi_i^E(p_m;M)"
"main","baseline","13_main_text_model_candidate.tex","230","M","1","M","M","primitive parameter","binary institutional regime","policy object","\int b(m)\mathbf 1\{r_i^*(q,m;M,p_m)=E\}\,dF(q,m)."
"main","baseline","13_main_text_model_candidate.tex","230","m","1","m","m","exogenous project characteristic","manufacturing requirement/complexity","no","\int b(m)\mathbf 1\{r_i^*(q,m;M,p_m)=E\}\,dF(q,m)."
"main","baseline","13_main_text_model_candidate.tex","230","m","2","m","m","exogenous project characteristic","manufacturing requirement/complexity","no","\int b(m)\mathbf 1\{r_i^*(q,m;M,p_m)=E\}\,dF(q,m)."
"main","baseline","13_main_text_model_candidate.tex","230","m","3","m","m","exogenous project characteristic","manufacturing requirement/complexity","no","\int b(m)\mathbf 1\{r_i^*(q,m;M,p_m)=E\}\,dF(q,m)."
"main","baseline","13_main_text_model_candidate.tex","230","p_m","1","p_m","candidate-or-generic","equilibrium price / candidate price","qualified manufacturing-service capacity price","no","\int b(m)\mathbf 1\{r_i^*(q,m;M,p_m)=E\}\,dF(q,m)."
"main","baseline","13_main_text_model_candidate.tex","230","q","1","q","q","exogenous project characteristic","commercial/scientific value shifter","no","\int b(m)\mathbf 1\{r_i^*(q,m;M,p_m)=E\}\,dF(q,m)."
"main","baseline","13_main_text_model_candidate.tex","230","q","2","q","q","exogenous project characteristic","commercial/scientific value shifter","no","\int b(m)\mathbf 1\{r_i^*(q,m;M,p_m)=E\}\,dF(q,m)."
"main","baseline","13_main_text_model_candidate.tex","236","M","1","M","M","primitive parameter","binary institutional regime","policy object","D_m^{\mathrm{MAH}}(p_m;M)"
"main","baseline","13_main_text_model_candidate.tex","236","p_m","1","p_m","candidate-or-generic","equilibrium price / candidate price","qualified manufacturing-service capacity price","no","D_m^{\mathrm{MAH}}(p_m;M)"
"main","baseline","13_main_text_model_candidate.tex","238","a_i","1","a_i","a_i","exogenous firm characteristic","research capability for viable planning-stage projects","no","\int a_ix_i^*(M,p_m)\chi_i^E(p_m;M)\,dH(a,k),\\"
"main","baseline","13_main_text_model_candidate.tex","238","M","1","M","M","primitive parameter","binary institutional regime","policy object","\int a_ix_i^*(M,p_m)\chi_i^E(p_m;M)\,dH(a,k),\\"
"main","baseline","13_main_text_model_candidate.tex","238","M","2","M","M","primitive parameter","binary institutional regime","policy object","\int a_ix_i^*(M,p_m)\chi_i^E(p_m;M)\,dH(a,k),\\"
"main","baseline","13_main_text_model_candidate.tex","238","p_m","1","p_m","candidate-or-generic","equilibrium price / candidate price","qualified manufacturing-service capacity price","no","\int a_ix_i^*(M,p_m)\chi_i^E(p_m;M)\,dH(a,k),\\"
"main","baseline","13_main_text_model_candidate.tex","238","p_m","2","p_m","candidate-or-generic","equilibrium price / candidate price","qualified manufacturing-service capacity price","no","\int a_ix_i^*(M,p_m)\chi_i^E(p_m;M)\,dH(a,k),\\"
"main","baseline","13_main_text_model_candidate.tex","238","x_i","1","x_i^*","optimized","control / optimized control","original-drug innovation investment / project-advancement intensity","through Omega_i only","\int a_ix_i^*(M,p_m)\chi_i^E(p_m;M)\,dH(a,k),\\"
"main","baseline","13_main_text_model_candidate.tex","239","M","1","M","M","primitive parameter","binary institutional regime","policy object","D_m(p_m;M)"
"main","baseline","13_main_text_model_candidate.tex","239","p_m","1","p_m","candidate-or-generic","equilibrium price / candidate price","qualified manufacturing-service capacity price","no","D_m(p_m;M)"
"main","baseline","13_main_text_model_candidate.tex","240","M","1","M","M","primitive parameter","binary institutional regime","policy object","&=D_m^B(p_m)+D_m^{\mathrm{MAH}}(p_m;M)."
"main","baseline","13_main_text_model_candidate.tex","240","p_m","1","p_m","candidate-or-generic","equilibrium price / candidate price","qualified manufacturing-service capacity price","no","&=D_m^B(p_m)+D_m^{\mathrm{MAH}}(p_m;M)."
"main","baseline","13_main_text_model_candidate.tex","240","p_m","2","p_m","candidate-or-generic","equilibrium price / candidate price","qualified manufacturing-service capacity price","no","&=D_m^B(p_m)+D_m^{\mathrm{MAH}}(p_m;M)."
"main","baseline","13_main_text_model_candidate.tex","251","M","1","M","M","primitive parameter","binary institutional regime","policy object","D_m(p_m^*;M)=S_m(p_m^*)."
"main","baseline","13_main_text_model_candidate.tex","251","p_m","1","p_m^*","equilibrium-starred","equilibrium price / candidate price","qualified manufacturing-service capacity price","no","D_m(p_m^*;M)=S_m(p_m^*)."
"main","baseline","13_main_text_model_candidate.tex","251","p_m","2","p_m^*","equilibrium-starred","equilibrium price / candidate price","qualified manufacturing-service capacity price","no","D_m(p_m^*;M)=S_m(p_m^*)."
"main","baseline","13_main_text_model_candidate.tex","258","p_m","1","p_m^*","equilibrium-starred","equilibrium price / candidate price","qualified manufacturing-service capacity price","no","old price, \(p_m^*(1)>p_m^*(0)\): CMO scarcity attenuates the reform rather"
"main","baseline","13_main_text_model_candidate.tex","258","p_m","2","p_m^*","equilibrium-starred","equilibrium price / candidate price","qualified manufacturing-service capacity price","no","old price, \(p_m^*(1)>p_m^*(0)\): CMO scarcity attenuates the reform rather"
"main","baseline","13_main_text_model_candidate.tex","264","p_m","1","p_m^*","equilibrium-starred","equilibrium price / candidate price","qualified manufacturing-service capacity price","no","p_m^*,\;"
"main","baseline","13_main_text_model_candidate.tex","265","x_i","1","x_i^*","optimized","control / optimized control","original-drug innovation investment / project-advancement intensity","through Omega_i only","x_i^*,\;"
"main","baseline","13_main_text_model_candidate.tex","266","m","1","m","m","exogenous project characteristic","manufacturing requirement/complexity","no","r_i^*(q,m),\;"
"main","baseline","13_main_text_model_candidate.tex","266","q","1","q","q","exogenous project characteristic","commercial/scientific value shifter","no","r_i^*(q,m),\;"
"main","baseline","13_main_text_model_candidate.tex","288","a_i","1","a_i","a_i","exogenous firm characteristic","research capability for viable planning-stage projects","no","\(a_i\), project quality, or the advancement-cost function."
"main","baseline","13_main_text_model_candidate.tex","299","a_i","1","a_i","a_i","exogenous firm characteristic","research capability for viable planning-stage projects","no","\Lambda_i^{\mathrm{plan}}=a_ix_i^*,"
"main","baseline","13_main_text_model_candidate.tex","299","a_i","2","a_i","a_i","exogenous firm characteristic","research capability for viable planning-stage projects","no","\Lambda_i^{\mathrm{plan}}=a_ix_i^*,"
"main","baseline","13_main_text_model_candidate.tex","299","x_i","1","x_i^*","optimized","control / optimized control","original-drug innovation investment / project-advancement intensity","through Omega_i only","\Lambda_i^{\mathrm{plan}}=a_ix_i^*,"
"main","baseline","13_main_text_model_candidate.tex","305","a_i","1","a_i","a_i","exogenous firm characteristic","research capability for viable planning-stage projects","no","a_ix_i^*"
"main","baseline","13_main_text_model_candidate.tex","305","x_i","1","x_i^*","optimized","control / optimized control","original-drug innovation investment / project-advancement intensity","through Omega_i only","a_ix_i^*"
"main","baseline","13_main_text_model_candidate.tex","306","q","1","q","q","exogenous project characteristic","commercial/scientific value shifter","no","\int s(q)"
"main","baseline","13_main_text_model_candidate.tex","306","s(q)","1","s(q)","s(q)","primitive parameter/function","exogenous downstream realization probability","no","\int s(q)"
"main","baseline","13_main_text_model_candidate.tex","311","m","1","m","m","exogenous project characteristic","manufacturing requirement/complexity","no","\right]dF(q,m)."
"main","baseline","13_main_text_model_candidate.tex","311","q","1","q","q","exogenous project characteristic","commercial/scientific value shifter","no","\right]dF(q,m)."
"main","baseline","13_main_text_model_candidate.tex","316","x_i","1","x_i","control","control / optimized control","original-drug innovation investment / project-advancement intensity","through Omega_i only","cannot cause the earlier \(x_i\) choice."
"main","baseline","13_main_text_model_candidate.tex","319","x_i","1","x_i^*","optimized","control / optimized control","original-drug innovation investment / project-advancement intensity","through Omega_i only","For \(g\in\{O,\mathrm{Inc}\}\), outcomes use the same \(x_i^*\) and the"
