"object_id","legacy_object","source_file","line","context_kind","enclosing_labels","text"
"CW-01","R_event","paper/manuscript/mah_route_indicator_friction_model.tex","105","narrative-paragraph","","Let $R_i^{event}$ denote the route-independent commercialization-event return from an internally realized original drug, let $\bar R_i^E$ denote the corresponding entrusted-route return kernel, and let $v$ be the continuation value of adding one retained product or certificate to the firm's stock. For each retained route $r\in\{I,E\}$, define"
"CW-01","R_event","paper/manuscript/mah_route_indicator_friction_model.tex","115","equation","eq:GA;eq:GE;eq:GI;eq:GT","&=\zeta_i^I\left[R_i^{event}+v\right]-C^I(k_i),"
"CW-01","R_event","paper/manuscript/mah_route_indicator_friction_model_appendix.tex","105","appendix;narrative-paragraph","","The baseline model uses a route-independent gross commercialization return rather than a full product-market demand system. Let $R^{event}_{it}$ denote the gross event payoff received when a route-planning original-drug project is successfully converted into a marketed product, before route-level implementation costs are paid. This object summarizes market size, therapeutic value, reimbursement environment, procurement exposure, and the quality or novelty composition of the opportunity. It is not the continuation value of keeping the drug in the innovating firm's future portfolio; that continuation value is represented separately by $v_t$."
"CW-01","R_event","paper/manuscript/mah_route_indicator_friction_model_appendix.tex","111","appendix;equation","eq:RbarE","\E_t\!\left[R^{event}_{ip,t}\mid L_{ip}=1,E\right],"
"CW-01","R_event","paper/manuscript/mah_route_indicator_friction_model_appendix.tex","114","appendix;narrative-paragraph","","where $L_{ip}=1$ means that the planned retained entrusted route is implemented and reaches approval, production, launch, or another observed realization counted in the data. The baseline uses $\bar R^E_{ip,t}$ as a compressed payoff object. It does not separately model sales, after-sales service, pharmacovigilance, penalties, or post-launch partner-performance shocks as state variables. Appendix \ref{sec:ces_appendix} gives a CES background interpretation for $R^{event}$, and Appendix \ref{sec:post_risk_appendix} explains how $\bar R^E$ can be viewed as the expectation of a post-production aggregate risk kernel."
"CW-01","R_event","paper/manuscript/mah_route_indicator_friction_model_appendix.tex","116","appendix;narrative-paragraph","","The key boundary is that MAH is not modeled as shifting demand. Demand-side conditions help proxy or condition the background level of $R^{event}$ and $\bar R^E$, but they do not identify an MAH demand effect. MAH operates through commercialization-route feasibility, route friction, realization probability, and the contract-manufacturing support cost. The main MAH comparative statics hold the demand-side market-return background fixed."
"CW-01","R_event","paper/manuscript/mah_route_indicator_friction_model_appendix.tex","200","appendix;narrative-paragraph","","In the baseline, $M$ and $\eta$ do not directly shift $a_i$, $R^{event}$, $\bar R_i^E$, $C^I(k_i)$, or $\mu_i^E$. Conditional on $M=1$, $\tau_{i\eta}^E\le0$, $\zeta_{i\eta}^E\ge0$, and $\zeta_{ip}^E\le0$. Thus MAH operates through route availability, the entrusted-route policy friction, route-specific implementation, and the equilibrium qualified-support cost."
"CW-01","R_event","paper/manuscript/mah_route_indicator_friction_model_appendix.tex","207","appendix;narrative-paragraph","","For each original-drug project that reaches the route-planning stage, the firm chooses one route $r\in\calR_i(M_{t+1})$ before final observed realization. This timing reflects that an innovative developer often must identify qualified production support for trial material, technology transfer, and manufacturing-readiness review before final clinical success, MAH authorization, and formal retained entrusted production are realized. Let $R^{event}_{i,t+1}$ be the gross commercialization-event payoff from a commercialized original drug in period $t+1$. It summarizes the non-stock payoff associated with converting a route-planning project into a marketed product, including market size, therapeutic value, reimbursement environment, and product demand. It is included because pharmaceutical innovation responds to expected market rewards \citep{AcemogluLinn2004,DuboisDeMouzonScottMortonSeabright2015,BarwickXiaXia2026}. The model does not require firm-product revenue data."
"CW-01","R_event","paper/manuscript/mah_route_indicator_friction_model_appendix.tex","210","appendix;narrative-paragraph","","There are three distinct payoff objects. First, $R^{event}$ or $\bar R^E$ is the commercialization-event payoff received when a route-planning project becomes a marketed product. Second, existing retained products generate the expected flow payoff $\pi n_{it}$. Third, $v_t$ is the marginal continuation value of adding one retained original-drug asset to the firm's stock. Retained routes receive continuation value only when the project is implemented and retained. Thus $R^{event}\neq v_t$ and $R^{event}\neq \pi n_{it}$."
"CW-01","R_event","paper/manuscript/mah_route_indicator_friction_model_appendix.tex","213","appendix;narrative-paragraph","","$R^{event}_{i,t+1}$ and $\bar R^E_{ip,t+1}$ are route-period commercialization payoffs and exclude the continuation value of keeping the product in the innovating firm's retained stock. Continuation value is represented separately by $v_{t+1}$. The route $T$ is a non-retained outside option: after transfer, sale, or non-retained out-licensing, the innovating firm receives $S_i-\tau_i^T$ but does not add the product to its retained stock. A retained licensing arrangement would be a different route and is not modeled separately here."
"CW-01","R_event","paper/manuscript/mah_route_indicator_friction_model_appendix.tex","224","appendix;equation","eq:transfer_special_case","S_i=\omega_i^T R^{event}_{it},"
"CW-01","R_event","paper/manuscript/mah_route_indicator_friction_model_appendix.tex","251","appendix;equation","eq:GA;eq:GE;eq:GI;eq:GT","&=\zeta^I_{i,t+1}\left[R^{event}_{i,t+1}+v_{t+1}\right]-C^I(k_i),"
"CW-01","R_event","paper/manuscript/mah_route_indicator_friction_model_appendix.tex","671","appendix;narrative-paragraph","","Demand expansion & $R^{event}\uparrow$ & Does not specifically predict holder--producer split & Multiple commercialization routes become more attractive \\"
"CW-01","R_event","paper/manuscript/mah_route_indicator_friction_model_appendix.tex","846","appendix;calibration-or-empirical;narrative-paragraph","","$R^{event}$ and $\bar R^E$ & Route-independent gross return and entrusted-route realized-return kernel & Demand-side controls: disease burden, patient population, reimbursement, procurement exposure, aggregate sales or therapeutic-composition controls & Background/control for opportunity value; not evidence that MAH raises demand \\"
"CW-01","R_event","paper/manuscript/mah_route_indicator_friction_model_appendix.tex","865","appendix;calibration-or-empirical;narrative-paragraph","","Construct a comparable product-level sample of original-drug records. If available, also construct demand-side controls $d_t^{data}$ for $R^{event}$ and $\bar R^E$, such as disease burden, patient population, reimbursement status, procurement exposure, or therapeutic-area composition. These controls are used to discipline or condition the market-return background, not to define MAH as a demand shock. With current approval-side data, the baseline moments are"
"CW-01","R_event","paper/manuscript/mah_route_indicator_friction_model_appendix.tex","874","appendix;calibration-or-empirical;narrative-paragraph","","where $s^{E,data}_{post}$ is the post-MAH holder--producer split share among comparable original-drug records and $\bar\lambda^{O,obs,data}_{0}$ is a baseline realized original-drug count. A research-oriented entry moment $N_E^{data}$ should be added only when a credible firm-year entry panel is available. The demand-side control vector $d_t^{data}$ can be reported alongside these moments or used in sensitivity checks for $R^{event}$ and $\bar R^E$."
"CW-01","R_event","paper/manuscript/mah_route_indicator_friction_model_appendix.tex","985","appendix;calibration-or-empirical;narrative-paragraph","","Demand-side data are useful as controls for $R^{event}$ and $\bar R^E$. They may include disease burden, patient population, reimbursement status, NRDL status, procurement exposure, aggregate therapeutic-area sales, prescription volume, or therapeutic-area composition. These variables help keep the MAH commercialization-friction channel distinct from changes in market size or payment environment. They should not be interpreted as evidence that MAH itself raises demand."
"CW-01","R_event","paper/manuscript/mah_route_indicator_friction_model_appendix.tex","1103","appendix;calibration-or-empirical;narrative-paragraph","","The main text compresses this demand-side background into $R^{event}$. It does not solve for feedback from MAH-induced innovation to $P_t$, expenditure allocation, or product-market competition."
"CW-01","R_event","paper/manuscript/mah_route_indicator_friction_model_appendix.tex","1148","appendix;calibration-or-empirical;narrative-paragraph","","This does not mean that market demand is absent from the model. Demand-side conditions enter through $R^{event}$ and $\bar R^E$ as background payoff shifters and calibration controls, while MAH operates through commercialization-route feasibility, realization probability, CMO support-market costs, and the relative attractiveness of the retained external route."
"CW-01","R_event","paper/manuscript/mah_route_indicator_friction_model_appendix.tex","1183","appendix;calibration-or-empirical;narrative-paragraph","","Demand-side controls help proxy or condition $R^{event}$ and $\bar R^E$. They are not a fourth MAH mechanism and should not be interpreted as evidence that MAH increases demand."
"CW-01","R_event","paper/manuscript/mah_route_indicator_friction_model_appendix.tex","1271","appendix;calibration-or-empirical;narrative-paragraph","","G_i^I=\zeta_i^I(R_i^{event}+v)-C^I(k_i),"
"CW-01","R_event","research_notes/model_notes/01_symbols_and_objects.md","38","legacy-note","","| \(R_i^{event}\), \(\bar R_i^E\) | route-period commercialization returns | Separate from existing-stock flow payoff and continuation value |"
"CW-01","R_event","research_notes/model_notes/02_equation_dependency_map.md","33","legacy-note","","G_i^I=\zeta_i^I(R_i^{event}+v)-C^I(k_i),"
"CW-01","R_event","research_notes/model_notes/03_assumptions_and_scope.md","19","legacy-note","","- demand or market-return objects \(R_i^{event}\) and \(\bar R_i^E\);"
"CW-01","R_event","research_notes/model_notes/06_bellman_accounting.md","42","legacy-note","","| \(R_i^{event}\), \(\bar R_i^E\) | route-period commercialization payoff after realization | Excludes retained-stock continuation value |"
"CW-01","R_event","research_notes/model_notes/06_bellman_accounting.md","52","legacy-note","","=\zeta_i^I(R_i^{event}+v)-C^I(k_i),"
"CW-02","Rbar_E","paper/manuscript/mah_route_indicator_friction_model.tex","105","narrative-paragraph","","Let $R_i^{event}$ denote the route-independent commercialization-event return from an internally realized original drug, let $\bar R_i^E$ denote the corresponding entrusted-route return kernel, and let $v$ be the continuation value of adding one retained product or certificate to the firm's stock. For each retained route $r\in\{I,E\}$, define"
"CW-02","Rbar_E","paper/manuscript/mah_route_indicator_friction_model.tex","118","equation","eq:GA;eq:GE;eq:GI;eq:GT","&=\zeta_i^E(\eta,p_m)\left[\bar R_i^E+v\right]"
"CW-02","Rbar_E","paper/manuscript/mah_route_indicator_friction_model.tex","133","narrative-paragraph","","=(\bar R_i^E+v)\frac{\partial\zeta_i^E}{\partial p_m}-1<0."
"CW-02","Rbar_E","paper/manuscript/mah_route_indicator_friction_model.tex","277","equation;proposition","eq:dGammadeta;eq:dpdeta;eq:GE_eta;eq:GE_p;prop:cmo_attenuation","&=(\bar R_i^E+v)\zeta_{i\eta}^E-\tau_{i\eta}^E\ge0,"
"CW-02","Rbar_E","paper/manuscript/mah_route_indicator_friction_model.tex","280","equation;proposition","eq:dGammadeta;eq:dpdeta;eq:GE_eta;eq:GE_p;prop:cmo_attenuation","&=(\bar R_i^E+v)\zeta_{ip}^E-1<0,"
"CW-02","Rbar_E","paper/manuscript/mah_route_indicator_friction_model_appendix.tex","95","appendix;narrative-paragraph","","Composite realization objects & $\zeta_i^r=s_i\chi_i^r$, $\bar R_i^E$, route-realization wedge & Compressed objects linking planning-stage projects to implementation and observed outcomes & Route-use and count moments discipline composites, not all primitives \\"
"CW-02","Rbar_E","paper/manuscript/mah_route_indicator_friction_model_appendix.tex","109","appendix;equation","eq:RbarE","\bar R^E_{ip,t}"
"CW-02","Rbar_E","paper/manuscript/mah_route_indicator_friction_model_appendix.tex","114","appendix;narrative-paragraph","","where $L_{ip}=1$ means that the planned retained entrusted route is implemented and reaches approval, production, launch, or another observed realization counted in the data. The baseline uses $\bar R^E_{ip,t}$ as a compressed payoff object. It does not separately model sales, after-sales service, pharmacovigilance, penalties, or post-launch partner-performance shocks as state variables. Appendix \ref{sec:ces_appendix} gives a CES background interpretation for $R^{event}$, and Appendix \ref{sec:post_risk_appendix} explains how $\bar R^E$ can be viewed as the expectation of a post-production aggregate risk kernel."
"CW-02","Rbar_E","paper/manuscript/mah_route_indicator_friction_model_appendix.tex","116","appendix;narrative-paragraph","","The key boundary is that MAH is not modeled as shifting demand. Demand-side conditions help proxy or condition the background level of $R^{event}$ and $\bar R^E$, but they do not identify an MAH demand effect. MAH operates through commercialization-route feasibility, route friction, realization probability, and the contract-manufacturing support cost. The main MAH comparative statics hold the demand-side market-return background fixed."
"CW-02","Rbar_E","paper/manuscript/mah_route_indicator_friction_model_appendix.tex","200","appendix;narrative-paragraph","","In the baseline, $M$ and $\eta$ do not directly shift $a_i$, $R^{event}$, $\bar R_i^E$, $C^I(k_i)$, or $\mu_i^E$. Conditional on $M=1$, $\tau_{i\eta}^E\le0$, $\zeta_{i\eta}^E\ge0$, and $\zeta_{ip}^E\le0$. Thus MAH operates through route availability, the entrusted-route policy friction, route-specific implementation, and the equilibrium qualified-support cost."
"CW-02","Rbar_E","paper/manuscript/mah_route_indicator_friction_model_appendix.tex","210","appendix;narrative-paragraph","","There are three distinct payoff objects. First, $R^{event}$ or $\bar R^E$ is the commercialization-event payoff received when a route-planning project becomes a marketed product. Second, existing retained products generate the expected flow payoff $\pi n_{it}$. Third, $v_t$ is the marginal continuation value of adding one retained original-drug asset to the firm's stock. Retained routes receive continuation value only when the project is implemented and retained. Thus $R^{event}\neq v_t$ and $R^{event}\neq \pi n_{it}$."
"CW-02","Rbar_E","paper/manuscript/mah_route_indicator_friction_model_appendix.tex","213","appendix;narrative-paragraph","","$R^{event}_{i,t+1}$ and $\bar R^E_{ip,t+1}$ are route-period commercialization payoffs and exclude the continuation value of keeping the product in the innovating firm's retained stock. Continuation value is represented separately by $v_{t+1}$. The route $T$ is a non-retained outside option: after transfer, sale, or non-retained out-licensing, the innovating firm receives $S_i-\tau_i^T$ but does not add the product to its retained stock. A retained licensing arrangement would be a different route and is not modeled separately here."
"CW-02","Rbar_E","paper/manuscript/mah_route_indicator_friction_model_appendix.tex","255","appendix;equation","eq:GA;eq:GE;eq:GI;eq:GT","\left[\bar R^E_{i,t+1}+v_{t+1}\right]"
"CW-02","Rbar_E","paper/manuscript/mah_route_indicator_friction_model_appendix.tex","485","appendix;narrative-paragraph","","When $E\in\calR_i(M)$, define the entrusted-route marginal payoff effect of a change in the MAH-reducible friction, holding the market-clearing support cost fixed. Assume $\bar R_i^E+v\ge0$ and $\partial\zeta_i^E/\partial\tau_i^E\le0$, so a higher entrusted-route friction does not improve route realization. Then"
"CW-02","Rbar_E","paper/manuscript/mah_route_indicator_friction_model_appendix.tex","489","appendix;equation","eq:dGEdtau","\left(\bar R_i^E+v\right)"
"CW-02","Rbar_E","paper/manuscript/mah_route_indicator_friction_model_appendix.tex","501","appendix;equation","eq:dGammadTau_logit","\left(\bar R_i^E+v\right)"
"CW-02","Rbar_E","paper/manuscript/mah_route_indicator_friction_model_appendix.tex","586","appendix;equation","eq:GE_eta_appendix;eq:GE_p_appendix","&=(\bar R_i^E+v)\zeta_{i\eta}^E-\tau_{i\eta}^E\ge0,"
"CW-02","Rbar_E","paper/manuscript/mah_route_indicator_friction_model_appendix.tex","589","appendix;equation","eq:GE_eta_appendix;eq:GE_p_appendix","&=(\bar R_i^E+v)\zeta_{ip}^E-1<0."
"CW-02","Rbar_E","paper/manuscript/mah_route_indicator_friction_model_appendix.tex","846","appendix;calibration-or-empirical;narrative-paragraph","","$R^{event}$ and $\bar R^E$ & Route-independent gross return and entrusted-route realized-return kernel & Demand-side controls: disease burden, patient population, reimbursement, procurement exposure, aggregate sales or therapeutic-composition controls & Background/control for opportunity value; not evidence that MAH raises demand \\"
"CW-02","Rbar_E","paper/manuscript/mah_route_indicator_friction_model_appendix.tex","865","appendix;calibration-or-empirical;narrative-paragraph","","Construct a comparable product-level sample of original-drug records. If available, also construct demand-side controls $d_t^{data}$ for $R^{event}$ and $\bar R^E$, such as disease burden, patient population, reimbursement status, procurement exposure, or therapeutic-area composition. These controls are used to discipline or condition the market-return background, not to define MAH as a demand shock. With current approval-side data, the baseline moments are"
"CW-02","Rbar_E","paper/manuscript/mah_route_indicator_friction_model_appendix.tex","874","appendix;calibration-or-empirical;narrative-paragraph","","where $s^{E,data}_{post}$ is the post-MAH holder--producer split share among comparable original-drug records and $\bar\lambda^{O,obs,data}_{0}$ is a baseline realized original-drug count. A research-oriented entry moment $N_E^{data}$ should be added only when a credible firm-year entry panel is available. The demand-side control vector $d_t^{data}$ can be reported alongside these moments or used in sensitivity checks for $R^{event}$ and $\bar R^E$."
"CW-02","Rbar_E","paper/manuscript/mah_route_indicator_friction_model_appendix.tex","888","appendix;calibration-or-empirical;narrative-paragraph","","Because approval-side data do not separately observe $a_i$, $\kappa$, $\Gamma_i$, $\zeta_i^E$, $\bar R_i^E$, project-level success probabilities, and route-choice scale, the calibration must normalize at least one object. Examples include $\kappa=1$, a benchmark $\Gamma^0(\theta)=1$, a chosen route-choice scale $\sigma_r$, or sensitivity values for $p_m^*(M,\eta)$. The calibrated parameters should be interpreted relative to these normalizations."
"CW-02","Rbar_E","paper/manuscript/mah_route_indicator_friction_model_appendix.tex","985","appendix;calibration-or-empirical;narrative-paragraph","","Demand-side data are useful as controls for $R^{event}$ and $\bar R^E$. They may include disease burden, patient population, reimbursement status, NRDL status, procurement exposure, aggregate therapeutic-area sales, prescription volume, or therapeutic-area composition. These variables help keep the MAH commercialization-friction channel distinct from changes in market size or payment environment. They should not be interpreted as evidence that MAH itself raises demand."
"CW-02","Rbar_E","paper/manuscript/mah_route_indicator_friction_model_appendix.tex","1108","appendix;calibration-or-empirical;narrative-paragraph","","The main text uses $\bar R_i^E$ as a compressed payoff object for the retained entrusted route. One interpretation is"
"CW-02","Rbar_E","paper/manuscript/mah_route_indicator_friction_model_appendix.tex","1110","appendix;calibration-or-empirical;equation","eq:post_risk_Rbar","\bar R^E_{ip}"
"CW-02","Rbar_E","paper/manuscript/mah_route_indicator_friction_model_appendix.tex","1116","appendix;calibration-or-empirical;narrative-paragraph","","The shock $\omega$ summarizes post-production uncertainty after the project has been implemented through the entrusted route. The model does not separately introduce sales, after-sales service, pharmacovigilance, regulatory penalty, or partner-performance states. Those risks are intentionally compressed into $\bar R^E$ so that the baseline remains a mechanism model rather than a full product-level dynamic state-space model."
"CW-02","Rbar_E","paper/manuscript/mah_route_indicator_friction_model_appendix.tex","1148","appendix;calibration-or-empirical;narrative-paragraph","","This does not mean that market demand is absent from the model. Demand-side conditions enter through $R^{event}$ and $\bar R^E$ as background payoff shifters and calibration controls, while MAH operates through commercialization-route feasibility, realization probability, CMO support-market costs, and the relative attractiveness of the retained external route."
"CW-02","Rbar_E","paper/manuscript/mah_route_indicator_friction_model_appendix.tex","1183","appendix;calibration-or-empirical;narrative-paragraph","","Demand-side controls help proxy or condition $R^{event}$ and $\bar R^E$. They are not a fourth MAH mechanism and should not be interpreted as evidence that MAH increases demand."
"CW-02","Rbar_E","paper/manuscript/mah_route_indicator_friction_model_appendix.tex","1273","appendix;calibration-or-empirical;narrative-paragraph","","G_i^E=\zeta_i^E(\bar R_i^E+v)-p_m^*-\tau_i^E-\mu_i^E,"
"CW-02","Rbar_E","research_notes/model_notes/00_model_closure_status.md","30","legacy-note","","=\zeta_i^E(\eta,p_m)(\bar R_i^E+v)"
"CW-02","Rbar_E","research_notes/model_notes/01_symbols_and_objects.md","38","legacy-note","","| \(R_i^{event}\), \(\bar R_i^E\) | route-period commercialization returns | Separate from existing-stock flow payoff and continuation value |"
"CW-02","Rbar_E","research_notes/model_notes/02_equation_dependency_map.md","38","legacy-note","","=\zeta_i^E(\eta,p_m)(\bar R_i^E+v)"
"CW-02","Rbar_E","research_notes/model_notes/03_assumptions_and_scope.md","19","legacy-note","","- demand or market-return objects \(R_i^{event}\) and \(\bar R_i^E\);"
"CW-02","Rbar_E","research_notes/model_notes/04_comparative_statics_checklist.md","26","legacy-note","","=(\bar R_i^E+v)\zeta_{i\eta}^E-\tau_{i\eta}^E\ge0,"
"CW-02","Rbar_E","research_notes/model_notes/04_comparative_statics_checklist.md","31","legacy-note","","=(\bar R_i^E+v)\zeta_{ip}^E-1<0."
"CW-02","Rbar_E","research_notes/model_notes/06_bellman_accounting.md","42","legacy-note","","| \(R_i^{event}\), \(\bar R_i^E\) | route-period commercialization payoff after realization | Excludes retained-stock continuation value |"
"CW-02","Rbar_E","research_notes/model_notes/06_bellman_accounting.md","57","legacy-note","","=\zeta_i^E(\bar R_i^E+v)"
"CW-02","Rbar_E","research_notes/model_notes/11_proposition_dependency_audit.md","34","legacy-note","","=(\bar R_i^E+v)\zeta_{i\eta}^E-\tau_{i\eta}^E,"
"CW-02","Rbar_E","research_notes/model_notes/11_proposition_dependency_audit.md","37","legacy-note","","=(\bar R_i^E+v)\zeta_{ip}^E-1."
"CW-03","retained_continuation_v","paper/manuscript/mah_route_indicator_friction_model.tex","105","narrative-paragraph","","Let $R_i^{event}$ denote the route-independent commercialization-event return from an internally realized original drug, let $\bar R_i^E$ denote the corresponding entrusted-route return kernel, and let $v$ be the continuation value of adding one retained product or certificate to the firm's stock. For each retained route $r\in\{I,E\}$, define"
"CW-03","retained_continuation_v","paper/manuscript/mah_route_indicator_friction_model.tex","115","equation","eq:GA;eq:GE;eq:GI;eq:GT","&=\zeta_i^I\left[R_i^{event}+v\right]-C^I(k_i),"
"CW-03","retained_continuation_v","paper/manuscript/mah_route_indicator_friction_model.tex","118","equation","eq:GA;eq:GE;eq:GI;eq:GT","&=\zeta_i^E(\eta,p_m)\left[\bar R_i^E+v\right]"
"CW-03","retained_continuation_v","paper/manuscript/mah_route_indicator_friction_model.tex","133","narrative-paragraph","","=(\bar R_i^E+v)\frac{\partial\zeta_i^E}{\partial p_m}-1<0."
"CW-03","retained_continuation_v","paper/manuscript/mah_route_indicator_friction_model.tex","277","equation;proposition","eq:dGammadeta;eq:dpdeta;eq:GE_eta;eq:GE_p;prop:cmo_attenuation","&=(\bar R_i^E+v)\zeta_{i\eta}^E-\tau_{i\eta}^E\ge0,"
"CW-03","retained_continuation_v","paper/manuscript/mah_route_indicator_friction_model.tex","280","equation;proposition","eq:dGammadeta;eq:dpdeta;eq:GE_eta;eq:GE_p;prop:cmo_attenuation","&=(\bar R_i^E+v)\zeta_{ip}^E-1<0,"
"CW-03","retained_continuation_v","paper/manuscript/mah_route_indicator_friction_model_appendix.tex","105","appendix;narrative-paragraph","","The baseline model uses a route-independent gross commercialization return rather than a full product-market demand system. Let $R^{event}_{it}$ denote the gross event payoff received when a route-planning original-drug project is successfully converted into a marketed product, before route-level implementation costs are paid. This object summarizes market size, therapeutic value, reimbursement environment, procurement exposure, and the quality or novelty composition of the opportunity. It is not the continuation value of keeping the drug in the innovating firm's future portfolio; that continuation value is represented separately by $v_t$."
"CW-03","retained_continuation_v","paper/manuscript/mah_route_indicator_friction_model_appendix.tex","185","appendix;narrative-paragraph","","Here $I$ is internal production, $E$ is entrusted production while retaining MAH, $T$ is a non-retained outside option such as transfer, sale, or out-licensing that removes the opportunity from the innovating firm's retained stock, and $A$ is abandonment or delay. This discrete route set follows the commercialization-strategy logic in which innovators choose between internal development and external technology-market arrangements depending on the availability of a market for technology or ideas \citep{AroraFosfuriGambardella2001,GansStern2003}. The special case $h_i^I=0$ is important for research-oriented firms without internal manufacturing capacity, but it is not imposed as a universal theory assumption."
"CW-03","retained_continuation_v","paper/manuscript/mah_route_indicator_friction_model_appendix.tex","210","appendix;narrative-paragraph","","There are three distinct payoff objects. First, $R^{event}$ or $\bar R^E$ is the commercialization-event payoff received when a route-planning project becomes a marketed product. Second, existing retained products generate the expected flow payoff $\pi n_{it}$. Third, $v_t$ is the marginal continuation value of adding one retained original-drug asset to the firm's stock. Retained routes receive continuation value only when the project is implemented and retained. Thus $R^{event}\neq v_t$ and $R^{event}\neq \pi n_{it}$."
"CW-03","retained_continuation_v","paper/manuscript/mah_route_indicator_friction_model_appendix.tex","213","appendix;narrative-paragraph","","$R^{event}_{i,t+1}$ and $\bar R^E_{ip,t+1}$ are route-period commercialization payoffs and exclude the continuation value of keeping the product in the innovating firm's retained stock. Continuation value is represented separately by $v_{t+1}$. The route $T$ is a non-retained outside option: after transfer, sale, or non-retained out-licensing, the innovating firm receives $S_i-\tau_i^T$ but does not add the product to its retained stock. A retained licensing arrangement would be a different route and is not modeled separately here."
"CW-03","retained_continuation_v","paper/manuscript/mah_route_indicator_friction_model_appendix.tex","217","appendix;narrative-paragraph","","The route $T$ is a non-retained outside option. It includes transfer, sale, or non-retained out-licensing arrangements under which the innovating firm receives a net payment but does not add the product to its retained stock. We write this payoff as"
"CW-03","retained_continuation_v","paper/manuscript/mah_route_indicator_friction_model_appendix.tex","251","appendix;equation","eq:GA;eq:GE;eq:GI;eq:GT","&=\zeta^I_{i,t+1}\left[R^{event}_{i,t+1}+v_{t+1}\right]-C^I(k_i),"
"CW-03","retained_continuation_v","paper/manuscript/mah_route_indicator_friction_model_appendix.tex","255","appendix;equation","eq:GA;eq:GE;eq:GI;eq:GT","\left[\bar R^E_{i,t+1}+v_{t+1}\right]"
"CW-03","retained_continuation_v","paper/manuscript/mah_route_indicator_friction_model_appendix.tex","347","appendix;narrative-paragraph","","The expected retained-stock transition is"
"CW-03","retained_continuation_v","paper/manuscript/mah_route_indicator_friction_model_appendix.tex","359","appendix;narrative-paragraph","","where $\rho^I=\rho^E=1$ and $\rho^T=\rho^A=0$. The retained routes use their nontrivial realization probabilities $\zeta_i^I$ and $\zeta_i^E$; no normalization sets internal realization to one in the baseline. Because transfer and abandonment do not add to the innovator's retained stock, their realization probabilities do not affect this transition. A fully realized formulation would sum route and realization indicators over the $Y_{i,t+1}^{plan}$ projects; equation \eqref{eq:transition} is its conditional expectation."
"CW-03","retained_continuation_v","paper/manuscript/mah_route_indicator_friction_model_appendix.tex","363","appendix;narrative-paragraph","","Let $\beta\in(0,1)$, $\delta\in(0,1)$, $\sigma_r>0$, and suppose route payoffs are bounded for all feasible firm types and regimes. In stationary environments, the Bellman operator is a contraction on bounded value functions, and the retained-stock component has finite marginal value because $\beta(1-\delta)<1$."
"CW-03","retained_continuation_v","paper/manuscript/mah_route_indicator_friction_model_appendix.tex","368","appendix;equation","eq:affine","V_t(n_{it};\cdot)=A_t(\cdot)+v_t n_{it}."
"CW-03","retained_continuation_v","paper/manuscript/mah_route_indicator_friction_model_appendix.tex","387","appendix;narrative-paragraph","","The reduced problem keeps the payoff accounting transparent: $\Gamma$ already contains the route-period payoff and the incremental continuation value of retained realized products, while $\pi n$ is the flow payoff from the pre-existing retained stock."
"CW-03","retained_continuation_v","paper/manuscript/mah_route_indicator_friction_model_appendix.tex","485","appendix;narrative-paragraph","","When $E\in\calR_i(M)$, define the entrusted-route marginal payoff effect of a change in the MAH-reducible friction, holding the market-clearing support cost fixed. Assume $\bar R_i^E+v\ge0$ and $\partial\zeta_i^E/\partial\tau_i^E\le0$, so a higher entrusted-route friction does not improve route realization. Then"
"CW-03","retained_continuation_v","paper/manuscript/mah_route_indicator_friction_model_appendix.tex","489","appendix;equation","eq:dGEdtau","\left(\bar R_i^E+v\right)"
"CW-03","retained_continuation_v","paper/manuscript/mah_route_indicator_friction_model_appendix.tex","501","appendix;equation","eq:dGammadTau_logit","\left(\bar R_i^E+v\right)"
"CW-03","retained_continuation_v","paper/manuscript/mah_route_indicator_friction_model_appendix.tex","586","appendix;equation","eq:GE_eta_appendix;eq:GE_p_appendix","&=(\bar R_i^E+v)\zeta_{i\eta}^E-\tau_{i\eta}^E\ge0,"
"CW-03","retained_continuation_v","paper/manuscript/mah_route_indicator_friction_model_appendix.tex","589","appendix;equation","eq:GE_eta_appendix;eq:GE_p_appendix","&=(\bar R_i^E+v)\zeta_{ip}^E-1<0."
"CW-03","retained_continuation_v","paper/manuscript/mah_route_indicator_friction_model_appendix.tex","922","appendix;calibration-or-empirical;equation","eq:route_gap","\zeta_t^E(\bar R_t^E+v)"
"CW-03","retained_continuation_v","paper/manuscript/mah_route_indicator_friction_model_appendix.tex","926","appendix;calibration-or-empirical;equation","eq:route_gap","\left[\zeta_t^I(R_t^{event}+v)-C^I(k)\right]."
"CW-03","retained_continuation_v","paper/manuscript/mah_route_indicator_friction_model_appendix.tex","1271","appendix;calibration-or-empirical;narrative-paragraph","","G_i^I=\zeta_i^I(R_i^{event}+v)-C^I(k_i),"
"CW-03","retained_continuation_v","paper/manuscript/mah_route_indicator_friction_model_appendix.tex","1273","appendix;calibration-or-empirical;narrative-paragraph","","G_i^E=\zeta_i^E(\bar R_i^E+v)-p_m^*-\tau_i^E-\mu_i^E,"
"CW-03","retained_continuation_v","paper/manuscript/mah_route_indicator_friction_model_appendix.tex","1305","appendix;calibration-or-empirical;narrative-paragraph","","This is a change in a composite payoff-and-realization wedge, not the primitive change in $\tau^E$. It reduces to a scaled change in $\tau^E$ only under restrictive normalizations that hold CMO support costs, residual holder burden, internal production cost, relative realization, route-specific returns, and retained continuation value fixed. This is not the baseline interpretation when the MAH-style entrusted route was institutionally unavailable before the reform."
"CW-03","retained_continuation_v","research_notes/model_notes/00_model_closure_status.md","30","legacy-note","","=\zeta_i^E(\eta,p_m)(\bar R_i^E+v)"
"CW-03","retained_continuation_v","research_notes/model_notes/01_symbols_and_objects.md","38","legacy-note","","| \(R_i^{event}\), \(\bar R_i^E\) | route-period commercialization returns | Separate from existing-stock flow payoff and continuation value |"
"CW-03","retained_continuation_v","research_notes/model_notes/01_symbols_and_objects.md","39","legacy-note","","| \(v\) | marginal continuation value of one retained realized product | Added only through retained realized routes |"
"CW-03","retained_continuation_v","research_notes/model_notes/01_symbols_and_objects.md","40","legacy-note","","| \(\rho^r\) | retained-stock indicator | \(\rho^I=\rho^E=1\); \(\rho^T=\rho^A=0\) |"
"CW-03","retained_continuation_v","research_notes/model_notes/01_symbols_and_objects.md","44","legacy-note","","| \(G_i^r\) | planning-stage route payoff | Includes route-period payoff, retained continuation value where applicable, and planning costs |"
"CW-03","retained_continuation_v","research_notes/model_notes/02_equation_dependency_map.md","33","legacy-note","","G_i^I=\zeta_i^I(R_i^{event}+v)-C^I(k_i),"
"CW-03","retained_continuation_v","research_notes/model_notes/02_equation_dependency_map.md","38","legacy-note","","=\zeta_i^E(\eta,p_m)(\bar R_i^E+v)"
"CW-03","retained_continuation_v","research_notes/model_notes/02_equation_dependency_map.md","156","legacy-note","","The retained-stock transition is a conditional expectation:"
"CW-03","retained_continuation_v","research_notes/model_notes/03_assumptions_and_scope.md","10","legacy-note","","6. Existing-stock flow payoff, route-period commercialization payoff, and marginal continuation value are distinct objects."
"CW-03","retained_continuation_v","research_notes/model_notes/04_comparative_statics_checklist.md","26","legacy-note","","=(\bar R_i^E+v)\zeta_{i\eta}^E-\tau_{i\eta}^E\ge0,"
"CW-03","retained_continuation_v","research_notes/model_notes/04_comparative_statics_checklist.md","31","legacy-note","","=(\bar R_i^E+v)\zeta_{ip}^E-1<0."
"CW-03","retained_continuation_v","research_notes/model_notes/06_bellman_accounting.md","42","legacy-note","","| \(R_i^{event}\), \(\bar R_i^E\) | route-period commercialization payoff after realization | Excludes retained-stock continuation value |"
"CW-03","retained_continuation_v","research_notes/model_notes/06_bellman_accounting.md","43","legacy-note","","| \(\pi n_{it}\) | current flow payoff from existing retained stock | Does not include the new project's route-period payoff |"
"CW-03","retained_continuation_v","research_notes/model_notes/06_bellman_accounting.md","44","legacy-note","","| \(v_t\) | marginal continuation value of one additional retained realized product | Enters retained route values only through realization |"
"CW-03","retained_continuation_v","research_notes/model_notes/06_bellman_accounting.md","52","legacy-note","","=\zeta_i^I(R_i^{event}+v)-C^I(k_i),"
"CW-03","retained_continuation_v","research_notes/model_notes/06_bellman_accounting.md","57","legacy-note","","=\zeta_i^E(\bar R_i^E+v)"
"CW-03","retained_continuation_v","research_notes/model_notes/06_bellman_accounting.md","78","legacy-note","","V_t(n_{it};\cdot)=A_t(\cdot)+v_t n_{it},"
"CW-03","retained_continuation_v","research_notes/model_notes/06_bellman_accounting.md","87","legacy-note","","In a stationary bounded environment, \(\beta(1-\delta)<1\) keeps the marginal retained-stock value finite."
"CW-03","retained_continuation_v","research_notes/model_notes/06_bellman_accounting.md","124","legacy-note","","3. continuation value is added only for retained realized routes;"
"CW-03","retained_continuation_v","research_notes/model_notes/06_bellman_accounting.md","128","legacy-note","","7. transfer and abandonment do not add to retained stock."
"CW-03","retained_continuation_v","research_notes/model_notes/10_main_appendix_consistency_audit.md","29","legacy-note","","| Bellman transition | Conditional expectation of next-period retained stock | Appendix formalizes the main-text timing |"
"CW-03","retained_continuation_v","research_notes/model_notes/11_proposition_dependency_audit.md","34","legacy-note","","=(\bar R_i^E+v)\zeta_{i\eta}^E-\tau_{i\eta}^E,"
"CW-03","retained_continuation_v","research_notes/model_notes/11_proposition_dependency_audit.md","37","legacy-note","","=(\bar R_i^E+v)\zeta_{ip}^E-1."
"CW-04","C_internal","paper/manuscript/mah_route_indicator_friction_model.tex","90","narrative-paragraph","","The discount factor satisfies $\beta\in(0,1)$, R\&D cost has $\kappa>0$, internal production cost $C^I(k_i)$ is weakly decreasing in internal manufacturing capability, and route-realization probabilities lie in $[0,1]$. Conditional on $M=1$, $\tau_{i\eta}^E(\eta)\le0$, $\zeta_{i\eta}^E(\eta,p_m)\ge0$, and $\zeta_{ip}^E(\eta,p_m)\le0$. In the baseline, $M$ and $\eta$ do not directly shift $a_i$, the market-return objects, or the residual burden $\mu_i^E$."
"CW-04","C_internal","paper/manuscript/mah_route_indicator_friction_model.tex","115","equation","eq:GA;eq:GE;eq:GI;eq:GT","&=\zeta_i^I\left[R_i^{event}+v\right]-C^I(k_i),"
"CW-04","C_internal","paper/manuscript/mah_route_indicator_friction_model.tex","126","narrative-paragraph","","The costs $C^I(k_i)$, $p_m$, $\tau_i^E$, and $\mu_i^E$ are expected planning-stage commitments and resource costs, so they are not multiplied by $\zeta_i^r$. If a component is paid only after realization, its success-contingent expectation is included in the corresponding cost object. This convention prevents success probabilities from being counted twice. The transfer route is non-retained; abandonment or delay is the normalized outside option."
"CW-04","C_internal","paper/manuscript/mah_route_indicator_friction_model.tex","318","equation;proposition","eq:direct_x_eta;eq:dPEdk;prop:heterogeneity","\frac{\partial G_i^I}{\partial k_i}=-C_k^I(k_i)>0,"
"CW-04","C_internal","paper/manuscript/mah_route_indicator_friction_model_appendix.tex","200","appendix;narrative-paragraph","","In the baseline, $M$ and $\eta$ do not directly shift $a_i$, $R^{event}$, $\bar R_i^E$, $C^I(k_i)$, or $\mu_i^E$. Conditional on $M=1$, $\tau_{i\eta}^E\le0$, $\zeta_{i\eta}^E\ge0$, and $\zeta_{ip}^E\le0$. Thus MAH operates through route availability, the entrusted-route policy friction, route-specific implementation, and the equilibrium qualified-support cost."
"CW-04","C_internal","paper/manuscript/mah_route_indicator_friction_model_appendix.tex","251","appendix;equation","eq:GA;eq:GE;eq:GI;eq:GT","&=\zeta^I_{i,t+1}\left[R^{event}_{i,t+1}+v_{t+1}\right]-C^I(k_i),"
"CW-04","C_internal","paper/manuscript/mah_route_indicator_friction_model_appendix.tex","262","appendix;narrative-paragraph","","Here $C^I(k_i)$, $p_m^*$, $\tau_i^E$, and $\mu_i^E$ are expected route-planning commitments or resource costs. They are not multiplied by $\zeta_i^r$; any success-contingent payment enters through its planning-stage expectation. This convention prevents realization risk from being counted twice. Internal production cost satisfies"
"CW-04","C_internal","paper/manuscript/mah_route_indicator_friction_model_appendix.tex","264","appendix;equation","eq:CIderiv","\frac{\partial C^I(k_i)}{\partial k_i}<0,"
"CW-04","C_internal","paper/manuscript/mah_route_indicator_friction_model_appendix.tex","271","appendix;equation","eq:CI_example","C^I(k_i)=F_I+\frac{\bar c_I}{k_i},"
"CW-04","C_internal","paper/manuscript/mah_route_indicator_friction_model_appendix.tex","275","appendix;narrative-paragraph","","where $F_I$ is the fixed internal commercialization burden and $\bar c_I/k_i$ captures the idea that higher manufacturing capability lowers the cost of internal production. The main comparative statics require only $C_k^I(k_i)<0$; the closed-form results do not depend on this specific functional form."
"CW-04","C_internal","paper/manuscript/mah_route_indicator_friction_model_appendix.tex","639","appendix;equation","eq:dPEdk_appendix","\frac{\partial G_i^I}{\partial k_i}=-C_k^I(k_i)>0,"
"CW-04","C_internal","paper/manuscript/mah_route_indicator_friction_model_appendix.tex","1271","appendix;calibration-or-empirical;narrative-paragraph","","G_i^I=\zeta_i^I(R_i^{event}+v)-C^I(k_i),"
"CW-04","C_internal","research_notes/model_notes/01_symbols_and_objects.md","25","legacy-note","","| \(k_i\) | internal manufacturing capability | Higher \(k_i\) lowers \(C^I(k_i)\) |"
"CW-04","C_internal","research_notes/model_notes/01_symbols_and_objects.md","28","legacy-note","","| \(C^I(k_i)\) | planning-stage internal production cost | Not multiplied by a realization probability |"
"CW-04","C_internal","research_notes/model_notes/02_equation_dependency_map.md","33","legacy-note","","G_i^I=\zeta_i^I(R_i^{event}+v)-C^I(k_i),"
"CW-04","C_internal","research_notes/model_notes/03_assumptions_and_scope.md","20","legacy-note","","- internal production technology \(C^I(k_i)\);"
"CW-04","C_internal","research_notes/model_notes/04_comparative_statics_checklist.md","78","legacy-note","","\frac{\partial G_i^I}{\partial k_i}=-C_k^I(k_i)>0,"
"CW-04","C_internal","research_notes/model_notes/06_bellman_accounting.md","52","legacy-note","","=\zeta_i^I(R_i^{event}+v)-C^I(k_i),"
"CW-04","C_internal","research_notes/model_notes/11_proposition_dependency_audit.md","25","legacy-note","","| Research and manufacturing heterogeneity | \(C_k^I<0\), internal route feasible, fixed-cost direct comparison where stated | High \(a_i\) scales response; high \(k_i\) lowers entrusted-route relevance | Cross-partial sign requires the stated independence restrictions |"
"CW-05","h_internal","paper/manuscript/mah_route_indicator_friction_model.tex","84","narrative-paragraph","","\theta_i=(a_i,k_i,h_i^I,q_i^E,\mu_i^E,S_i,\tau_i^T),"
"CW-05","h_internal","paper/manuscript/mah_route_indicator_friction_model.tex","86","narrative-paragraph","","where $a_i$ is effective research productivity in generating route-planning-stage projects, $k_i$ indexes internal manufacturing capability, $h_i^I$ indicates whether internal production is feasible, $q_i^E$ indicates technical and regulatory eligibility for qualified entrusted production, $\mu_i^E$ is the residual holder-side burden under entrusted production, $S_i$ is the gross non-retained transfer or out-licensing value, and $\tau_i^T$ is the transfer-route friction. The indicator $q_i^E$ does not mean that a producer match has already been secured; scarcity and matching pressure are summarized by the equilibrium support cost below. Project subscripts are suppressed in the main text."
"CW-05","h_internal","paper/manuscript/mah_route_indicator_friction_model.tex","100","equation","eq:routeset","\{A,T\}\cup \{I:h_i^I=1\}\cup \{E:M=1,\ q_i^E=1\}."
"CW-05","h_internal","paper/manuscript/mah_route_indicator_friction_model_appendix.tex","92","appendix;narrative-paragraph","","Firm primitives & $a_i,\kappa,k_i,h_i^I,q_i^E,\mu_i^E,S_i,\tau_i^T$ & Taken as firm characteristics or cost parameters & Not separately identified from approval records alone \\"
"CW-05","h_internal","paper/manuscript/mah_route_indicator_friction_model_appendix.tex","129","appendix;narrative-paragraph","","(h_i^I,q_i^E,S_i,\tau_i^T,\mu_i^E)."
"CW-05","h_internal","paper/manuscript/mah_route_indicator_friction_model_appendix.tex","131","appendix;narrative-paragraph","","The indicator $h_i^I\in\{0,1\}$ records whether the firm can feasibly use internal production for the opportunity. The indicator $q_i^E\in\{0,1\}$ records technical and regulatory eligibility for qualified entrusted production; it does not assert that a producer match has already been secured. Support scarcity and matching pressure operate through $p_m^*$. In a project-producer version this object can be written as $q_{im}^E$. The object $S_i-\tau_i^T$ is the net non-retained transfer outside option defined below. The object $\mu_i^E\ge0$ is the residual holder-side burden of using entrusted production after MAH makes the retained external route feasible: quality-control work, technical transfer, producer supervision, and cross-firm coordination that remain with the holder. This burden is not lowered mechanically by MAH in the baseline. The full incumbent distribution is therefore $H(\theta_i)$, where $\theta_i=(a_i,k_i,h_i^I,q_i^E,S_i,\tau_i^T,\mu_i^E)$."
"CW-05","h_internal","paper/manuscript/mah_route_indicator_friction_model_appendix.tex","181","appendix;equation","eq:routeset","\cup \{I:h_i^I=1\}"
"CW-05","h_internal","paper/manuscript/mah_route_indicator_friction_model_appendix.tex","185","appendix;narrative-paragraph","","Here $I$ is internal production, $E$ is entrusted production while retaining MAH, $T$ is a non-retained outside option such as transfer, sale, or out-licensing that removes the opportunity from the innovating firm's retained stock, and $A$ is abandonment or delay. This discrete route set follows the commercialization-strategy logic in which innovators choose between internal development and external technology-market arrangements depending on the availability of a market for technology or ideas \citep{AroraFosfuriGambardella2001,GansStern2003}. The special case $h_i^I=0$ is important for research-oriented firms without internal manufacturing capacity, but it is not imposed as a universal theory assumption."
"CW-05","h_internal","paper/manuscript/mah_route_indicator_friction_model_appendix.tex","1322","appendix;calibration-or-empirical;narrative-paragraph","","\calR_i(0)=\{A,T\}\cup\{I:h_i^I=1\}."
"CW-05","h_internal","paper/manuscript/mah_route_indicator_friction_model_appendix.tex","1326","appendix;calibration-or-empirical;narrative-paragraph","","\calR_i(1)=\{A,T\}\cup\{I:h_i^I=1\}\cup\{E:q_i^E=1\}."
"CW-05","h_internal","research_notes/model_notes/01_symbols_and_objects.md","26","legacy-note","","| \(h_i^I\) | internal-route feasibility indicator | Controls whether \(I\) enters the route set |"
"CW-05","h_internal","research_notes/model_notes/02_equation_dependency_map.md","15","legacy-note","","=\{A,T\}\cup\{I:h_i^I=1\}\cup\{E:M=1,\ q_i^E=1\}."
"CW-05","h_internal","research_notes/model_notes/08_model_closure_audit.md","51","legacy-note","","| Primitive or maintained | \(a_i,\kappa,k_i,h_i^I,q_i^E,\mu_i^E,S_i,\tau_i^T,\beta,\sigma_r\) | Do not claim approval-side identification |"
"CW-05","h_internal","research_notes/model_notes/11_proposition_dependency_audit.md","9","legacy-note","","| Maintained primitives | \(a_i,\kappa,\beta,k_i,h_i^I,q_i^E,\mu_i^E,S_i,\tau_i^T,\sigma_r\) |"
"CW-06","q_external","paper/manuscript/mah_route_indicator_friction_model.tex","84","narrative-paragraph","","\theta_i=(a_i,k_i,h_i^I,q_i^E,\mu_i^E,S_i,\tau_i^T),"
"CW-06","q_external","paper/manuscript/mah_route_indicator_friction_model.tex","86","narrative-paragraph","","where $a_i$ is effective research productivity in generating route-planning-stage projects, $k_i$ indexes internal manufacturing capability, $h_i^I$ indicates whether internal production is feasible, $q_i^E$ indicates technical and regulatory eligibility for qualified entrusted production, $\mu_i^E$ is the residual holder-side burden under entrusted production, $S_i$ is the gross non-retained transfer or out-licensing value, and $\tau_i^T$ is the transfer-route friction. The indicator $q_i^E$ does not mean that a producer match has already been secured; scarcity and matching pressure are summarized by the equilibrium support cost below. Project subscripts are suppressed in the main text."
"CW-06","q_external","paper/manuscript/mah_route_indicator_friction_model.tex","100","equation","eq:routeset","\{A,T\}\cup \{I:h_i^I=1\}\cup \{E:M=1,\ q_i^E=1\}."
"CW-06","q_external","paper/manuscript/mah_route_indicator_friction_model.tex","256","proposition","eq:set_expansion;prop:set_expansion","For an eligible project with $q_i^E=1$, hold $p_m$, $\eta$, and all old-route payoffs fixed. Let"
"CW-06","q_external","paper/manuscript/mah_route_indicator_friction_model_appendix.tex","92","appendix;narrative-paragraph","","Firm primitives & $a_i,\kappa,k_i,h_i^I,q_i^E,\mu_i^E,S_i,\tau_i^T$ & Taken as firm characteristics or cost parameters & Not separately identified from approval records alone \\"
"CW-06","q_external","paper/manuscript/mah_route_indicator_friction_model_appendix.tex","129","appendix;narrative-paragraph","","(h_i^I,q_i^E,S_i,\tau_i^T,\mu_i^E)."
"CW-06","q_external","paper/manuscript/mah_route_indicator_friction_model_appendix.tex","131","appendix;narrative-paragraph","","The indicator $h_i^I\in\{0,1\}$ records whether the firm can feasibly use internal production for the opportunity. The indicator $q_i^E\in\{0,1\}$ records technical and regulatory eligibility for qualified entrusted production; it does not assert that a producer match has already been secured. Support scarcity and matching pressure operate through $p_m^*$. In a project-producer version this object can be written as $q_{im}^E$. The object $S_i-\tau_i^T$ is the net non-retained transfer outside option defined below. The object $\mu_i^E\ge0$ is the residual holder-side burden of using entrusted production after MAH makes the retained external route feasible: quality-control work, technical transfer, producer supervision, and cross-firm coordination that remain with the holder. This burden is not lowered mechanically by MAH in the baseline. The full incumbent distribution is therefore $H(\theta_i)$, where $\theta_i=(a_i,k_i,h_i^I,q_i^E,S_i,\tau_i^T,\mu_i^E)$."
"CW-06","q_external","paper/manuscript/mah_route_indicator_friction_model_appendix.tex","182","appendix;equation","eq:routeset","\cup \{E:M_{t+1}=1,\;q_i^E=1\}."
"CW-06","q_external","paper/manuscript/mah_route_indicator_friction_model_appendix.tex","194","appendix;narrative-paragraph","","Equation \eqref{eq:tau_intensity} should be read together with the route set in equation \eqref{eq:routeset}. The binary variable $M_{t+1}$ controls whether the MAH-style entrusted route exists. Conditional on $M_{t+1}=1$ and $q_i^E=1$, the continuous variable $\eta_{t+1}$ controls implementation strength. This separation prevents an invalid derivative with respect to a binary route-availability indicator."
"CW-06","q_external","paper/manuscript/mah_route_indicator_friction_model_appendix.tex","242","appendix;equation","eq:zetaE","\zeta^E\!\left(\tau^E_{i,t+1}(\eta_{t+1}),q_i^E,\theta_i,p_{m,t+1}\right)"
"CW-06","q_external","paper/manuscript/mah_route_indicator_friction_model_appendix.tex","468","appendix;narrative-paragraph","","For $q_i^E=1$, hold $p_m$, $\eta$, and every old-route payoff fixed. Define"
"CW-06","q_external","paper/manuscript/mah_route_indicator_friction_model_appendix.tex","1326","appendix;calibration-or-empirical;narrative-paragraph","","\calR_i(1)=\{A,T\}\cup\{I:h_i^I=1\}\cup\{E:q_i^E=1\}."
"CW-06","q_external","research_notes/model_notes/00_model_closure_status.md","16","legacy-note","","- \(q_i^E=1\) means technical and regulatory eligibility for qualified entrusted production. It does not mean that a producer match has already been secured."
"CW-06","q_external","research_notes/model_notes/01_symbols_and_objects.md","27","legacy-note","","| \(q_i^E\) | technical and regulatory eligibility for qualified entrusted production | Eligibility only; it is not an already secured producer match |"
"CW-06","q_external","research_notes/model_notes/02_equation_dependency_map.md","15","legacy-note","","=\{A,T\}\cup\{I:h_i^I=1\}\cup\{E:M=1,\ q_i^E=1\}."
"CW-06","q_external","research_notes/model_notes/03_assumptions_and_scope.md","9","legacy-note","","5. \(q_i^E\) is technical and regulatory eligibility. Matching pressure and scarcity are represented through the qualified-support market and \(p_m^*(M,\eta)\)."
"CW-06","q_external","research_notes/model_notes/04_comparative_statics_checklist.md","133","legacy-note","","5. treats \(q_i^E\) as an existing match;"
"CW-06","q_external","research_notes/model_notes/08_model_closure_audit.md","12","legacy-note","","| Entrusted eligibility | \(q_i^E\) is eligibility, not an existing producer match | Pass |"
"CW-06","q_external","research_notes/model_notes/08_model_closure_audit.md","51","legacy-note","","| Primitive or maintained | \(a_i,\kappa,k_i,h_i^I,q_i^E,\mu_i^E,S_i,\tau_i^T,\beta,\sigma_r\) | Do not claim approval-side identification |"
"CW-06","q_external","research_notes/model_notes/08_model_closure_audit.md","65","legacy-note","","4. treats \(q_i^E\) as a completed match;"
"CW-06","q_external","research_notes/model_notes/10_main_appendix_consistency_audit.md","18","legacy-note","","| Route set | \(E\) requires \(M=1\) and \(q_i^E=1\) | Consistent |"
"CW-06","q_external","research_notes/model_notes/10_main_appendix_consistency_audit.md","19","legacy-note","","| Entrusted eligibility | \(q_i^E\) is technical and regulatory eligibility, not an existing match | Consistent |"
"CW-06","q_external","research_notes/model_notes/11_proposition_dependency_audit.md","9","legacy-note","","| Maintained primitives | \(a_i,\kappa,\beta,k_i,h_i^I,q_i^E,\mu_i^E,S_i,\tau_i^T,\sigma_r\) |"
"CW-06","q_external","research_notes/model_notes/11_proposition_dependency_audit.md","21","legacy-note","","| Discrete route-set expansion | \(q_i^E=1\); fixed \(p_m\), \(\eta\), and old-route payoffs; logit inclusive value | Adding feasible route \(E\) strictly raises the inclusive value at fixed support cost | Finite comparison in \(M\), not a derivative or full equilibrium sign |"
"CW-06","q_external","research_notes/model_notes/11_proposition_dependency_audit.md","96","legacy-note","","5. treats \(q_i^E\) as a secured match;"
"CW-06","q_external","research_notes/model_notes/12_calibration_claim_audit.md","17","calibration-or-empirical;legacy-note","","7. treats \(q_i^E\) as eligibility rather than an observed match;"
"CW-07","mu_external","paper/manuscript/mah_route_indicator_friction_model.tex","72","narrative-paragraph","","These rules imply two modeling restrictions. First, entrusted production is not anonymous outsourcing. It is a regulated retained route in which authorization remains with the holder while production is performed by a qualified external manufacturer. Second, MAH does not eliminate holder responsibility. The holder retains quality, safety, lifecycle, and monitoring obligations. The model captures this through a residual entrusted-route burden $\mu_i^E$ and a composite realization probability $\zeta_i^E(M,p_m)$ that summarizes whether the planned retained entrusted route becomes an observed approval, launch, or realized retained outcome."
"CW-07","mu_external","paper/manuscript/mah_route_indicator_friction_model.tex","84","narrative-paragraph","","\theta_i=(a_i,k_i,h_i^I,q_i^E,\mu_i^E,S_i,\tau_i^T),"
"CW-07","mu_external","paper/manuscript/mah_route_indicator_friction_model.tex","86","narrative-paragraph","","where $a_i$ is effective research productivity in generating route-planning-stage projects, $k_i$ indexes internal manufacturing capability, $h_i^I$ indicates whether internal production is feasible, $q_i^E$ indicates technical and regulatory eligibility for qualified entrusted production, $\mu_i^E$ is the residual holder-side burden under entrusted production, $S_i$ is the gross non-retained transfer or out-licensing value, and $\tau_i^T$ is the transfer-route friction. The indicator $q_i^E$ does not mean that a producer match has already been secured; scarcity and matching pressure are summarized by the equilibrium support cost below. Project subscripts are suppressed in the main text."
"CW-07","mu_external","paper/manuscript/mah_route_indicator_friction_model.tex","90","narrative-paragraph","","The discount factor satisfies $\beta\in(0,1)$, R\&D cost has $\kappa>0$, internal production cost $C^I(k_i)$ is weakly decreasing in internal manufacturing capability, and route-realization probabilities lie in $[0,1]$. Conditional on $M=1$, $\tau_{i\eta}^E(\eta)\le0$, $\zeta_{i\eta}^E(\eta,p_m)\ge0$, and $\zeta_{ip}^E(\eta,p_m)\le0$. In the baseline, $M$ and $\eta$ do not directly shift $a_i$, the market-return objects, or the residual burden $\mu_i^E$."
"CW-07","mu_external","paper/manuscript/mah_route_indicator_friction_model.tex","119","equation","eq:GA;eq:GE;eq:GI;eq:GT","-p_m-\tau_i^E(\eta)-\mu_i^E,"
"CW-07","mu_external","paper/manuscript/mah_route_indicator_friction_model.tex","126","narrative-paragraph","","The costs $C^I(k_i)$, $p_m$, $\tau_i^E$, and $\mu_i^E$ are expected planning-stage commitments and resource costs, so they are not multiplied by $\zeta_i^r$. If a component is paid only after realization, its success-contingent expectation is included in the corresponding cost object. This convention prevents success probabilities from being counted twice. The transfer route is non-retained; abandonment or delay is the normalized outside option."
"CW-07","mu_external","paper/manuscript/mah_route_indicator_friction_model.tex","371","calibration-or-empirical;narrative-paragraph","","Equation \eqref{eq:observed_split_share} & Holder--producer split among comparable realized retained original drugs & Disciplines an aggregate route-realization composite, not a primitive $\tau_i^E$, $\mu_i^E$, or $\zeta_i^E$ separately. \\"
"CW-07","mu_external","paper/manuscript/mah_route_indicator_friction_model_appendix.tex","92","appendix;narrative-paragraph","","Firm primitives & $a_i,\kappa,k_i,h_i^I,q_i^E,\mu_i^E,S_i,\tau_i^T$ & Taken as firm characteristics or cost parameters & Not separately identified from approval records alone \\"
"CW-07","mu_external","paper/manuscript/mah_route_indicator_friction_model_appendix.tex","129","appendix;narrative-paragraph","","(h_i^I,q_i^E,S_i,\tau_i^T,\mu_i^E)."
"CW-07","mu_external","paper/manuscript/mah_route_indicator_friction_model_appendix.tex","131","appendix;narrative-paragraph","","The indicator $h_i^I\in\{0,1\}$ records whether the firm can feasibly use internal production for the opportunity. The indicator $q_i^E\in\{0,1\}$ records technical and regulatory eligibility for qualified entrusted production; it does not assert that a producer match has already been secured. Support scarcity and matching pressure operate through $p_m^*$. In a project-producer version this object can be written as $q_{im}^E$. The object $S_i-\tau_i^T$ is the net non-retained transfer outside option defined below. The object $\mu_i^E\ge0$ is the residual holder-side burden of using entrusted production after MAH makes the retained external route feasible: quality-control work, technical transfer, producer supervision, and cross-firm coordination that remain with the holder. This burden is not lowered mechanically by MAH in the baseline. The full incumbent distribution is therefore $H(\theta_i)$, where $\theta_i=(a_i,k_i,h_i^I,q_i^E,S_i,\tau_i^T,\mu_i^E)$."
"CW-07","mu_external","paper/manuscript/mah_route_indicator_friction_model_appendix.tex","196","appendix;narrative-paragraph","","The object $\tau^E$ is deliberately route-specific and MAH-reducible. It is not the market return $R$, the research productivity parameter $a_i$, the R\&D cost parameter $\kappa$, the direct payment for entrusted manufacturing services $p_m$, or the residual holder-side burden $\mu_i^E$. It captures institutional uncertainty, contractual responsibility allocation, and regulatory-compliance ambiguity associated with retaining authorization while using a qualified producer. A fall in $\tau^E$ means that the external route becomes more legally supported, contractually structured, and regulatorily intelligible. It does not mean that the holder has no responsibility or that physical manufacturing, monitoring, technical transfer, and quality control become free."
"CW-07","mu_external","paper/manuscript/mah_route_indicator_friction_model_appendix.tex","200","appendix;narrative-paragraph","","In the baseline, $M$ and $\eta$ do not directly shift $a_i$, $R^{event}$, $\bar R_i^E$, $C^I(k_i)$, or $\mu_i^E$. Conditional on $M=1$, $\tau_{i\eta}^E\le0$, $\zeta_{i\eta}^E\ge0$, and $\zeta_{ip}^E\le0$. Thus MAH operates through route availability, the entrusted-route policy friction, route-specific implementation, and the equilibrium qualified-support cost."
"CW-07","mu_external","paper/manuscript/mah_route_indicator_friction_model_appendix.tex","258","appendix;equation","eq:GA;eq:GE;eq:GI;eq:GT","-\mu_i^E,\label{eq:GE}\\"
"CW-07","mu_external","paper/manuscript/mah_route_indicator_friction_model_appendix.tex","262","appendix;narrative-paragraph","","Here $C^I(k_i)$, $p_m^*$, $\tau_i^E$, and $\mu_i^E$ are expected route-planning commitments or resource costs. They are not multiplied by $\zeta_i^r$; any success-contingent payment enters through its planning-stage expectation. This convention prevents realization risk from being counted twice. Internal production cost satisfies"
"CW-07","mu_external","paper/manuscript/mah_route_indicator_friction_model_appendix.tex","267","appendix;narrative-paragraph","","so higher manufacturing ability lowers internal production cost. Here $p^*_{m,t+1}(M_{t+1},\eta_{t+1})$ is the equilibrium project-level effective cost of obtaining qualified entrusted manufacturing support. It summarizes support scarcity, production-readiness support, technology-transfer preparation, and capacity occupation at the level needed for the route decision; it is not a per-unit marginal cost inside the demand system. The separate object $\tau^E_{i,t+1}$ captures the MAH-reducible policy and contractual friction of the retained external route. The residual burden $\mu_i^E$ captures holder-side monitoring, quality-control, technical-transfer, and coordination costs that remain even when the route is legally supported. $S_i-\tau_i^T$ is the net value of the non-retained outside option."
"CW-07","mu_external","paper/manuscript/mah_route_indicator_friction_model_appendix.tex","674","appendix;narrative-paragraph","","MAH route-friction channel & $E$ route added, $\tau_i^E\downarrow$, $\zeta_i^E\uparrow$, $p_m^*$ adjusts & Holder--producer split rises among relevant retained products & Strongest for high-$a_i$, low-$k_i$, weak transfer option, high $\zeta_i^E$, and low $\mu_i^E$ firms \\"
"CW-07","mu_external","paper/manuscript/mah_route_indicator_friction_model_appendix.tex","683","appendix;narrative-paragraph","","Let $H_I(\theta,n)$ be the distribution of incumbents and let $G_N(\theta)$ be the distribution of potential entrants, where $\theta=(a,k,h^I,q^E,S,\tau^T,\mu^E)$. Let $f^e$ be an entry cost with conditional cumulative distribution $F_e(\cdot\mid\theta)$ and density $f_e(\cdot\mid\theta)$."
"CW-07","mu_external","paper/manuscript/mah_route_indicator_friction_model_appendix.tex","850","appendix;calibration-or-empirical;narrative-paragraph","","$\mu_i^E$ & Residual holder-side monitoring, quality-control, technical-transfer, and coordination burden & Not separately identified in approval-side data; handled by heterogeneity, normalization, or sensitivity values & Prevents entrusted production from being treated as costless after MAH \\"
"CW-07","mu_external","paper/manuscript/mah_route_indicator_friction_model_appendix.tex","885","appendix;calibration-or-empirical;narrative-paragraph","","where $\omega_E$ denotes a composite route-realization wedge that includes $p_m^*$, $\tau^E$, $\mu^E$, $\zeta^E$, and the route-choice scale $\sigma_r$ relative to internal production or another retained route, and $\alpha_O$ denotes the composite innovation-arrival scale $\beta a^2/\kappa$. If a credible research-oriented entry panel is available, the parameter vector can be augmented with $\mu_e$, which indexes a parsimonious entry-cost distribution. Without such a panel, $\mu_e$ is not part of the baseline approval-side calibration."
"CW-07","mu_external","paper/manuscript/mah_route_indicator_friction_model_appendix.tex","924","appendix;calibration-or-empirical;equation","eq:route_gap","-\tau_t^E-\mu^E"
"CW-07","mu_external","paper/manuscript/mah_route_indicator_friction_model_appendix.tex","1140","appendix;calibration-or-empirical;narrative-paragraph","","This institutional structure explains why the entrusted route is economically subtle. MAH did not create a zero-cost outsourcing technology. A research-originating holder cannot simply hand off production and walk away. In the model, this residual holder-side burden is captured by $\mu_i^E$. MAH can lower the policy and contractual friction $\tau_i^E$ of using the retained external route, but it does not eliminate monitoring, quality-control, technical-transfer, or coordination burdens."
"CW-07","mu_external","paper/manuscript/mah_route_indicator_friction_model_appendix.tex","1144","appendix;calibration-or-empirical;narrative-paragraph","","The institutional record also clarifies what $\tau^E$ and $\mu^E$ are not."
"CW-07","mu_external","paper/manuscript/mah_route_indicator_friction_model_appendix.tex","1152","appendix;calibration-or-empirical;narrative-paragraph","","\textbf{Not a generic fixed-cost reduction for all firms.} MAH does not simply relax every firm's operating burden. The post-law architecture may impose more explicit documentation, auditing, and quality-system obligations on the holder. What changes is that these obligations are attached to a legally recognized and standardized external route, so that the MAH-reducible component $\tau_i^E$ can fall relative to the pre-reform environment. The residual component $\mu_i^E$ remains in the entrusted-route payoff. In other words, MAH can preserve or sharpen holder-side responsibility while still lowering the policy and contractual cost of external implementation by making the arrangement legally supported, contractually structured, and regulatorily intelligible."
"CW-07","mu_external","paper/manuscript/mah_route_indicator_friction_model_appendix.tex","1154","appendix;calibration-or-empirical;narrative-paragraph","","This is why the model separates $p_m^*(M,\eta)$, $\tau_i^E$, $\mu_i^E$, and $\zeta_i^E$. The effective support cost $p_m^*(M,\eta)$ is distinct from the MAH-reducible policy friction $\tau_i^E$, both are distinct from residual holder-side monitoring and quality-control burden $\mu_i^E$, and $\zeta_i^E$ captures route realization rather than primitive legal cost. The comparative statics in the model should therefore be read as statements about the private option value of a legally recognized entrusted-production route, not as statements about demand, science, or a generic deregulation shock."
"CW-07","mu_external","paper/manuscript/mah_route_indicator_friction_model_appendix.tex","1178","appendix;calibration-or-empirical;narrative-paragraph","","\item the effective route-realization wedge, which combines $p_m^*(M,\eta)$, $\tau^E$, $\mu^E$, $\zeta^E/\zeta^I$, route-specific returns, and the route-choice scale;"
"CW-07","mu_external","paper/manuscript/mah_route_indicator_friction_model_appendix.tex","1246","appendix;calibration-or-empirical;narrative-paragraph","","Here $\tau^E$ is the MAH-reducible policy and contractual friction of the external commercialization route, $\mu^E$ is the residual holder-side monitoring and quality-control burden, $\zeta^r=s_i\chi_i^r$ is the composite realization probability, $\Gamma$ is the logit inclusive value of a route-planning original-drug project, $x^*$ is optimal original-drug R\&D intensity, $\lambda^{plan,*}$ is the planning-stage project arrival rate, $\lambda^{obs,d,*}$ is the data-specific realized-output counterpart, $\Lambda^{plan,agg}$ is aggregate expected planning-stage projects for a fixed incumbent distribution, and $N_E$ is research-oriented entry only in the optional entry module."
"CW-07","mu_external","paper/manuscript/mah_route_indicator_friction_model_appendix.tex","1273","appendix;calibration-or-empirical;narrative-paragraph","","G_i^E=\zeta_i^E(\bar R_i^E+v)-p_m^*-\tau_i^E-\mu_i^E,"
"CW-07","mu_external","paper/manuscript/mah_route_indicator_friction_model_appendix.tex","1290","appendix;calibration-or-empirical;narrative-paragraph","","where the last equality uses the common success component $\zeta_i^r=s_i\chi_i^r$. Under heterogeneity, common $s_i$ does not generally cancel before aggregation, and the aggregate log odds is not a representative-firm payoff gap. Calibration must integrate or simulate equation \eqref{eq:aggregate_observed_share}. Thus route-use data discipline a composite of route choice and relative realization, not $\tau^E$, $\mu_i^E$, or $\zeta_i^r$ separately."
"CW-07","mu_external","research_notes/model_notes/00_model_closure_status.md","31","legacy-note","","-p_m-\tau_i^E(\eta)-\mu_i^E."
"CW-07","mu_external","research_notes/model_notes/01_symbols_and_objects.md","30","legacy-note","","| \(\mu_i^E\) | residual holder-side burden under entrusted production | Preserves holder responsibility after MAH |"
"CW-07","mu_external","research_notes/model_notes/01_symbols_and_objects.md","62","legacy-note","","1. Approval-side data do not separately identify \(s_i\), \(\chi_i^r\), \(\tau_i^E\), \(\mu_i^E\), \(p_m^*\), or route-specific returns."
"CW-07","mu_external","research_notes/model_notes/02_equation_dependency_map.md","39","legacy-note","","-p_m-\tau_i^E(\eta)-\mu_i^E,"
"CW-07","mu_external","research_notes/model_notes/02_equation_dependency_map.md","48","legacy-note","","The route-planning costs \(C^I\), \(p_m\), \(\tau_i^E\), and \(\mu_i^E\) are not multiplied by \(\zeta_i^r\)."
"CW-07","mu_external","research_notes/model_notes/03_assumptions_and_scope.md","21","legacy-note","","- the residual holder-side burden \(\mu_i^E\)."
"CW-07","mu_external","research_notes/model_notes/06_bellman_accounting.md","58","legacy-note","","-p_m^*(M,\eta)-\tau_i^E(\eta)-\mu_i^E."
"CW-07","mu_external","research_notes/model_notes/06_bellman_accounting.md","61","legacy-note","","The planning-stage costs \(C^I\), \(p_m^*\), \(\tau_i^E\), and \(\mu_i^E\) are not multiplied by \(\zeta_i^r\). A success-contingent payment must first be converted to its planning-stage expected cost."
"CW-07","mu_external","research_notes/model_notes/08_model_closure_audit.md","51","legacy-note","","| Primitive or maintained | \(a_i,\kappa,k_i,h_i^I,q_i^E,\mu_i^E,S_i,\tau_i^T,\beta,\sigma_r\) | Do not claim approval-side identification |"
"CW-07","mu_external","research_notes/model_notes/11_proposition_dependency_audit.md","9","legacy-note","","| Maintained primitives | \(a_i,\kappa,\beta,k_i,h_i^I,q_i^E,\mu_i^E,S_i,\tau_i^T,\sigma_r\) |"
"CW-08","binary_M","paper/manuscript/mah_route_indicator_friction_model.tex","80","narrative-paragraph","","The institutional regime is $M\in\{0,1\}$, where $M=1$ denotes legal availability of the MAH-style retained entrusted route. Conditional on $M=1$, the continuous index $\eta\in[0,1]$ measures implementation intensity: how completely the post-MAH rules reduce entrusted-route friction and improve route-specific implementation. The convention is $\eta=0$ when $M=0$. Finite differences in $M$ describe route-set expansion; derivatives in $\eta$ describe marginal post-MAH implementation. The model never differentiates the binary indicator $M$."
"CW-08","binary_M","paper/manuscript/mah_route_indicator_friction_model.tex","254","proposition","eq:set_expansion;prop:set_expansion","\begin{proposition}[Discrete route-set expansion]"
"CW-08","binary_M","paper/manuscript/mah_route_indicator_friction_model_appendix.tex","81","appendix;narrative-paragraph","","The model does not solve for product-market clearing, R\&D input-market clearing, free-entry zero-profit conditions, firm exit, or an invariant industry distribution. Its purpose is to characterize how MAH-induced route-set expansion, entrusted-route friction reduction, realization probabilities, and the contract-manufacturing support-cost response affect the private opportunity value $\Gamma_i$, R\&D intensity $x_i^*$, and observed realized original-drug outcomes."
"CW-08","binary_M","paper/manuscript/mah_route_indicator_friction_model_appendix.tex","203","appendix;narrative-paragraph","","The binary reform effect is analyzed as a finite route-set expansion. Derivative comparative statics are taken with respect to $\eta$ or a continuous friction conditional on $E$ being feasible."
"CW-08","binary_M","paper/manuscript/mah_route_indicator_friction_model_appendix.tex","466","appendix;narrative-paragraph","","\subsection{Binary route-set expansion}"
"CW-08","binary_M","paper/manuscript/mah_route_indicator_friction_model_appendix.tex","947","appendix;calibration-or-empirical;narrative-paragraph","","The baseline should not mechanically use a pre-post log-odds difference when the pre-MAH entrusted route is structurally unavailable. In that case $s_{pre}^E=0$ by institutional design, so $\log(s_{pre}^E/(1-s_{pre}^E))$ is not a comparable route-use moment. The baseline interpretation should treat the reform as route-set expansion plus a conditional friction decline. If the data permit, post-MAH exposure variation provides the cleaner calibration margin:"
"CW-08","binary_M","paper/manuscript/mah_route_indicator_friction_model_appendix.tex","1185","appendix;calibration-or-empirical;narrative-paragraph","","The protocol is for mechanism calibration, not full structural identification. It asks whether observed route-use patterns and realized original-drug outcomes are consistent with route-set expansion, implementation improvement, and a CMO support-cost response. It does not separately identify legal compliance costs, search costs, residual monitoring burdens, quality-management costs, support costs, $s_i$, $\chi_i^r$, route-specific returns, or firm-specific project success probabilities."
"CW-08","binary_M","research_notes/model_notes/00_model_closure_status.md","14","legacy-note","","- \(M\in\{0,1\}\) is a binary route-availability regime. Compare \(M=0\) and \(M=1\) by a finite route-set change; never differentiate \(M\)."
"CW-08","binary_M","research_notes/model_notes/01_symbols_and_objects.md","9","legacy-note","","| \(M\in\{0,1\}\) | legal availability of the MAH-style retained entrusted route | Binary route-set variable; use finite differences only |"
"CW-08","binary_M","research_notes/model_notes/02_equation_dependency_map.md","8","legacy-note","","M\in\{0,1\},\qquad"
"CW-08","binary_M","research_notes/model_notes/02_equation_dependency_map.md","18","legacy-note","","The change in \(M\) is a finite route-set expansion. Derivatives are taken with respect to \(\eta\) conditional on \(M=1\)."
"CW-08","binary_M","research_notes/model_notes/03_assumptions_and_scope.md","5","legacy-note","","1. \(M\in\{0,1\}\) controls legal route availability. Conditional on \(M=1\), \(\eta\in[0,1]\) controls implementation intensity; \(\eta=0\) when \(M=0\)."
"CW-08","binary_M","research_notes/model_notes/04_comparative_statics_checklist.md","123","legacy-note","","- When the entrusted route is unavailable before reform, treat the reform as route-set expansion; a zero-share pre-period log odds is not the baseline structural margin."
"CW-08","binary_M","research_notes/model_notes/08_model_closure_audit.md","10","legacy-note","","| Route availability | \(M\in\{0,1\}\) changes \(\mathcal R_i(M)\); no derivative in \(M\) | Pass |"
"CW-08","binary_M","research_notes/model_notes/11_proposition_dependency_audit.md","21","legacy-note","","| Discrete route-set expansion | \(q_i^E=1\); fixed \(p_m\), \(\eta\), and old-route payoffs; logit inclusive value | Adding feasible route \(E\) strictly raises the inclusive value at fixed support cost | Finite comparison in \(M\), not a derivative or full equilibrium sign |"
"CW-09","continuous_eta","paper/manuscript/mah_route_indicator_friction_model.tex","44","narrative-paragraph","","This paper develops a partial-equilibrium mechanism model of how China's Marketing Authorization Holder (MAH) system can affect original-drug innovation. Firms choose original-drug R\&D while anticipating the manufacturing and commercialization route available if a project advances. Before final clinical success and marketing approval are realized, a developer without sufficient internal manufacturing capacity must form a manufacturing plan and identify qualified production support, even though the formal entrusted-production arrangement and MAH approval are realized only later. MAH affects expected R\&D value by adding a regulated holder--producer separation route, lowering the route-specific policy and contractual friction of that retained external route, and changing the composite probability that a route-planning project becomes an observed approval or launch. The baseline closes only the qualified contract-manufacturing support market, generating an endogenous effective service cost $p_m^*(M,\eta)$ that can attenuate the reform's effect. The model does not treat MAH as a demand shock, a scientific-productivity shock, a removal of holder responsibility, or a universal reduction in all commercialization costs. It delivers comparative statics for route value, R\&D intensity, and observed realized original-drug outcomes, and it clarifies which data moments can discipline composite objects in a mechanism calibration."
"CW-09","continuous_eta","paper/manuscript/mah_route_indicator_friction_model.tex","60","narrative-paragraph","","The model is deliberately narrow. It is not a full dynamic structural model of the pharmaceutical industry. It does not solve product-market clearing, R\&D input-market clearing, free entry, exit, or an invariant firm distribution. The baseline closes only the market directly tied to the MAH mechanism: the market for qualified contract-manufacturing support. This single closure is important because MAH-induced demand for retained entrusted production support can raise the effective support cost $p_m^*(M,\eta)$, preventing the model from mechanically implying that MAH increases innovation for all firms."
"CW-09","continuous_eta","paper/manuscript/mah_route_indicator_friction_model.tex","80","narrative-paragraph","","The institutional regime is $M\in\{0,1\}$, where $M=1$ denotes legal availability of the MAH-style retained entrusted route. Conditional on $M=1$, the continuous index $\eta\in[0,1]$ measures implementation intensity: how completely the post-MAH rules reduce entrusted-route friction and improve route-specific implementation. The convention is $\eta=0$ when $M=0$. Finite differences in $M$ describe route-set expansion; derivatives in $\eta$ describe marginal post-MAH implementation. The model never differentiates the binary indicator $M$."
"CW-09","continuous_eta","paper/manuscript/mah_route_indicator_friction_model.tex","90","narrative-paragraph","","The discount factor satisfies $\beta\in(0,1)$, R\&D cost has $\kappa>0$, internal production cost $C^I(k_i)$ is weakly decreasing in internal manufacturing capability, and route-realization probabilities lie in $[0,1]$. Conditional on $M=1$, $\tau_{i\eta}^E(\eta)\le0$, $\zeta_{i\eta}^E(\eta,p_m)\ge0$, and $\zeta_{ip}^E(\eta,p_m)\le0$. In the baseline, $M$ and $\eta$ do not directly shift $a_i$, the market-return objects, or the residual burden $\mu_i^E$."
"CW-09","continuous_eta","paper/manuscript/mah_route_indicator_friction_model.tex","93","narrative-paragraph","","The model is partial equilibrium except for the qualified contract-manufacturing support market. It takes the market-return environment and firm-characteristic distributions as given. The object $p_m^*(M,\eta)$ is an equilibrium per-project effective cost of a qualified support package, including service scarcity and production-readiness support, not a product-market price."
"CW-09","continuous_eta","paper/manuscript/mah_route_indicator_friction_model.tex","107","equation","eq:zeta_decomposition","\zeta_i^r(\eta,p_m)=s_i\chi_i^r(\eta,p_m)\in[0,1],"
"CW-09","continuous_eta","paper/manuscript/mah_route_indicator_friction_model.tex","117","equation","eq:GA;eq:GE;eq:GI;eq:GT","G_i^E(\eta,p_m)"
"CW-09","continuous_eta","paper/manuscript/mah_route_indicator_friction_model.tex","118","equation","eq:GA;eq:GE;eq:GI;eq:GT","&=\zeta_i^E(\eta,p_m)\left[\bar R_i^E+v\right]"
"CW-09","continuous_eta","paper/manuscript/mah_route_indicator_friction_model.tex","119","equation","eq:GA;eq:GE;eq:GI;eq:GT","-p_m-\tau_i^E(\eta)-\mu_i^E,"
"CW-09","continuous_eta","paper/manuscript/mah_route_indicator_friction_model.tex","141","equation","eq:logit_prob","P_i(r\mid M,\eta,p_m)"
"CW-09","continuous_eta","paper/manuscript/mah_route_indicator_friction_model.tex","143","equation","eq:logit_prob","\frac{\exp(G_i^r(M,\eta,p_m)/\sigma_r)}"
"CW-09","continuous_eta","paper/manuscript/mah_route_indicator_friction_model.tex","144","equation","eq:logit_prob","{\sum_{\ell\in\calR_i(M)}\exp(G_i^\ell(M,\eta,p_m)/\sigma_r)},"
"CW-09","continuous_eta","paper/manuscript/mah_route_indicator_friction_model.tex","150","equation","eq:Gamma","\Gamma_i(M,\eta,p_m)"
"CW-09","continuous_eta","paper/manuscript/mah_route_indicator_friction_model.tex","154","equation","eq:Gamma","\exp(G_i^r(M,\eta,p_m)/\sigma_r)."
"CW-09","continuous_eta","paper/manuscript/mah_route_indicator_friction_model.tex","161","equation","eq:xstar_offeq","x_i^*(M,\eta,p_m)=\frac{\beta a_i}{\kappa}\Gamma_i(M,\eta,p_m)."
"CW-09","continuous_eta","paper/manuscript/mah_route_indicator_friction_model.tex","167","equation","eq:cm_demand","D_m^{tot}(p_m;M,\eta)"
"CW-09","continuous_eta","paper/manuscript/mah_route_indicator_friction_model.tex","171","equation","eq:cm_demand","a_i x_i^*(M,\eta,p_m)"
"CW-09","continuous_eta","paper/manuscript/mah_route_indicator_friction_model.tex","172","equation","eq:cm_demand","P_i(E\mid M,\eta,p_m)"
"CW-09","continuous_eta","paper/manuscript/mah_route_indicator_friction_model.tex","187","narrative-paragraph","","The support cost lies in $[0,\bar p_m]$. Total demand and supply are finite and continuous. The excess-demand function $Z_m(p;M,\eta)=D_m^{tot}(p;M,\eta)-S_m(p)$ is strictly decreasing, with $Z_m(0;M,\eta)\ge0$ and $Z_m(\bar p_m;M,\eta)\le0$. Where derivatives are used, $D_{mp}^{tot}<S_{mp}$."
"CW-09","continuous_eta","paper/manuscript/mah_route_indicator_friction_model.tex","192","proposition","eq:baseline_cm_clearing;prop:cmo_existence","Under Assumption \ref{ass:cmo_regular}, there is a unique $p_m^*(M,\eta)\in[0,\bar p_m]$ satisfying"
"CW-09","continuous_eta","paper/manuscript/mah_route_indicator_friction_model.tex","194","equation;proposition","eq:baseline_cm_clearing;prop:cmo_existence","D_m^{tot}(p_m^*;M,\eta)=S_m(p_m^*)."
"CW-09","continuous_eta","paper/manuscript/mah_route_indicator_friction_model.tex","205","narrative-paragraph","","Given $(M,\eta)$ and the exogenous payoff, technology, and distributional objects, a baseline partial equilibrium is a tuple $\{p_m^*,P_i,\Gamma_i,x_i^*,D_m^{tot},S_m\}$ satisfying the route-payoff equations, logit route choice, the R\&D first-order condition, and equation \eqref{eq:baseline_cm_clearing}."
"CW-09","continuous_eta","paper/manuscript/mah_route_indicator_friction_model.tex","223","narrative-paragraph","","\beta a_i x_i\Gamma_i(M,\eta,p_m^*(M,\eta))-\frac{\kappa}{2}x_i^2 ."
"CW-09","continuous_eta","paper/manuscript/mah_route_indicator_friction_model.tex","227","equation","eq:xstar","x_i^*(M,\eta)"
"CW-09","continuous_eta","paper/manuscript/mah_route_indicator_friction_model.tex","228","equation","eq:xstar","=\frac{\beta a_i}{\kappa}\Gamma_i(M,\eta,p_m^*(M,\eta))."
"CW-09","continuous_eta","paper/manuscript/mah_route_indicator_friction_model.tex","235","equation","eq:lambda_obs","\lambda_i^{obs,ret}(M,\eta)"
"CW-09","continuous_eta","paper/manuscript/mah_route_indicator_friction_model.tex","237","equation","eq:lambda_obs","a_i x_i^*(M,\eta)"
"CW-09","continuous_eta","paper/manuscript/mah_route_indicator_friction_model.tex","239","equation","eq:lambda_obs","P_i(r\mid M,\eta,p_m^*)\zeta_i^r(M,\eta,p_m^*)."
"CW-09","continuous_eta","paper/manuscript/mah_route_indicator_friction_model.tex","242","narrative-paragraph","","The notation $p_m^*$ in downstream equations means $p_m^*(M,\eta)$. Transfer and abandonment are excluded from this retained-product outcome. A broader data outcome can be represented by explicit route-specific observation weights, but its denominator must match the sample definition."
"CW-09","continuous_eta","paper/manuscript/mah_route_indicator_friction_model.tex","245","equation","eq:lambda_obs_E","\lambda_i^{obs,E}(M,\eta)"
"CW-09","continuous_eta","paper/manuscript/mah_route_indicator_friction_model.tex","247","equation","eq:lambda_obs_E","a_i x_i^*(M,\eta)"
"CW-09","continuous_eta","paper/manuscript/mah_route_indicator_friction_model.tex","248","equation","eq:lambda_obs_E","P_i(E\mid M,\eta,p_m^*)\zeta_i^E(M,\eta,p_m^*)."
"CW-09","continuous_eta","paper/manuscript/mah_route_indicator_friction_model.tex","256","proposition","eq:set_expansion;prop:set_expansion","For an eligible project with $q_i^E=1$, hold $p_m$, $\eta$, and all old-route payoffs fixed. Let"
"CW-09","continuous_eta","paper/manuscript/mah_route_indicator_friction_model.tex","264","equation;proposition","eq:set_expansion;prop:set_expansion","1+\frac{\exp(G_i^E(\eta,p_m)/\sigma_r)}{Q_i^0}"
"CW-09","continuous_eta","paper/manuscript/mah_route_indicator_friction_model.tex","274","proposition","eq:dGammadeta;eq:dpdeta;eq:GE_eta;eq:GE_p;prop:cmo_attenuation","Conditional on $M=1$, suppose only route $E$ depends directly on $\eta$. At a differentiable interior CMO equilibrium,"
"CW-09","continuous_eta","paper/manuscript/mah_route_indicator_friction_model.tex","276","equation;proposition","eq:dGammadeta;eq:dpdeta;eq:GE_eta;eq:GE_p;prop:cmo_attenuation","G_{i\eta}^E"
"CW-09","continuous_eta","paper/manuscript/mah_route_indicator_friction_model.tex","277","equation;proposition","eq:dGammadeta;eq:dpdeta;eq:GE_eta;eq:GE_p;prop:cmo_attenuation","&=(\bar R_i^E+v)\zeta_{i\eta}^E-\tau_{i\eta}^E\ge0,"
"CW-09","continuous_eta","paper/manuscript/mah_route_indicator_friction_model.tex","282","equation;proposition","eq:dGammadeta;eq:dpdeta;eq:GE_eta;eq:GE_p;prop:cmo_attenuation","\frac{\dd p_m^*}{\dd\eta}"
"CW-09","continuous_eta","paper/manuscript/mah_route_indicator_friction_model.tex","283","equation;proposition","eq:dGammadeta;eq:dpdeta;eq:GE_eta;eq:GE_p;prop:cmo_attenuation","&=\frac{D_{m\eta}^{tot}}{S_{mp}-D_{mp}^{tot}}\ge0"
"CW-09","continuous_eta","paper/manuscript/mah_route_indicator_friction_model.tex","284","equation;proposition","eq:dGammadeta;eq:dpdeta;eq:GE_eta;eq:GE_p;prop:cmo_attenuation","\quad\text{if }D_{m\eta}^{tot}\ge0,"
"CW-09","continuous_eta","paper/manuscript/mah_route_indicator_friction_model.tex","286","equation;proposition","eq:dGammadeta;eq:dpdeta;eq:GE_eta;eq:GE_p;prop:cmo_attenuation","\frac{\dd\Gamma_i}{\dd\eta}"
"CW-09","continuous_eta","paper/manuscript/mah_route_indicator_friction_model.tex","288","equation;proposition","eq:dGammadeta;eq:dpdeta;eq:GE_eta;eq:GE_p;prop:cmo_attenuation","G_{i\eta}^E+G_{ip}^E\frac{\dd p_m^*}{\dd\eta}"
"CW-09","continuous_eta","paper/manuscript/mah_route_indicator_friction_model.tex","292","proposition","eq:dGammadeta;eq:dpdeta;eq:GE_eta;eq:GE_p;prop:cmo_attenuation","Consequently, $\dd x_i^*/\dd\eta=(\beta a_i/\kappa)\dd\Gamma_i/\dd\eta$. The first term in brackets is the direct implementation gain; the second is weakly negative and is the equilibrium support-cost attenuation."
"CW-09","continuous_eta","paper/manuscript/mah_route_indicator_friction_model.tex","327","equation;proposition","eq:direct_x_eta;eq:dPEdk;prop:heterogeneity","\left.\frac{\partial x_i^*}{\partial\eta}\right|_{p_m}"
"CW-09","continuous_eta","paper/manuscript/mah_route_indicator_friction_model.tex","328","equation;proposition","eq:direct_x_eta;eq:dPEdk;prop:heterogeneity","=\frac{\beta a_i}{\kappa}P_i(E)G_{i\eta}^E."
"CW-09","continuous_eta","paper/manuscript/mah_route_indicator_friction_model.tex","335","proposition","","For a fixed firm distribution, aggregate route-planning-stage project arrivals rise when the positive $\Gamma_i(M,\eta,p_m^*)$ response among relevant firms is not offset by CMO support-cost feedback and the affected set has positive measure. Aggregate observed outcomes additionally require that route-use and realization terms do not fall enough to offset the planning-stage gain. This is a private-value and realized-output implication, not a welfare theorem."
"CW-09","continuous_eta","paper/manuscript/mah_route_indicator_friction_model.tex","340","calibration-or-empirical;narrative-paragraph","","The model delivers three empirical predictions that are useful before calibration. First, MAH should increase holder--producer separation among realized original-drug projects primarily where the retained entrusted route is feasible and valuable. Second, realized original-drug outcomes should respond more for firms with stronger research capability but weaker internal manufacturing capability, provided they are technically eligible for qualified support. Third, the response should be attenuated where support is scarce. For that prediction the support market is indexed by cell $m$---for example, region, dosage form, or technology segment---and each cell has its own $p_m^*(M,\eta)$. These predictions distinguish the MAH route-friction channel from a generic demand shock, scientific-productivity shock, or approval-speed reform."
"CW-09","continuous_eta","paper/manuscript/mah_route_indicator_friction_model.tex","346","calibration-or-empirical;equation","eq:observed_split_share","s_E^{obs}(M,\eta)"
"CW-09","continuous_eta","paper/manuscript/mah_route_indicator_friction_model.tex","372","calibration-or-empirical;narrative-paragraph","","$a_i x_i^*(M,\eta)$ and realization scale & Realized original-drug counts & Disciplines project-arrival and realization scale jointly, not planning-stage arrivals alone. \\"
"CW-09","continuous_eta","paper/manuscript/mah_route_indicator_friction_model.tex","373","calibration-or-empirical;narrative-paragraph","","$p_m^*(M,\eta)$ or CMO scarcity & Qualified entrusted-producer participation or capacity proxy by support-market cell & Needed to interpret attenuation; direct support costs may be unavailable. \\"
"CW-09","continuous_eta","paper/manuscript/mah_route_indicator_friction_model_appendix.tex","70","appendix;equation","eq:pe_environment","R_t,\; H(\theta_i),\; G_N(\theta_i),\; H_C(z^C),\; M_t,\; \eta_t"
"CW-09","continuous_eta","paper/manuscript/mah_route_indicator_friction_model_appendix.tex","74","appendix;narrative-paragraph","","where $R_t$ is the market-return shifter, $H$ is the distribution of incumbent firm characteristics $\theta_i$, $G_N$ is the distribution of potential entrant characteristics, $H_C$ is the distribution of qualified contract-manufacturing capacity, $M_t\in\{0,1\}$ is the institutional regime, and $\eta_t\in[0,1]$ is post-MAH implementation intensity, with $\eta_t=0$ by convention when $M_t=0$. The equilibrium support cost $p_{m,t}^*(M_t,\eta_t)$ is determined by"
"CW-09","continuous_eta","paper/manuscript/mah_route_indicator_friction_model_appendix.tex","76","appendix;equation","eq:baseline_cm_clearing","D_m^{tot}(p_m;M_t,\eta_t)=S_m(p_m),"
"CW-09","continuous_eta","paper/manuscript/mah_route_indicator_friction_model_appendix.tex","93","appendix;narrative-paragraph","","Endogenous route and R\&D objects & $P_i(r\mid M,\eta,p_m^*)$, $\Gamma_i(M,\eta,p_m^*)$, $x_i^*(M,\eta)$, $\lambda_i^{plan,*}$, $\lambda_i^{obs,*}$ & Determined jointly by route payoffs, logit route choice, CMO support-market clearing, and the R\&D FOC & Observed output is downstream of route-planning-stage project arrival \\"
"CW-09","continuous_eta","paper/manuscript/mah_route_indicator_friction_model_appendix.tex","94","appendix;narrative-paragraph","","CMO market object & $p_m^*(M,\eta)$ & Determined by $D_m^{tot}(p_m;M,\eta)=S_m(p_m)$ & Only qualified manufacturing support is cleared; no product-market or R\&D-input GE \\"
"CW-09","continuous_eta","paper/manuscript/mah_route_indicator_friction_model_appendix.tex","189","appendix;equation","eq:tau_intensity","\tau^E_{i,t+1}(\eta_{t+1})"
"CW-09","continuous_eta","paper/manuscript/mah_route_indicator_friction_model_appendix.tex","190","appendix;equation","eq:tau_intensity","=\bar\tau_i^E-\Delta\tau_i\eta_{t+1},"
"CW-09","continuous_eta","paper/manuscript/mah_route_indicator_friction_model_appendix.tex","191","appendix;equation","eq:tau_intensity","\qquad \eta_{t+1}\in[0,1],\quad \Delta\tau_i\ge0."
"CW-09","continuous_eta","paper/manuscript/mah_route_indicator_friction_model_appendix.tex","194","appendix;narrative-paragraph","","Equation \eqref{eq:tau_intensity} should be read together with the route set in equation \eqref{eq:routeset}. The binary variable $M_{t+1}$ controls whether the MAH-style entrusted route exists. Conditional on $M_{t+1}=1$ and $q_i^E=1$, the continuous variable $\eta_{t+1}$ controls implementation strength. This separation prevents an invalid derivative with respect to a binary route-availability indicator."
"CW-09","continuous_eta","paper/manuscript/mah_route_indicator_friction_model_appendix.tex","200","appendix;narrative-paragraph","","In the baseline, $M$ and $\eta$ do not directly shift $a_i$, $R^{event}$, $\bar R_i^E$, $C^I(k_i)$, or $\mu_i^E$. Conditional on $M=1$, $\tau_{i\eta}^E\le0$, $\zeta_{i\eta}^E\ge0$, and $\zeta_{ip}^E\le0$. Thus MAH operates through route availability, the entrusted-route policy friction, route-specific implementation, and the equilibrium qualified-support cost."
"CW-09","continuous_eta","paper/manuscript/mah_route_indicator_friction_model_appendix.tex","203","appendix;narrative-paragraph","","The binary reform effect is analyzed as a finite route-set expansion. Derivative comparative statics are taken with respect to $\eta$ or a continuous friction conditional on $E$ being feasible."
"CW-09","continuous_eta","paper/manuscript/mah_route_indicator_friction_model_appendix.tex","240","appendix;equation","eq:zetaE","\zeta^E_{i,t+1}(\eta_{t+1},p_{m,t+1})"
"CW-09","continuous_eta","paper/manuscript/mah_route_indicator_friction_model_appendix.tex","242","appendix;equation","eq:zetaE","\zeta^E\!\left(\tau^E_{i,t+1}(\eta_{t+1}),q_i^E,\theta_i,p_{m,t+1}\right)"
"CW-09","continuous_eta","paper/manuscript/mah_route_indicator_friction_model_appendix.tex","254","appendix;equation","eq:GA;eq:GE;eq:GI;eq:GT","\zeta^E_{i,t+1}(\eta_{t+1},p^*_{m,t+1})"
"CW-09","continuous_eta","paper/manuscript/mah_route_indicator_friction_model_appendix.tex","256","appendix;equation","eq:GA;eq:GE;eq:GI;eq:GT","-p^*_{m,t+1}(M_{t+1},\eta_{t+1})"
"CW-09","continuous_eta","paper/manuscript/mah_route_indicator_friction_model_appendix.tex","257","appendix;equation","eq:GA;eq:GE;eq:GI;eq:GT","-\tau^E_{i,t+1}(\eta_{t+1})"
"CW-09","continuous_eta","paper/manuscript/mah_route_indicator_friction_model_appendix.tex","267","appendix;narrative-paragraph","","so higher manufacturing ability lowers internal production cost. Here $p^*_{m,t+1}(M_{t+1},\eta_{t+1})$ is the equilibrium project-level effective cost of obtaining qualified entrusted manufacturing support. It summarizes support scarcity, production-readiness support, technology-transfer preparation, and capacity occupation at the level needed for the route decision; it is not a per-unit marginal cost inside the demand system. The separate object $\tau^E_{i,t+1}$ captures the MAH-reducible policy and contractual friction of the retained external route. The residual burden $\mu_i^E$ captures holder-side monitoring, quality-control, technical-transfer, and coordination costs that remain even when the route is legally supported. $S_i-\tau_i^T$ is the net value of the non-retained outside option."
"CW-09","continuous_eta","paper/manuscript/mah_route_indicator_friction_model_appendix.tex","279","appendix;equation","eq:logit_prob","P_i(r\mid M_{t+1},\eta_{t+1},p^*_{m,t+1})"
"CW-09","continuous_eta","paper/manuscript/mah_route_indicator_friction_model_appendix.tex","286","appendix;narrative-paragraph","","For routes other than retained entrusted production, $\zeta_i^r$ may be independent of $p_m$ and $\eta$."
"CW-09","continuous_eta","paper/manuscript/mah_route_indicator_friction_model_appendix.tex","289","appendix;equation","eq:Gamma_general","\Gamma_{i,t+1}(M_{t+1},\eta_{t+1},p^*_{m,t+1})"
"CW-09","continuous_eta","paper/manuscript/mah_route_indicator_friction_model_appendix.tex","304","appendix;narrative-paragraph","","The baseline closes only the market for qualified entrusted manufacturing support. One project planning route $E$ requires one qualified support package. Given $(p_m,M,\eta)$, route choice and R\&D imply total support demand"
"CW-09","continuous_eta","paper/manuscript/mah_route_indicator_friction_model_appendix.tex","306","appendix;equation","eq:cm_demand_baseline","D_m^{tot}(p_m;M,\eta)"
"CW-09","continuous_eta","paper/manuscript/mah_route_indicator_friction_model_appendix.tex","310","appendix;equation","eq:cm_demand_baseline","a_i x_i^*(M,\eta,p_m)"
"CW-09","continuous_eta","paper/manuscript/mah_route_indicator_friction_model_appendix.tex","311","appendix;equation","eq:cm_demand_baseline","P_i(E\mid M,\eta,p_m)"
"CW-09","continuous_eta","paper/manuscript/mah_route_indicator_friction_model_appendix.tex","315","appendix;narrative-paragraph","","where $D_m^B(p_m)$ is exogenous background demand from non-MAH uses and $P_i(E\mid M,\eta,p_m)=0$ when $E\notin\calR_i(M)$. Background demand keeps the market active before MAH, so $p_m^*(0,0)$ is economically meaningful. MAH-project demand is measured at route planning; it is not multiplied by $\zeta_i^E$ because the support package is reserved before final observed realization. Qualified producer supply is"
"CW-09","continuous_eta","paper/manuscript/mah_route_indicator_friction_model_appendix.tex","326","appendix;narrative-paragraph","","Z_m(p_m;M,\eta)"
"CW-09","continuous_eta","paper/manuscript/mah_route_indicator_friction_model_appendix.tex","327","appendix;narrative-paragraph","","=D_m^{tot}(p_m;M,\eta)-S_m(p_m)"
"CW-09","continuous_eta","paper/manuscript/mah_route_indicator_friction_model_appendix.tex","329","appendix;narrative-paragraph","","is strictly decreasing, with $Z_m(0;M,\eta)\ge0$ and $Z_m(\bar p_m;M,\eta)\le0$. At differentiable interior equilibria, $D_{mp}^{tot}<S_{mp}$."
"CW-09","continuous_eta","paper/manuscript/mah_route_indicator_friction_model_appendix.tex","334","appendix;proposition","lem:cmo_existence","Under Assumption \ref{ass:cmo_market_regular}, for each $(M,\eta)$ there is a unique $p_m^*(M,\eta)\in[0,\bar p_m]$ satisfying equation \eqref{eq:baseline_cm_clearing}."
"CW-09","continuous_eta","paper/manuscript/mah_route_indicator_friction_model_appendix.tex","341","appendix;narrative-paragraph","","This closure lets an outward shift in MAH-project support demand raise $p_m^*(M,\eta)$ and partially offset the direct improvement in route $E$. No other market is closed in the baseline."
"CW-09","continuous_eta","paper/manuscript/mah_route_indicator_friction_model_appendix.tex","355","appendix;equation","eq:transition","P_i(r\mid M_{t+1},\eta_{t+1},p^*_{m,t+1})"
"CW-09","continuous_eta","paper/manuscript/mah_route_indicator_friction_model_appendix.tex","356","appendix;equation","eq:transition","\rho^r\zeta_i^r(\eta_{t+1},p^*_{m,t+1}),"
"CW-09","continuous_eta","paper/manuscript/mah_route_indicator_friction_model_appendix.tex","382","appendix;equation","eq:Bellman_reduced","\E_t\left[\Gamma_{i,t+1}(M_{t+1},\eta_{t+1},p^*_{m,t+1})\right]"
"CW-09","continuous_eta","paper/manuscript/mah_route_indicator_friction_model_appendix.tex","422","appendix;equation","eq:lambdaobs","P_i(r\mid M_{t+1},\eta_{t+1},p^*_{m,t+1})"
"CW-09","continuous_eta","paper/manuscript/mah_route_indicator_friction_model_appendix.tex","423","appendix;equation","eq:lambdaobs","\zeta_i^r(\eta_{t+1},p^*_{m,t+1})\omega_i^{r,d}."
"CW-09","continuous_eta","paper/manuscript/mah_route_indicator_friction_model_appendix.tex","431","appendix;equation","eq:lambdaobsE","P_i(E\mid M_{t+1},\eta_{t+1},p^*_{m,t+1})"
"CW-09","continuous_eta","paper/manuscript/mah_route_indicator_friction_model_appendix.tex","432","appendix;equation","eq:lambdaobsE","\zeta_i^E(\eta_{t+1},p^*_{m,t+1})."
"CW-09","continuous_eta","paper/manuscript/mah_route_indicator_friction_model_appendix.tex","437","appendix;narrative-paragraph","","For stationary comparative statics, hold the market-return background and residual entrusted-route burden fixed, set $(M_t,\eta_t)=(M,\eta)$, $\tau^E_{it}=\tau_i^E(\eta)$, $p_{m,t}=p_m^*(M,\eta)$, $v_t=v$, and $A_t=A$. From equation \eqref{eq:vrecursion},"
"CW-09","continuous_eta","paper/manuscript/mah_route_indicator_friction_model_appendix.tex","444","appendix;equation","eq:Gamma_stationary","\Gamma_i^{M,\eta}"
"CW-09","continuous_eta","paper/manuscript/mah_route_indicator_friction_model_appendix.tex","450","appendix;equation","eq:Gamma_stationary","\exp(G_i^r(M,\eta,p_m^*(M,\eta))/\sigma_r)"
"CW-09","continuous_eta","paper/manuscript/mah_route_indicator_friction_model_appendix.tex","454","appendix;narrative-paragraph","","When $\eta$ is fixed at the value associated with regime $M$, later sections use the shorthand $\Gamma_i^M\equiv\Gamma_i^{M,\eta_M}$. The stationary solutions are"
"CW-09","continuous_eta","paper/manuscript/mah_route_indicator_friction_model_appendix.tex","456","appendix;equation","eq:lambdastationary;eq:Vstationary;eq:xstationary","x_i^*(M,\eta)&=\frac{\beta a_i}{\kappa}\Gamma_i^{M,\eta},\label{eq:xstationary}\\"
"CW-09","continuous_eta","paper/manuscript/mah_route_indicator_friction_model_appendix.tex","457","appendix;equation","eq:lambdastationary;eq:Vstationary;eq:xstationary","\lambda_i^{plan,*}(M,\eta)&=\frac{\beta a_i^2}{\kappa}\Gamma_i^{M,\eta},\label{eq:lambdastationary}\\"
"CW-09","continuous_eta","paper/manuscript/mah_route_indicator_friction_model_appendix.tex","458","appendix;equation","eq:lambdastationary;eq:Vstationary;eq:xstationary","V_i(n_i;M,\eta)&=\frac{\beta^2 a_i^2}{2\kappa(1-\beta)}\left[\Gamma_i^{M,\eta}\right]^2+\frac{\pi}{1-\beta(1-\delta)}n_i.\label{eq:Vstationary}"
"CW-09","continuous_eta","paper/manuscript/mah_route_indicator_friction_model_appendix.tex","468","appendix;narrative-paragraph","","For $q_i^E=1$, hold $p_m$, $\eta$, and every old-route payoff fixed. Define"
"CW-09","continuous_eta","paper/manuscript/mah_route_indicator_friction_model_appendix.tex","475","appendix;equation","eq:set_expansion_appendix","=\Gamma_i(1,\eta,p_m)-\Gamma_i(0,0,p_m)"
"CW-09","continuous_eta","paper/manuscript/mah_route_indicator_friction_model_appendix.tex","477","appendix;equation","eq:set_expansion_appendix","1+\frac{\exp(G_i^E(\eta,p_m)/\sigma_r)}{Q_i^0}"
"CW-09","continuous_eta","paper/manuscript/mah_route_indicator_friction_model_appendix.tex","481","appendix;narrative-paragraph","","This is the correct comparison for the binary institution $M$. It is an option-value result at fixed $p_m$; equilibrium price feedback is introduced separately through continuous post-MAH implementation intensity $\eta$."
"CW-09","continuous_eta","paper/manuscript/mah_route_indicator_friction_model_appendix.tex","495","appendix;narrative-paragraph","","If $E\notin\calR_i(M)$, set $P_i(E\mid M,\eta,p_m^*)=0$. The derivative of the inclusive value is"
"CW-09","continuous_eta","paper/manuscript/mah_route_indicator_friction_model_appendix.tex","499","appendix;equation","eq:dGammadTau_logit","P_i(E\mid M,\eta,p_m^*)"
"CW-09","continuous_eta","paper/manuscript/mah_route_indicator_friction_model_appendix.tex","527","appendix;proposition","eq:dLambdadtau_logit;eq:dxdtau_logit;prop:logit_weighted_response","The response is stronger for high-$a_i$ firms and for firms with high $P_i(E\mid M,\eta,p_m^*)$."
"CW-09","continuous_eta","paper/manuscript/mah_route_indicator_friction_model_appendix.tex","538","appendix;proposition","eq:obsE_decomposition;prop:observed_output_decomposition","\lambda_i^{obs,E}(M,\eta)"
"CW-09","continuous_eta","paper/manuscript/mah_route_indicator_friction_model_appendix.tex","540","appendix;proposition","eq:obsE_decomposition;prop:observed_output_decomposition","a_i x_i^*(M,\eta)P_i(E\mid M,\eta,p_m^*)\zeta_i^E(\eta,p_m^*)."
"CW-09","continuous_eta","paper/manuscript/mah_route_indicator_friction_model_appendix.tex","568","appendix;proposition","cor:deterministic_sorting_limit;eq:deterministic_sorting_limit","E_i(1,\eta)=G_i^E(\eta,p_m^*(1,\eta))."
"CW-09","continuous_eta","paper/manuscript/mah_route_indicator_friction_model_appendix.tex","574","appendix;equation;proposition","cor:deterministic_sorting_limit;eq:deterministic_sorting_limit","E_i(1,\eta)>B_i^0."
"CW-09","continuous_eta","paper/manuscript/mah_route_indicator_friction_model_appendix.tex","583","appendix;narrative-paragraph","","Conditional on $M=1$, only route $E$ depends directly on $(\eta,p_m)$. Assumption \ref{ass:policy_exclusion} gives"
"CW-09","continuous_eta","paper/manuscript/mah_route_indicator_friction_model_appendix.tex","585","appendix;equation","eq:GE_eta_appendix;eq:GE_p_appendix","G_{i\eta}^E"
"CW-09","continuous_eta","paper/manuscript/mah_route_indicator_friction_model_appendix.tex","586","appendix;equation","eq:GE_eta_appendix;eq:GE_p_appendix","&=(\bar R_i^E+v)\zeta_{i\eta}^E-\tau_{i\eta}^E\ge0,"
"CW-09","continuous_eta","paper/manuscript/mah_route_indicator_friction_model_appendix.tex","594","appendix;equation","eq:eta_partial_derivatives;eq:p_partial_derivatives","\Gamma_{i\eta}&=P_i(E)G_{i\eta}^E,"
"CW-09","continuous_eta","paper/manuscript/mah_route_indicator_friction_model_appendix.tex","595","appendix;equation","eq:eta_partial_derivatives;eq:p_partial_derivatives","&x_{i\eta}^*&=\frac{\beta a_i}{\kappa}\Gamma_{i\eta},"
"CW-09","continuous_eta","paper/manuscript/mah_route_indicator_friction_model_appendix.tex","596","appendix;equation","eq:eta_partial_derivatives;eq:p_partial_derivatives","&P_{i\eta}(E)&=\frac{P_i(E)[1-P_i(E)]}{\sigma_r}G_{i\eta}^E,"
"CW-09","continuous_eta","paper/manuscript/mah_route_indicator_friction_model_appendix.tex","604","appendix;narrative-paragraph","","Let $F_m(p_m;M,\eta)=D_m^{tot}(p_m;M,\eta)-S_m(p_m)$. Background demand is independent of MAH implementation, so $D_{m\eta}^B=0$. Differentiating equation \eqref{eq:cm_demand_baseline} at fixed $p_m$ gives"
"CW-09","continuous_eta","paper/manuscript/mah_route_indicator_friction_model_appendix.tex","606","appendix;equation","eq:D_eta_expanded","D_{m\eta}^{tot}"
"CW-09","continuous_eta","paper/manuscript/mah_route_indicator_friction_model_appendix.tex","607","appendix;equation","eq:D_eta_expanded","=\int a_i\left[x_{i\eta}^*P_i(E)+x_i^*P_{i\eta}(E)\right]\dd H_i\ge0,"
"CW-09","continuous_eta","paper/manuscript/mah_route_indicator_friction_model_appendix.tex","619","appendix;equation","eq:dpdeta_appendix","\frac{\dd p_m^*}{\dd\eta}"
"CW-09","continuous_eta","paper/manuscript/mah_route_indicator_friction_model_appendix.tex","620","appendix;equation","eq:dpdeta_appendix","=-\frac{F_{m\eta}}{F_{mp}}"
"CW-09","continuous_eta","paper/manuscript/mah_route_indicator_friction_model_appendix.tex","621","appendix;equation","eq:dpdeta_appendix","=\frac{D_{m\eta}^{tot}}{S_{mp}-D_{mp}^{tot}}\ge0."
"CW-09","continuous_eta","paper/manuscript/mah_route_indicator_friction_model_appendix.tex","626","appendix;equation","eq:dGammadeta_appendix","\frac{\dd\Gamma_i}{\dd\eta}"
"CW-09","continuous_eta","paper/manuscript/mah_route_indicator_friction_model_appendix.tex","628","appendix;equation","eq:dGammadeta_appendix","G_{i\eta}^E+G_{ip}^E\frac{\dd p_m^*}{\dd\eta}"
"CW-09","continuous_eta","paper/manuscript/mah_route_indicator_friction_model_appendix.tex","631","appendix;equation","eq:dGammadeta_appendix","\frac{\dd x_i^*}{\dd\eta}"
"CW-09","continuous_eta","paper/manuscript/mah_route_indicator_friction_model_appendix.tex","632","appendix;equation","eq:dGammadeta_appendix","=\frac{\beta a_i}{\kappa}\frac{\dd\Gamma_i}{\dd\eta}."
"CW-09","continuous_eta","paper/manuscript/mah_route_indicator_friction_model_appendix.tex","648","appendix;equation","eq:direct_x_eta_appendix","\left.\frac{\partial x_i^*}{\partial\eta}\right|_{p_m}"
"CW-09","continuous_eta","paper/manuscript/mah_route_indicator_friction_model_appendix.tex","649","appendix;equation","eq:direct_x_eta_appendix","=\frac{\beta a_i}{\kappa}P_i(E)G_{i\eta}^E."
"CW-09","continuous_eta","paper/manuscript/mah_route_indicator_friction_model_appendix.tex","652","appendix;narrative-paragraph","","If $G_{i\eta}^E$ is independent of $k_i$, then"
"CW-09","continuous_eta","paper/manuscript/mah_route_indicator_friction_model_appendix.tex","654","appendix;equation","eq:cross_k_eta","\left.\frac{\partial^2 x_i^*}{\partial k_i\partial\eta}\right|_{p_m}"
"CW-09","continuous_eta","paper/manuscript/mah_route_indicator_friction_model_appendix.tex","657","appendix;equation","eq:cross_k_eta","\frac{\partial G_i^I}{\partial k_i}G_{i\eta}^E\le0."
"CW-09","continuous_eta","paper/manuscript/mah_route_indicator_friction_model_appendix.tex","756","appendix;equation","eq:LambdaIobs","P_i(r\mid M,\eta_M,p_m^*)\zeta_i^r(\eta_M,p_m^*)\omega_i^{r,d}"
"CW-09","continuous_eta","paper/manuscript/mah_route_indicator_friction_model_appendix.tex","821","appendix;proposition","eq:agg_prop_derivative","so $\dd\tau^E<0$ implies $\dd\Lambda_I^{plan}\ge0$ through the friction channel. With endogenous CMO pricing, the same conclusion requires the response in $p_m^*(M,\eta)$ not to offset the entrusted-route value gain. The increase is strict if a positive-measure set of incumbents has $a>0$, positive inclusive-value response, and positive entrusted-route probability. If a credible firm-year entry panel is available and the optional entry module is activated, the same sign logic can be extended to potential entrants through $F_e$, but that is not a baseline empirical conclusion."
"CW-09","continuous_eta","paper/manuscript/mah_route_indicator_friction_model_appendix.tex","847","appendix;calibration-or-empirical;narrative-paragraph","","$p_m^*(M,\eta)$ & Equilibrium effective cost of qualified contract-manufacturing support & Contract-manufacturing support-cost proxies, CMO fee schedules, cost reports, producer capacity, or sensitivity values if unavailable & Endogenous only in the CMO support market; not a product-market price index \\"
"CW-09","continuous_eta","paper/manuscript/mah_route_indicator_friction_model_appendix.tex","851","appendix;calibration-or-empirical;narrative-paragraph","","$\Gamma_i^{M,\eta}$ & Private expected value of a route-planning original-drug project under $(M,\eta)$ & Not directly observed; inferred through route-use and count moments after normalizations & Private option value, not social welfare \\"
"CW-09","continuous_eta","paper/manuscript/mah_route_indicator_friction_model_appendix.tex","888","appendix;calibration-or-empirical;narrative-paragraph","","Because approval-side data do not separately observe $a_i$, $\kappa$, $\Gamma_i$, $\zeta_i^E$, $\bar R_i^E$, project-level success probabilities, and route-choice scale, the calibration must normalize at least one object. Examples include $\kappa=1$, a benchmark $\Gamma^0(\theta)=1$, a chosen route-choice scale $\sigma_r$, or sensitivity values for $p_m^*(M,\eta)$. The calibrated parameters should be interpreted relative to these normalizations."
"CW-09","continuous_eta","paper/manuscript/mah_route_indicator_friction_model_appendix.tex","908","appendix;calibration-or-empirical;equation","eq:aggregate_observed_share","s_E^{obs}(M,\eta)"
"CW-09","continuous_eta","paper/manuscript/mah_route_indicator_friction_model_appendix.tex","916","appendix;calibration-or-empirical;narrative-paragraph","","All objects in equation \eqref{eq:aggregate_observed_share} are evaluated at $(M,\eta,p_m^*)$. Firm heterogeneity, R\&D selection, route choice, and realization all affect the aggregate share."
"CW-09","continuous_eta","paper/manuscript/mah_route_indicator_friction_model_appendix.tex","951","appendix;calibration-or-empirical;equation","eq:post_exposure_logodds","\eta_0+\eta_1 Exposure_\ell+u_\ell,"
"CW-09","continuous_eta","paper/manuscript/mah_route_indicator_friction_model_appendix.tex","1154","appendix;calibration-or-empirical;narrative-paragraph","","This is why the model separates $p_m^*(M,\eta)$, $\tau_i^E$, $\mu_i^E$, and $\zeta_i^E$. The effective support cost $p_m^*(M,\eta)$ is distinct from the MAH-reducible policy friction $\tau_i^E$, both are distinct from residual holder-side monitoring and quality-control burden $\mu_i^E$, and $\zeta_i^E$ captures route realization rather than primitive legal cost. The comparative statics in the model should therefore be read as statements about the private option value of a legally recognized entrusted-production route, not as statements about demand, science, or a generic deregulation shock."
"CW-09","continuous_eta","paper/manuscript/mah_route_indicator_friction_model_appendix.tex","1178","appendix;calibration-or-empirical;narrative-paragraph","","\item the effective route-realization wedge, which combines $p_m^*(M,\eta)$, $\tau^E$, $\mu^E$, $\zeta^E/\zeta^I$, route-specific returns, and the route-choice scale;"
"CW-09","continuous_eta","paper/manuscript/mah_route_indicator_friction_model_appendix.tex","1335","appendix;calibration-or-empirical;narrative-paragraph","","\eta_0+\eta_1 Exposure_\ell+u_\ell,"
"CW-09","continuous_eta","paper/manuscript/mah_route_indicator_friction_model_appendix.tex","1362","appendix;calibration-or-empirical;narrative-paragraph","","Given the expected commercialization value $\Gamma_i^{M,\eta}$ of a route-planning project, the first-order condition gives"
"CW-09","continuous_eta","paper/manuscript/mah_route_indicator_friction_model_appendix.tex","1364","appendix;calibration-or-empirical;narrative-paragraph","","x_i^*(M,\eta)=\frac{\beta a_i}{\kappa}\Gamma_i^{M,\eta}."
"CW-09","continuous_eta","paper/manuscript/mah_route_indicator_friction_model_appendix.tex","1368","appendix;calibration-or-empirical;narrative-paragraph","","\lambda_i^{plan,*}(M,\eta)=a_i x_i^*(M,\eta)"
"CW-09","continuous_eta","paper/manuscript/mah_route_indicator_friction_model_appendix.tex","1370","appendix;calibration-or-empirical;narrative-paragraph","","\frac{\beta a_i^2}{\kappa}\Gamma_i^{M,\eta}."
"CW-09","continuous_eta","research_notes/model_notes/00_model_closure_status.md","15","legacy-note","","- Conditional on \(M=1\), \(\eta\in[0,1]\) is continuous implementation intensity. Set \(\eta=0\) when \(M=0\)."
"CW-09","continuous_eta","research_notes/model_notes/00_model_closure_status.md","29","legacy-note","","G_i^E(\eta,p_m)"
"CW-09","continuous_eta","research_notes/model_notes/00_model_closure_status.md","30","legacy-note","","=\zeta_i^E(\eta,p_m)(\bar R_i^E+v)"
"CW-09","continuous_eta","research_notes/model_notes/00_model_closure_status.md","31","legacy-note","","-p_m-\tau_i^E(\eta)-\mu_i^E."
"CW-09","continuous_eta","research_notes/model_notes/00_model_closure_status.md","37","legacy-note","","P_i(r\mid M,\eta,p_m)"
"CW-09","continuous_eta","research_notes/model_notes/00_model_closure_status.md","41","legacy-note","","\Gamma_i(M,\eta,p_m)"
"CW-09","continuous_eta","research_notes/model_notes/00_model_closure_status.md","48","legacy-note","","x_i^*(M,\eta)"
"CW-09","continuous_eta","research_notes/model_notes/00_model_closure_status.md","50","legacy-note","","\Gamma_i(M,\eta,p_m^*(M,\eta)),"
"CW-09","continuous_eta","research_notes/model_notes/00_model_closure_status.md","59","legacy-note","","D_m^{tot}(p_m;M,\eta)"
"CW-09","continuous_eta","research_notes/model_notes/00_model_closure_status.md","61","legacy-note","","+\int a_i x_i^*(M,\eta,p_m)"
"CW-09","continuous_eta","research_notes/model_notes/00_model_closure_status.md","62","legacy-note","","P_i(E\mid M,\eta,p_m)\,dH_i."
"CW-09","continuous_eta","research_notes/model_notes/00_model_closure_status.md","68","legacy-note","","D_m^{tot}(p_m^*;M,\eta)=S_m(p_m^*),"
"CW-09","continuous_eta","research_notes/model_notes/00_model_closure_status.md","69","legacy-note","","\qquad p_m^*=p_m^*(M,\eta),"
"CW-09","continuous_eta","research_notes/model_notes/00_model_closure_status.md","75","legacy-note","","\frac{d p_m^*}{d\eta}"
"CW-09","continuous_eta","research_notes/model_notes/00_model_closure_status.md","76","legacy-note","","=\frac{D_{m\eta}^{tot}}{S_{mp}-D_{mp}^{tot}}."
"CW-09","continuous_eta","research_notes/model_notes/01_symbols_and_objects.md","10","legacy-note","","| \(\eta\in[0,1]\) | post-MAH implementation intensity | Continuous comparative-static variable conditional on \(M=1\); \(\eta=0\) when \(M=0\) |"
"CW-09","continuous_eta","research_notes/model_notes/01_symbols_and_objects.md","13","legacy-note","","| \(p_m^*(M,\eta)\) | equilibrium per-project effective cost of qualified CMO support | Endogenous only in the CMO support market; not a product-market price |"
"CW-09","continuous_eta","research_notes/model_notes/01_symbols_and_objects.md","15","legacy-note","","| \(D_m^{tot}(p_m;M,\eta)\) | total demand for qualified support packages | Background demand plus planning-stage MAH-project demand |"
"CW-09","continuous_eta","research_notes/model_notes/01_symbols_and_objects.md","29","legacy-note","","| \(\tau_i^E(\eta)\) | MAH-reducible policy and contractual friction for route \(E\) | Conditional on route availability; \(\tau_{i\eta}^E\le0\) |"
"CW-09","continuous_eta","research_notes/model_notes/01_symbols_and_objects.md","45","legacy-note","","| \(P_i(r\mid M,\eta,p_m)\) | planned logit route probability | Evaluated at \(p_m^*(M,\eta)\) in equilibrium |"
"CW-09","continuous_eta","research_notes/model_notes/01_symbols_and_objects.md","46","legacy-note","","| \(\Gamma_i(M,\eta,p_m)\) | inclusive value of one route-planning-stage project | Enters the R&D first-order condition |"
"CW-09","continuous_eta","research_notes/model_notes/02_equation_dependency_map.md","9","legacy-note","","\eta\in[0,1],\qquad"
"CW-09","continuous_eta","research_notes/model_notes/02_equation_dependency_map.md","10","legacy-note","","\eta=0\text{ when }M=0,"
"CW-09","continuous_eta","research_notes/model_notes/02_equation_dependency_map.md","18","legacy-note","","The change in \(M\) is a finite route-set expansion. Derivatives are taken with respect to \(\eta\) conditional on \(M=1\)."
"CW-09","continuous_eta","research_notes/model_notes/02_equation_dependency_map.md","25","legacy-note","","\zeta_i^r(\eta,p_m)=s_i\chi_i^r(\eta,p_m)."
"CW-09","continuous_eta","research_notes/model_notes/02_equation_dependency_map.md","37","legacy-note","","G_i^E(\eta,p_m)"
"CW-09","continuous_eta","research_notes/model_notes/02_equation_dependency_map.md","38","legacy-note","","=\zeta_i^E(\eta,p_m)(\bar R_i^E+v)"
"CW-09","continuous_eta","research_notes/model_notes/02_equation_dependency_map.md","39","legacy-note","","-p_m-\tau_i^E(\eta)-\mu_i^E,"
"CW-09","continuous_eta","research_notes/model_notes/02_equation_dependency_map.md","55","legacy-note","","P_i(r\mid M,\eta,p_m)"
"CW-09","continuous_eta","research_notes/model_notes/02_equation_dependency_map.md","61","legacy-note","","\Gamma_i(M,\eta,p_m)"
"CW-09","continuous_eta","research_notes/model_notes/02_equation_dependency_map.md","67","legacy-note","","x_i^*(M,\eta,p_m)"
"CW-09","continuous_eta","research_notes/model_notes/02_equation_dependency_map.md","68","legacy-note","","=\frac{\beta a_i}{\kappa}\Gamma_i(M,\eta,p_m)."
"CW-09","continuous_eta","research_notes/model_notes/02_equation_dependency_map.md","76","legacy-note","","D_m^{tot}(p_m;M,\eta)"
"CW-09","continuous_eta","research_notes/model_notes/02_equation_dependency_map.md","78","legacy-note","","+\int a_i x_i^*(M,\eta,p_m)"
"CW-09","continuous_eta","research_notes/model_notes/02_equation_dependency_map.md","79","legacy-note","","P_i(E\mid M,\eta,p_m)\,dH_i,"
"CW-09","continuous_eta","research_notes/model_notes/02_equation_dependency_map.md","89","legacy-note","","Z_m(p_m;M,\eta)=D_m^{tot}(p_m;M,\eta)-S_m(p_m)."
"CW-09","continuous_eta","research_notes/model_notes/02_equation_dependency_map.md","95","legacy-note","","p_m^*(M,\eta):"
"CW-09","continuous_eta","research_notes/model_notes/02_equation_dependency_map.md","97","legacy-note","","D_m^{tot}(p_m^*;M,\eta)=S_m(p_m^*)."
"CW-09","continuous_eta","research_notes/model_notes/02_equation_dependency_map.md","103","legacy-note","","\frac{dp_m^*}{d\eta}"
"CW-09","continuous_eta","research_notes/model_notes/02_equation_dependency_map.md","104","legacy-note","","=-\frac{Z_{m\eta}}{Z_{mp}}"
"CW-09","continuous_eta","research_notes/model_notes/02_equation_dependency_map.md","105","legacy-note","","=\frac{D_{m\eta}^{tot}}{S_{mp}-D_{mp}^{tot}}."
"CW-09","continuous_eta","research_notes/model_notes/02_equation_dependency_map.md","110","legacy-note","","Evaluate all route objects at \(p_m^*(M,\eta)\):"
"CW-09","continuous_eta","research_notes/model_notes/02_equation_dependency_map.md","113","legacy-note","","x_i^*(M,\eta)"
"CW-09","continuous_eta","research_notes/model_notes/02_equation_dependency_map.md","115","legacy-note","","\Gamma_i(M,\eta,p_m^*(M,\eta)),"
"CW-09","continuous_eta","research_notes/model_notes/02_equation_dependency_map.md","119","legacy-note","","\lambda_i^{plan,*}(M,\eta)=a_i x_i^*(M,\eta),"
"CW-09","continuous_eta","research_notes/model_notes/02_equation_dependency_map.md","123","legacy-note","","\lambda_i^{obs,ret}(M,\eta)"
"CW-09","continuous_eta","research_notes/model_notes/02_equation_dependency_map.md","129","legacy-note","","\lambda_i^{obs,E}(M,\eta)"
"CW-09","continuous_eta","research_notes/model_notes/02_equation_dependency_map.md","167","legacy-note","","(M,\eta,\theta_i)"
"CW-09","continuous_eta","research_notes/model_notes/02_equation_dependency_map.md","173","legacy-note","","p_m^*(M,\eta)"
"CW-09","continuous_eta","research_notes/model_notes/03_assumptions_and_scope.md","5","legacy-note","","1. \(M\in\{0,1\}\) controls legal route availability. Conditional on \(M=1\), \(\eta\in[0,1]\) controls implementation intensity; \(\eta=0\) when \(M=0\)."
"CW-09","continuous_eta","research_notes/model_notes/03_assumptions_and_scope.md","8","legacy-note","","4. Conditional on route \(E\) being feasible, \(\tau_{i\eta}^E\le0\), \(\zeta_{i\eta}^E\ge0\), and \(\zeta_{ip}^E\le0\)."
"CW-09","continuous_eta","research_notes/model_notes/03_assumptions_and_scope.md","9","legacy-note","","5. \(q_i^E\) is technical and regulatory eligibility. Matching pressure and scarcity are represented through the qualified-support market and \(p_m^*(M,\eta)\)."
"CW-09","continuous_eta","research_notes/model_notes/03_assumptions_and_scope.md","16","legacy-note","","The baseline does not let \(M\) or \(\eta\) directly shift:"
"CW-09","continuous_eta","research_notes/model_notes/03_assumptions_and_scope.md","31","legacy-note","","+\int a_i x_i^*(M,\eta,p_m)P_i(E\mid M,\eta,p_m)\,dH_i"
"CW-09","continuous_eta","research_notes/model_notes/03_assumptions_and_scope.md","35","legacy-note","","which determines the unique \(p_m^*(M,\eta)\). Support demand is formed at route planning and therefore excludes \(\zeta_i^E\)."
"CW-09","continuous_eta","research_notes/model_notes/04_comparative_statics_checklist.md","7","legacy-note","","Do not write a derivative with respect to \(M\). For an eligible project, hold \(p_m\), \(\eta\), and old-route payoffs fixed and use"
"CW-09","continuous_eta","research_notes/model_notes/04_comparative_statics_checklist.md","11","legacy-note","","=\Gamma_i(1,\eta,p_m)-\Gamma_i(0,0,p_m)"
"CW-09","continuous_eta","research_notes/model_notes/04_comparative_statics_checklist.md","13","legacy-note","","1+\frac{\exp(G_i^E(\eta,p_m)/\sigma_r)}"
"CW-09","continuous_eta","research_notes/model_notes/04_comparative_statics_checklist.md","25","legacy-note","","G_{i\eta}^E"
"CW-09","continuous_eta","research_notes/model_notes/04_comparative_statics_checklist.md","26","legacy-note","","=(\bar R_i^E+v)\zeta_{i\eta}^E-\tau_{i\eta}^E\ge0,"
"CW-09","continuous_eta","research_notes/model_notes/04_comparative_statics_checklist.md","37","legacy-note","","\Gamma_{i\eta}=P_i(E)G_{i\eta}^E,"
"CW-09","continuous_eta","research_notes/model_notes/04_comparative_statics_checklist.md","39","legacy-note","","x_{i\eta}^*=\frac{\beta a_i}{\kappa}P_i(E)G_{i\eta}^E."
"CW-09","continuous_eta","research_notes/model_notes/04_comparative_statics_checklist.md","49","legacy-note","","\frac{dp_m^*}{d\eta}"
"CW-09","continuous_eta","research_notes/model_notes/04_comparative_statics_checklist.md","50","legacy-note","","=\frac{D_{m\eta}^{tot}}{S_{mp}-D_{mp}^{tot}}\ge0"
"CW-09","continuous_eta","research_notes/model_notes/04_comparative_statics_checklist.md","51","legacy-note","","\quad\text{when }D_{m\eta}^{tot}\ge0."
"CW-09","continuous_eta","research_notes/model_notes/04_comparative_statics_checklist.md","57","legacy-note","","\frac{d\Gamma_i}{d\eta}"
"CW-09","continuous_eta","research_notes/model_notes/04_comparative_statics_checklist.md","59","legacy-note","","G_{i\eta}^E"
"CW-09","continuous_eta","research_notes/model_notes/04_comparative_statics_checklist.md","60","legacy-note","","+G_{ip}^E\frac{dp_m^*}{d\eta}"
"CW-09","continuous_eta","research_notes/model_notes/04_comparative_statics_checklist.md","67","legacy-note","","\frac{dx_i^*}{d\eta}"
"CW-09","continuous_eta","research_notes/model_notes/04_comparative_statics_checklist.md","68","legacy-note","","=\frac{\beta a_i}{\kappa}\frac{d\Gamma_i}{d\eta}."
"CW-09","continuous_eta","research_notes/model_notes/05_calibration_mapping.md","12","calibration-or-empirical;legacy-note","","s_E^{obs}(M,\eta)"
"CW-09","continuous_eta","research_notes/model_notes/05_calibration_mapping.md","15","calibration-or-empirical;legacy-note","","\int a_i x_i^*(M,\eta)"
"CW-09","continuous_eta","research_notes/model_notes/05_calibration_mapping.md","16","calibration-or-empirical;legacy-note","","P_i(E\mid M,\eta,p_m^*)\zeta_i^E(\eta,p_m^*)\,dH_i"
"CW-09","continuous_eta","research_notes/model_notes/05_calibration_mapping.md","18","calibration-or-empirical;legacy-note","","\int a_i x_i^*(M,\eta)"
"CW-09","continuous_eta","research_notes/model_notes/05_calibration_mapping.md","20","calibration-or-empirical;legacy-note","","P_i(r\mid M,\eta,p_m^*)\zeta_i^r(\eta,p_m^*)\,dH_i"
"CW-09","continuous_eta","research_notes/model_notes/05_calibration_mapping.md","55","calibration-or-empirical;legacy-note","","\Gamma_i(M,\eta,p_m^*(M,\eta))."
"CW-09","continuous_eta","research_notes/model_notes/05_calibration_mapping.md","74","calibration-or-empirical;legacy-note","","+\int a_i x_i^*(M,\eta,p_m)"
"CW-09","continuous_eta","research_notes/model_notes/05_calibration_mapping.md","75","calibration-or-empirical;legacy-note","","P_i(E\mid M,\eta,p_m)\,dH_i"
"CW-09","continuous_eta","research_notes/model_notes/05_calibration_mapping.md","86","calibration-or-empirical;legacy-note","","These moments discipline supply, background demand, or sensitivity values for \(p_m^*(M,\eta)\). They do not convert the support cost into a product-market price. Do not add \(\zeta_i^E\) to planning-stage support demand."
"CW-09","continuous_eta","research_notes/model_notes/06_bellman_accounting.md","32","legacy-note","","P_i(r\mid M_{t+1},\eta_{t+1},p_{m,t+1}^*)"
"CW-09","continuous_eta","research_notes/model_notes/06_bellman_accounting.md","33","legacy-note","","\rho^r\zeta_i^r(\eta_{t+1},p_{m,t+1}^*)."
"CW-09","continuous_eta","research_notes/model_notes/06_bellman_accounting.md","58","legacy-note","","-p_m^*(M,\eta)-\tau_i^E(\eta)-\mu_i^E."
"CW-09","continuous_eta","research_notes/model_notes/06_bellman_accounting.md","103","legacy-note","","\Gamma_{i,t+1}(M_{t+1},\eta_{t+1},p_{m,t+1}^*)"
"CW-09","continuous_eta","research_notes/model_notes/06_bellman_accounting.md","113","legacy-note","","x_i^*(M,\eta)"
"CW-09","continuous_eta","research_notes/model_notes/06_bellman_accounting.md","115","legacy-note","","\Gamma_i(M,\eta,p_m^*(M,\eta))."
"CW-09","continuous_eta","research_notes/model_notes/08_model_closure_audit.md","11","legacy-note","","| Implementation | \(\eta\in[0,1]\) is continuous conditional on \(M=1\) | Pass |"
"CW-09","continuous_eta","research_notes/model_notes/08_model_closure_audit.md","17","legacy-note","","| CMO equilibrium | Unique \(p_m^*(M,\eta)\) under continuity, boundary crossing, and strict excess-demand monotonicity | Pass |"
"CW-09","continuous_eta","research_notes/model_notes/08_model_closure_audit.md","18","legacy-note","","| IFT | \(dp_m^*/d\eta=D_{m\eta}^{tot}/(S_{mp}-D_{mp}^{tot})\) at an interior differentiable equilibrium | Pass |"
"CW-09","continuous_eta","research_notes/model_notes/08_model_closure_audit.md","20","legacy-note","","| R&D effort | \(x_i^*=\beta a_i\Gamma_i(M,\eta,p_m^*(M,\eta))/\kappa\) | Pass |"
"CW-09","continuous_eta","research_notes/model_notes/08_model_closure_audit.md","30","legacy-note","","(M,\eta,\theta_i)"
"CW-09","continuous_eta","research_notes/model_notes/08_model_closure_audit.md","38","legacy-note","","p_m^*(M,\eta)"
"CW-09","continuous_eta","research_notes/model_notes/08_model_closure_audit.md","52","legacy-note","","| Policy or implementation | \(M,\eta,\tau_i^E(\eta)\) | Separate route-set availability from continuous implementation |"
"CW-09","continuous_eta","research_notes/model_notes/08_model_closure_audit.md","53","legacy-note","","| Endogenous baseline | \(p_m^*(M,\eta),P_i,\Gamma_i,x_i^*\) | Must be generated by the stated equations |"
"CW-09","continuous_eta","research_notes/model_notes/08_model_closure_audit.md","63","legacy-note","","2. omits \(\eta\) from the equilibrium support-cost comparison;"
"CW-09","continuous_eta","research_notes/model_notes/10_main_appendix_consistency_audit.md","17","legacy-note","","| Policy decomposition | \(M\) is binary route availability; \(\eta\) is continuous implementation conditional on \(M=1\) | Consistent |"
"CW-09","continuous_eta","research_notes/model_notes/10_main_appendix_consistency_audit.md","26","legacy-note","","| CMO equilibrium | Unique \(p_m^*(M,\eta)\) under stated regularity conditions | Consistent |"
"CW-09","continuous_eta","research_notes/model_notes/10_main_appendix_consistency_audit.md","28","legacy-note","","| R&D choice | Inclusive value evaluated at \(p_m^*(M,\eta)\) | Consistent |"
"CW-09","continuous_eta","research_notes/model_notes/10_main_appendix_consistency_audit.md","40","legacy-note","","D_m^{tot}(p_m;M,\eta)"
"CW-09","continuous_eta","research_notes/model_notes/10_main_appendix_consistency_audit.md","42","legacy-note","","+\int a_i x_i^*(M,\eta,p_m)"
"CW-09","continuous_eta","research_notes/model_notes/10_main_appendix_consistency_audit.md","43","legacy-note","","P_i(E\mid M,\eta,p_m)\,dH_i,"
"CW-09","continuous_eta","research_notes/model_notes/10_main_appendix_consistency_audit.md","47","legacy-note","","D_m^{tot}(p_m^*;M,\eta)=S_m(p_m^*),"
"CW-09","continuous_eta","research_notes/model_notes/10_main_appendix_consistency_audit.md","49","legacy-note","","p_m^*=p_m^*(M,\eta)."
"CW-09","continuous_eta","research_notes/model_notes/10_main_appendix_consistency_audit.md","71","legacy-note","","In control notes and key comparative-static equations, spell out \(p_m^*(M,\eta)\). A local \(p_m^*\) abbreviation is allowed only after the text explicitly declares that both regime and implementation intensity are being held in its arguments."
"CW-09","continuous_eta","research_notes/model_notes/10_main_appendix_consistency_audit.md","73","legacy-note","","Likewise, route probabilities and inclusive values should show \((M,\eta,p_m)\) when their dependence matters. Do not use notation that makes \(M\) look continuous or hides the equilibrium support-cost channel."
"CW-09","continuous_eta","research_notes/model_notes/11_proposition_dependency_audit.md","10","legacy-note","","| Policy objects | binary \(M\), continuous \(\eta\), and \(\tau_i^E(\eta)\) |"
"CW-09","continuous_eta","research_notes/model_notes/11_proposition_dependency_audit.md","11","legacy-note","","| Endogenous CMO object | \(p_m^*(M,\eta)\) |"
"CW-09","continuous_eta","research_notes/model_notes/11_proposition_dependency_audit.md","20","legacy-note","","| Existence and uniqueness of the CMO support cost | Continuous finite demand and supply; compact support-cost domain; boundary crossing; strictly decreasing excess demand | A unique \(p_m^*(M,\eta)\) clears qualified support | No other market is closed |"
"CW-09","continuous_eta","research_notes/model_notes/11_proposition_dependency_audit.md","21","legacy-note","","| Discrete route-set expansion | \(q_i^E=1\); fixed \(p_m\), \(\eta\), and old-route payoffs; logit inclusive value | Adding feasible route \(E\) strictly raises the inclusive value at fixed support cost | Finite comparison in \(M\), not a derivative or full equilibrium sign |"
"CW-09","continuous_eta","research_notes/model_notes/11_proposition_dependency_audit.md","22","legacy-note","","| Implementation intensity and CMO attenuation | \(M=1\); \(G_{i\eta}^E\ge0\); \(G_{ip}^E<0\); IFT conditions; \(D_{m\eta}^{tot}\ge0\) for a nonnegative support-cost response | Direct implementation gains are attenuated by the endogenous rise in qualified-support cost | Total R&D effect is positive only if the direct term dominates |"
"CW-09","continuous_eta","research_notes/model_notes/11_proposition_dependency_audit.md","33","legacy-note","","G_{i\eta}^E"
"CW-09","continuous_eta","research_notes/model_notes/11_proposition_dependency_audit.md","34","legacy-note","","=(\bar R_i^E+v)\zeta_{i\eta}^E-\tau_{i\eta}^E,"
"CW-09","continuous_eta","research_notes/model_notes/11_proposition_dependency_audit.md","43","legacy-note","","\frac{dp_m^*}{d\eta}"
"CW-09","continuous_eta","research_notes/model_notes/11_proposition_dependency_audit.md","44","legacy-note","","=\frac{D_{m\eta}^{tot}}{S_{mp}-D_{mp}^{tot}},"
"CW-09","continuous_eta","research_notes/model_notes/11_proposition_dependency_audit.md","50","legacy-note","","\frac{d\Gamma_i}{d\eta}"
"CW-09","continuous_eta","research_notes/model_notes/11_proposition_dependency_audit.md","53","legacy-note","","G_{i\eta}^E"
"CW-09","continuous_eta","research_notes/model_notes/11_proposition_dependency_audit.md","54","legacy-note","","+G_{ip}^E\frac{dp_m^*}{d\eta}"
"CW-09","continuous_eta","research_notes/model_notes/11_proposition_dependency_audit.md","57","legacy-note","","\frac{dx_i^*}{d\eta}"
"CW-09","continuous_eta","research_notes/model_notes/11_proposition_dependency_audit.md","58","legacy-note","","=\frac{\beta a_i}{\kappa}\frac{d\Gamma_i}{d\eta}."
"CW-09","continuous_eta","research_notes/model_notes/11_proposition_dependency_audit.md","93","legacy-note","","2. suppresses \(\eta\) in the equilibrium support-cost comparison;"
"CW-09","continuous_eta","research_notes/model_notes/12_calibration_claim_audit.md","15","calibration-or-empirical;legacy-note","","5. uses \(p_m^*(M,\eta)\) as the equilibrium cost of qualified support;"
"CW-09","continuous_eta","research_notes/model_notes/12_calibration_claim_audit.md","26","calibration-or-empirical;legacy-note","","| Holder--producer split among comparable realized retained original drugs | Aggregate realized-weighted \(s_E^{obs}(M,\eta)\) | Composite route attractiveness and realization | A primitive policy friction or a representative-firm route probability |"
"CW-09","continuous_eta","research_notes/model_notes/12_calibration_claim_audit.md","29","calibration-or-empirical;legacy-note","","| CMO capacity, participation, or support-cost proxy | Supply, background demand, or \(p_m^*(M,\eta)\) sensitivity | Strength of support-cost attenuation | Product-market price or demand |"
"CW-09","continuous_eta","research_notes/model_notes/12_calibration_claim_audit.md","36","calibration-or-empirical;legacy-note","","s_E^{obs}(M,\eta)"
"CW-09","continuous_eta","research_notes/model_notes/12_calibration_claim_audit.md","58","calibration-or-empirical;legacy-note","","D_m^{tot}(p_m;M,\eta)"
"CW-09","continuous_eta","research_notes/model_notes/12_calibration_claim_audit.md","60","calibration-or-empirical;legacy-note","","+\int a_i x_i^*(M,\eta,p_m)"
"CW-09","continuous_eta","research_notes/model_notes/12_calibration_claim_audit.md","61","calibration-or-empirical;legacy-note","","P_i(E\mid M,\eta,p_m)\,dH_i."
"CW-09","continuous_eta","research_notes/model_notes/12_calibration_claim_audit.md","64","calibration-or-empirical;legacy-note","","One planned entrusted project reserves one support package. Final realization does not enter this demand equation. Regularity conditions determine a unique \(p_m^*(M,\eta)\), and the IFT supplies the implementation-intensity response."
"CW-10","route_realization_zeta","paper/manuscript/mah_route_indicator_friction_model.tex","72","narrative-paragraph","","These rules imply two modeling restrictions. First, entrusted production is not anonymous outsourcing. It is a regulated retained route in which authorization remains with the holder while production is performed by a qualified external manufacturer. Second, MAH does not eliminate holder responsibility. The holder retains quality, safety, lifecycle, and monitoring obligations. The model captures this through a residual entrusted-route burden $\mu_i^E$ and a composite realization probability $\zeta_i^E(M,p_m)$ that summarizes whether the planned retained entrusted route becomes an observed approval, launch, or realized retained outcome."
"CW-10","route_realization_zeta","paper/manuscript/mah_route_indicator_friction_model.tex","90","narrative-paragraph","","The discount factor satisfies $\beta\in(0,1)$, R\&D cost has $\kappa>0$, internal production cost $C^I(k_i)$ is weakly decreasing in internal manufacturing capability, and route-realization probabilities lie in $[0,1]$. Conditional on $M=1$, $\tau_{i\eta}^E(\eta)\le0$, $\zeta_{i\eta}^E(\eta,p_m)\ge0$, and $\zeta_{ip}^E(\eta,p_m)\le0$. In the baseline, $M$ and $\eta$ do not directly shift $a_i$, the market-return objects, or the residual burden $\mu_i^E$."
"CW-10","route_realization_zeta","paper/manuscript/mah_route_indicator_friction_model.tex","107","equation","eq:zeta_decomposition","\zeta_i^r(\eta,p_m)=s_i\chi_i^r(\eta,p_m)\in[0,1],"
"CW-10","route_realization_zeta","paper/manuscript/mah_route_indicator_friction_model.tex","110","narrative-paragraph","","where $s_i$ is the common downstream clinical and regulatory success component and $\chi_i^r$ is route-specific implementation conditional on that downstream success. This factorization is accounting, not separate identification: approval-side data generally discipline only the product $\zeta_i^r$."
"CW-10","route_realization_zeta","paper/manuscript/mah_route_indicator_friction_model.tex","115","equation","eq:GA;eq:GE;eq:GI;eq:GT","&=\zeta_i^I\left[R_i^{event}+v\right]-C^I(k_i),"
"CW-10","route_realization_zeta","paper/manuscript/mah_route_indicator_friction_model.tex","118","equation","eq:GA;eq:GE;eq:GI;eq:GT","&=\zeta_i^E(\eta,p_m)\left[\bar R_i^E+v\right]"
"CW-10","route_realization_zeta","paper/manuscript/mah_route_indicator_friction_model.tex","126","narrative-paragraph","","The costs $C^I(k_i)$, $p_m$, $\tau_i^E$, and $\mu_i^E$ are expected planning-stage commitments and resource costs, so they are not multiplied by $\zeta_i^r$. If a component is paid only after realization, its success-contingent expectation is included in the corresponding cost object. This convention prevents success probabilities from being counted twice. The transfer route is non-retained; abandonment or delay is the normalized outside option."
"CW-10","route_realization_zeta","paper/manuscript/mah_route_indicator_friction_model.tex","130","narrative-paragraph","","\frac{\partial\zeta_i^E}{\partial p_m}\le0,"
"CW-10","route_realization_zeta","paper/manuscript/mah_route_indicator_friction_model.tex","133","narrative-paragraph","","=(\bar R_i^E+v)\frac{\partial\zeta_i^E}{\partial p_m}-1<0."
"CW-10","route_realization_zeta","paper/manuscript/mah_route_indicator_friction_model.tex","176","narrative-paragraph","","Equation \eqref{eq:cm_demand} is planning-stage demand. It does not multiply by $\zeta_i^E$ because support is reserved before final realization; observed retained entrusted output does multiply by $\zeta_i^E$."
"CW-10","route_realization_zeta","paper/manuscript/mah_route_indicator_friction_model.tex","215","narrative-paragraph","","This is not a count of already approved or clinically successful drugs. Downstream success is represented by $\zeta_i^r$. R\&D effort has cost"
"CW-10","route_realization_zeta","paper/manuscript/mah_route_indicator_friction_model.tex","239","equation","eq:lambda_obs","P_i(r\mid M,\eta,p_m^*)\zeta_i^r(M,\eta,p_m^*)."
"CW-10","route_realization_zeta","paper/manuscript/mah_route_indicator_friction_model.tex","248","equation","eq:lambda_obs_E","P_i(E\mid M,\eta,p_m^*)\zeta_i^E(M,\eta,p_m^*)."
"CW-10","route_realization_zeta","paper/manuscript/mah_route_indicator_friction_model.tex","277","equation;proposition","eq:dGammadeta;eq:dpdeta;eq:GE_eta;eq:GE_p;prop:cmo_attenuation","&=(\bar R_i^E+v)\zeta_{i\eta}^E-\tau_{i\eta}^E\ge0,"
"CW-10","route_realization_zeta","paper/manuscript/mah_route_indicator_friction_model.tex","280","equation;proposition","eq:dGammadeta;eq:dpdeta;eq:GE_eta;eq:GE_p;prop:cmo_attenuation","&=(\bar R_i^E+v)\zeta_{ip}^E-1<0,"
"CW-10","route_realization_zeta","paper/manuscript/mah_route_indicator_friction_model.tex","303","equation;proposition","eq:obs_decomposition;prop:obs_decomposition","a_i P_i(E)\zeta_i^E\dd x_i^* \notag\\"
"CW-10","route_realization_zeta","paper/manuscript/mah_route_indicator_friction_model.tex","305","equation;proposition","eq:obs_decomposition;prop:obs_decomposition","a_i x_i^*\zeta_i^E\dd P_i(E) \notag\\"
"CW-10","route_realization_zeta","paper/manuscript/mah_route_indicator_friction_model.tex","307","equation;proposition","eq:obs_decomposition;prop:obs_decomposition","a_i x_i^*P_i(E)\dd\zeta_i^E."
"CW-10","route_realization_zeta","paper/manuscript/mah_route_indicator_friction_model.tex","348","calibration-or-empirical;equation","eq:observed_split_share","\frac{\int a_i x_i^*P_i(E)\zeta_i^E\dd H_i}"
"CW-10","route_realization_zeta","paper/manuscript/mah_route_indicator_friction_model.tex","349","calibration-or-empirical;equation","eq:observed_split_share","{\int a_i x_i^*\sum_{r\in\calR_i^{ret}(M)}P_i(r)\zeta_i^r\dd H_i}."
"CW-10","route_realization_zeta","paper/manuscript/mah_route_indicator_friction_model.tex","356","calibration-or-empirical;equation","eq:observed_log_odds","+\log\frac{\zeta_i^E}{\zeta_i^I}."
"CW-10","route_realization_zeta","paper/manuscript/mah_route_indicator_friction_model.tex","359","calibration-or-empirical;narrative-paragraph","","Because $\zeta_i^r=s_i\chi_i^r$, the common success component cancels in this individual or narrow-cell ratio, leaving $\log(\chi_i^E/\chi_i^I)$. It does not generally cancel before aggregation."
"CW-10","route_realization_zeta","paper/manuscript/mah_route_indicator_friction_model.tex","371","calibration-or-empirical;narrative-paragraph","","Equation \eqref{eq:observed_split_share} & Holder--producer split among comparable realized retained original drugs & Disciplines an aggregate route-realization composite, not a primitive $\tau_i^E$, $\mu_i^E$, or $\zeta_i^E$ separately. \\"
"CW-10","route_realization_zeta","paper/manuscript/mah_route_indicator_friction_model_appendix.tex","95","appendix;narrative-paragraph","","Composite realization objects & $\zeta_i^r=s_i\chi_i^r$, $\bar R_i^E$, route-realization wedge & Compressed objects linking planning-stage projects to implementation and observed outcomes & Route-use and count moments discipline composites, not all primitives \\"
"CW-10","route_realization_zeta","paper/manuscript/mah_route_indicator_friction_model_appendix.tex","165","appendix;narrative-paragraph","","but the comparative statics below require only the conditional mean in equation \eqref{eq:production}. The timing boundary is substantive: downstream clinical, regulatory, and route-specific implementation success enters $\zeta_i^r$, while $a_i$ maps R\&D effort into projects reaching route planning."
"CW-10","route_realization_zeta","paper/manuscript/mah_route_indicator_friction_model_appendix.tex","200","appendix;narrative-paragraph","","In the baseline, $M$ and $\eta$ do not directly shift $a_i$, $R^{event}$, $\bar R_i^E$, $C^I(k_i)$, or $\mu_i^E$. Conditional on $M=1$, $\tau_{i\eta}^E\le0$, $\zeta_{i\eta}^E\ge0$, and $\zeta_{ip}^E\le0$. Thus MAH operates through route availability, the entrusted-route policy friction, route-specific implementation, and the equilibrium qualified-support cost."
"CW-10","route_realization_zeta","paper/manuscript/mah_route_indicator_friction_model_appendix.tex","233","appendix;equation","eq:zeta_decomposition","\zeta^r_{i,t+1}=s_{i,t+1}\chi^r_{i,t+1}\in[0,1],"
"CW-10","route_realization_zeta","paper/manuscript/mah_route_indicator_friction_model_appendix.tex","240","appendix;equation","eq:zetaE","\zeta^E_{i,t+1}(\eta_{t+1},p_{m,t+1})"
"CW-10","route_realization_zeta","paper/manuscript/mah_route_indicator_friction_model_appendix.tex","242","appendix;equation","eq:zetaE","\zeta^E\!\left(\tau^E_{i,t+1}(\eta_{t+1}),q_i^E,\theta_i,p_{m,t+1}\right)"
"CW-10","route_realization_zeta","paper/manuscript/mah_route_indicator_friction_model_appendix.tex","246","appendix;narrative-paragraph","","with $\partial\zeta^E/\partial\tau^E\le0$ and $\partial\zeta^E/\partial p_m\le0$. It is a compact composite probability that maps a planned retained entrusted route into observed approval, launch, or another realized retained outcome."
"CW-10","route_realization_zeta","paper/manuscript/mah_route_indicator_friction_model_appendix.tex","251","appendix;equation","eq:GA;eq:GE;eq:GI;eq:GT","&=\zeta^I_{i,t+1}\left[R^{event}_{i,t+1}+v_{t+1}\right]-C^I(k_i),"
"CW-10","route_realization_zeta","paper/manuscript/mah_route_indicator_friction_model_appendix.tex","254","appendix;equation","eq:GA;eq:GE;eq:GI;eq:GT","\zeta^E_{i,t+1}(\eta_{t+1},p^*_{m,t+1})"
"CW-10","route_realization_zeta","paper/manuscript/mah_route_indicator_friction_model_appendix.tex","262","appendix;narrative-paragraph","","Here $C^I(k_i)$, $p_m^*$, $\tau_i^E$, and $\mu_i^E$ are expected route-planning commitments or resource costs. They are not multiplied by $\zeta_i^r$; any success-contingent payment enters through its planning-stage expectation. This convention prevents realization risk from being counted twice. Internal production cost satisfies"
"CW-10","route_realization_zeta","paper/manuscript/mah_route_indicator_friction_model_appendix.tex","286","appendix;narrative-paragraph","","For routes other than retained entrusted production, $\zeta_i^r$ may be independent of $p_m$ and $\eta$."
"CW-10","route_realization_zeta","paper/manuscript/mah_route_indicator_friction_model_appendix.tex","315","appendix;narrative-paragraph","","where $D_m^B(p_m)$ is exogenous background demand from non-MAH uses and $P_i(E\mid M,\eta,p_m)=0$ when $E\notin\calR_i(M)$. Background demand keeps the market active before MAH, so $p_m^*(0,0)$ is economically meaningful. MAH-project demand is measured at route planning; it is not multiplied by $\zeta_i^E$ because the support package is reserved before final observed realization. Qualified producer supply is"
"CW-10","route_realization_zeta","paper/manuscript/mah_route_indicator_friction_model_appendix.tex","356","appendix;equation","eq:transition","\rho^r\zeta_i^r(\eta_{t+1},p^*_{m,t+1}),"
"CW-10","route_realization_zeta","paper/manuscript/mah_route_indicator_friction_model_appendix.tex","359","appendix;narrative-paragraph","","where $\rho^I=\rho^E=1$ and $\rho^T=\rho^A=0$. The retained routes use their nontrivial realization probabilities $\zeta_i^I$ and $\zeta_i^E$; no normalization sets internal realization to one in the baseline. Because transfer and abandonment do not add to the innovator's retained stock, their realization probabilities do not affect this transition. A fully realized formulation would sum route and realization indicators over the $Y_{i,t+1}^{plan}$ projects; equation \eqref{eq:transition} is its conditional expectation."
"CW-10","route_realization_zeta","paper/manuscript/mah_route_indicator_friction_model_appendix.tex","423","appendix;equation","eq:lambdaobs","\zeta_i^r(\eta_{t+1},p^*_{m,t+1})\omega_i^{r,d}."
"CW-10","route_realization_zeta","paper/manuscript/mah_route_indicator_friction_model_appendix.tex","432","appendix;equation","eq:lambdaobsE","\zeta_i^E(\eta_{t+1},p^*_{m,t+1})."
"CW-10","route_realization_zeta","paper/manuscript/mah_route_indicator_friction_model_appendix.tex","485","appendix;narrative-paragraph","","When $E\in\calR_i(M)$, define the entrusted-route marginal payoff effect of a change in the MAH-reducible friction, holding the market-clearing support cost fixed. Assume $\bar R_i^E+v\ge0$ and $\partial\zeta_i^E/\partial\tau_i^E\le0$, so a higher entrusted-route friction does not improve route realization. Then"
"CW-10","route_realization_zeta","paper/manuscript/mah_route_indicator_friction_model_appendix.tex","490","appendix;equation","eq:dGEdtau","\frac{\partial \zeta_i^E}{\partial \tau_i^E}"
"CW-10","route_realization_zeta","paper/manuscript/mah_route_indicator_friction_model_appendix.tex","502","appendix;equation","eq:dGammadTau_logit","\frac{\partial \zeta_i^E}{\partial \tau_i^E}"
"CW-10","route_realization_zeta","paper/manuscript/mah_route_indicator_friction_model_appendix.tex","540","appendix;proposition","eq:obsE_decomposition;prop:observed_output_decomposition","a_i x_i^*(M,\eta)P_i(E\mid M,\eta,p_m^*)\zeta_i^E(\eta,p_m^*)."
"CW-10","route_realization_zeta","paper/manuscript/mah_route_indicator_friction_model_appendix.tex","547","appendix;equation;proposition","eq:obsE_decomposition;prop:observed_output_decomposition","a_i P_i(E)\zeta_i^E\dd x_i^* \\"
"CW-10","route_realization_zeta","paper/manuscript/mah_route_indicator_friction_model_appendix.tex","549","appendix;equation;proposition","eq:obsE_decomposition;prop:observed_output_decomposition","a_i x_i^*\zeta_i^E\dd P_i(E) \\"
"CW-10","route_realization_zeta","paper/manuscript/mah_route_indicator_friction_model_appendix.tex","551","appendix;equation;proposition","eq:obsE_decomposition;prop:observed_output_decomposition","a_i x_i^*P_i(E)\dd\zeta_i^E."
"CW-10","route_realization_zeta","paper/manuscript/mah_route_indicator_friction_model_appendix.tex","586","appendix;equation","eq:GE_eta_appendix;eq:GE_p_appendix","&=(\bar R_i^E+v)\zeta_{i\eta}^E-\tau_{i\eta}^E\ge0,"
"CW-10","route_realization_zeta","paper/manuscript/mah_route_indicator_friction_model_appendix.tex","589","appendix;equation","eq:GE_eta_appendix;eq:GE_p_appendix","&=(\bar R_i^E+v)\zeta_{ip}^E-1<0."
"CW-10","route_realization_zeta","paper/manuscript/mah_route_indicator_friction_model_appendix.tex","674","appendix;narrative-paragraph","","MAH route-friction channel & $E$ route added, $\tau_i^E\downarrow$, $\zeta_i^E\uparrow$, $p_m^*$ adjusts & Holder--producer split rises among relevant retained products & Strongest for high-$a_i$, low-$k_i$, weak transfer option, high $\zeta_i^E$, and low $\mu_i^E$ firms \\"
"CW-10","route_realization_zeta","paper/manuscript/mah_route_indicator_friction_model_appendix.tex","756","appendix;equation","eq:LambdaIobs","P_i(r\mid M,\eta_M,p_m^*)\zeta_i^r(\eta_M,p_m^*)\omega_i^{r,d}"
"CW-10","route_realization_zeta","paper/manuscript/mah_route_indicator_friction_model_appendix.tex","849","appendix;calibration-or-empirical;narrative-paragraph","","$\zeta_i^r=s_i\chi_i^r$ & Composite realization probability for retained route $r$ & Application-to-approval conversion, approval-to-launch conversion, launch or realization conversion; split shares discipline relative realization jointly with route choice & Distinguishes planning-stage arrival from observed realization; $s_i$ and $\chi_i^r$ are not separately identified without additional data \\"
"CW-10","route_realization_zeta","paper/manuscript/mah_route_indicator_friction_model_appendix.tex","885","appendix;calibration-or-empirical;narrative-paragraph","","where $\omega_E$ denotes a composite route-realization wedge that includes $p_m^*$, $\tau^E$, $\mu^E$, $\zeta^E$, and the route-choice scale $\sigma_r$ relative to internal production or another retained route, and $\alpha_O$ denotes the composite innovation-arrival scale $\beta a^2/\kappa$. If a credible research-oriented entry panel is available, the parameter vector can be augmented with $\mu_e$, which indexes a parsimonious entry-cost distribution. Without such a panel, $\mu_e$ is not part of the baseline approval-side calibration."
"CW-10","route_realization_zeta","paper/manuscript/mah_route_indicator_friction_model_appendix.tex","888","appendix;calibration-or-empirical;narrative-paragraph","","Because approval-side data do not separately observe $a_i$, $\kappa$, $\Gamma_i$, $\zeta_i^E$, $\bar R_i^E$, project-level success probabilities, and route-choice scale, the calibration must normalize at least one object. Examples include $\kappa=1$, a benchmark $\Gamma^0(\theta)=1$, a chosen route-choice scale $\sigma_r$, or sensitivity values for $p_m^*(M,\eta)$. The calibrated parameters should be interpreted relative to these normalizations."
"CW-10","route_realization_zeta","paper/manuscript/mah_route_indicator_friction_model_appendix.tex","910","appendix;calibration-or-empirical;equation","eq:aggregate_observed_share","\frac{\int a_i x_i^*P_i(E)\zeta_i^E\dd H_i}"
"CW-10","route_realization_zeta","paper/manuscript/mah_route_indicator_friction_model_appendix.tex","911","appendix;calibration-or-empirical;equation","eq:aggregate_observed_share","{\int a_i x_i^*\sum_{r\in\calR_i^{ret}(M)}P_i(r)\zeta_i^r\dd H_i},"
"CW-10","route_realization_zeta","paper/manuscript/mah_route_indicator_friction_model_appendix.tex","922","appendix;calibration-or-empirical;equation","eq:route_gap","\zeta_t^E(\bar R_t^E+v)"
"CW-10","route_realization_zeta","paper/manuscript/mah_route_indicator_friction_model_appendix.tex","926","appendix;calibration-or-empirical;equation","eq:route_gap","\left[\zeta_t^I(R_t^{event}+v)-C^I(k)\right]."
"CW-10","route_realization_zeta","paper/manuscript/mah_route_indicator_friction_model_appendix.tex","933","appendix;calibration-or-empirical;equation","eq:calib_logit_probability","\frac{P_i(E)\zeta_i^E}"
"CW-10","route_realization_zeta","paper/manuscript/mah_route_indicator_friction_model_appendix.tex","934","appendix;calibration-or-empirical;equation","eq:calib_logit_probability","{P_i(E)\zeta_i^E+P_i(I)\zeta_i^I}."
"CW-10","route_realization_zeta","paper/manuscript/mah_route_indicator_friction_model_appendix.tex","942","appendix;calibration-or-empirical;equation","eq:logodds","+\log\left(\frac{\zeta_i^E}{\zeta_i^I}\right)."
"CW-10","route_realization_zeta","paper/manuscript/mah_route_indicator_friction_model_appendix.tex","945","appendix;calibration-or-empirical;narrative-paragraph","","Because $\zeta_i^r=s_i\chi_i^r$, the common downstream success term cancels inside this individual or narrow-cell ratio, leaving $\log(\chi_i^E/\chi_i^I)$. It does not generally cancel before aggregation in equation \eqref{eq:aggregate_observed_share}. Consequently, $\log[s_E^{obs}/(1-s_E^{obs})]$ is not a representative-firm payoff gap under heterogeneity. The aggregate moment must be generated by integration or simulation. Without separate evidence on holder-side burdens, realization, route-specific returns, and CMO support costs, the observed share disciplines only a composite route-realization wedge."
"CW-10","route_realization_zeta","paper/manuscript/mah_route_indicator_friction_model_appendix.tex","965","appendix;calibration-or-empirical;equation","eq:arrival_scale","P_i(r\mid0,0,p_m^*(0,0))\zeta_i^r(0,p_m^*(0,0))\omega_i^{r,d}"
"CW-10","route_realization_zeta","paper/manuscript/mah_route_indicator_friction_model_appendix.tex","1154","appendix;calibration-or-empirical;narrative-paragraph","","This is why the model separates $p_m^*(M,\eta)$, $\tau_i^E$, $\mu_i^E$, and $\zeta_i^E$. The effective support cost $p_m^*(M,\eta)$ is distinct from the MAH-reducible policy friction $\tau_i^E$, both are distinct from residual holder-side monitoring and quality-control burden $\mu_i^E$, and $\zeta_i^E$ captures route realization rather than primitive legal cost. The comparative statics in the model should therefore be read as statements about the private option value of a legally recognized entrusted-production route, not as statements about demand, science, or a generic deregulation shock."
"CW-10","route_realization_zeta","paper/manuscript/mah_route_indicator_friction_model_appendix.tex","1178","appendix;calibration-or-empirical;narrative-paragraph","","\item the effective route-realization wedge, which combines $p_m^*(M,\eta)$, $\tau^E$, $\mu^E$, $\zeta^E/\zeta^I$, route-specific returns, and the route-choice scale;"
"CW-10","route_realization_zeta","paper/manuscript/mah_route_indicator_friction_model_appendix.tex","1221","appendix;calibration-or-empirical;narrative-paragraph","","Original-drug counts & Baseline original-drug approvals, realized products, or applications & $\bar\lambda_0^{O,obs}=\E[\frac{\beta a^2}{\kappa}\Gamma^0(\theta)\sum_rP_i(r\mid0,0,p_m^*(0,0))\zeta_i^r\omega_i^{r,d}]$ & Composite project-arrival scale plus realization mapping \\"
"CW-10","route_realization_zeta","paper/manuscript/mah_route_indicator_friction_model_appendix.tex","1231","appendix;calibration-or-empirical;narrative-paragraph","","\zeta^E \text{ may improve},\quad"
"CW-10","route_realization_zeta","paper/manuscript/mah_route_indicator_friction_model_appendix.tex","1246","appendix;calibration-or-empirical;narrative-paragraph","","Here $\tau^E$ is the MAH-reducible policy and contractual friction of the external commercialization route, $\mu^E$ is the residual holder-side monitoring and quality-control burden, $\zeta^r=s_i\chi_i^r$ is the composite realization probability, $\Gamma$ is the logit inclusive value of a route-planning original-drug project, $x^*$ is optimal original-drug R\&D intensity, $\lambda^{plan,*}$ is the planning-stage project arrival rate, $\lambda^{obs,d,*}$ is the data-specific realized-output counterpart, $\Lambda^{plan,agg}$ is aggregate expected planning-stage projects for a fixed incumbent distribution, and $N_E$ is research-oriented entry only in the optional entry module."
"CW-10","route_realization_zeta","paper/manuscript/mah_route_indicator_friction_model_appendix.tex","1271","appendix;calibration-or-empirical;narrative-paragraph","","G_i^I=\zeta_i^I(R_i^{event}+v)-C^I(k_i),"
"CW-10","route_realization_zeta","paper/manuscript/mah_route_indicator_friction_model_appendix.tex","1273","appendix;calibration-or-empirical;narrative-paragraph","","G_i^E=\zeta_i^E(\bar R_i^E+v)-p_m^*-\tau_i^E-\mu_i^E,"
"CW-10","route_realization_zeta","paper/manuscript/mah_route_indicator_friction_model_appendix.tex","1278","appendix;calibration-or-empirical;narrative-paragraph","","=\frac{P_i(E)\zeta_i^E}"
"CW-10","route_realization_zeta","paper/manuscript/mah_route_indicator_friction_model_appendix.tex","1279","appendix;calibration-or-empirical;narrative-paragraph","","{P_i(E)\zeta_i^E+P_i(I)\zeta_i^I}."
"CW-10","route_realization_zeta","paper/manuscript/mah_route_indicator_friction_model_appendix.tex","1285","appendix;calibration-or-empirical;equation","eq:detailed_observed_logodds","+\log\frac{\zeta_i^E}{\zeta_i^I}"
"CW-10","route_realization_zeta","paper/manuscript/mah_route_indicator_friction_model_appendix.tex","1290","appendix;calibration-or-empirical;narrative-paragraph","","where the last equality uses the common success component $\zeta_i^r=s_i\chi_i^r$. Under heterogeneity, common $s_i$ does not generally cancel before aggregation, and the aggregate log odds is not a representative-firm payoff gap. Calibration must integrate or simulate equation \eqref{eq:aggregate_observed_share}. Thus route-use data discipline a composite of route choice and relative realization, not $\tau^E$, $\mu_i^E$, or $\zeta_i^r$ separately."
"CW-10","route_realization_zeta","paper/manuscript/mah_route_indicator_friction_model_appendix.tex","1303","appendix;calibration-or-empirical;narrative-paragraph","","+\Delta\log\left(\frac{\zeta^E}{\zeta^I}\right)."
"CW-10","route_realization_zeta","paper/manuscript/mah_route_indicator_friction_model_appendix.tex","1380","appendix;calibration-or-empirical;narrative-paragraph","","P_i(r\mid0,0,p_m^*(0,0))\zeta_i^r(0,p_m^*(0,0))\omega_i^{r,d}"
"CW-10","route_realization_zeta","paper/manuscript/mah_route_indicator_friction_model_appendix.tex","1405","appendix;calibration-or-empirical;narrative-paragraph","","\sum_rP_i(r)\zeta_i^r\omega_i^{r,d},"
"CW-10","route_realization_zeta","paper/manuscript/mah_route_indicator_friction_model_appendix.tex","1415","appendix;calibration-or-empirical;narrative-paragraph","","If the data only reveal realized original-drug counts, the model cannot separately identify $a_i$, $\kappa$, $\Gamma_i$, and $\zeta_i^r$. High original-drug counts may reflect strong scientific capability, low R\&D effort costs, high commercialization value, high route-use probability, or high realization probability. Without project-level R\&D costs, project success rates, project values, application-to-approval status, or rich firm-capability data, these objects cannot be separately recovered."
"CW-10","route_realization_zeta","research_notes/model_notes/00_model_closure_status.md","20","legacy-note","","\zeta_i^r=s_i\chi_i^r,"
"CW-10","route_realization_zeta","research_notes/model_notes/00_model_closure_status.md","30","legacy-note","","=\zeta_i^E(\eta,p_m)(\bar R_i^E+v)"
"CW-10","route_realization_zeta","research_notes/model_notes/00_model_closure_status.md","34","legacy-note","","Planning-stage costs are not multiplied by \(\zeta_i^E\). Logit route choice and the inclusive value are"
"CW-10","route_realization_zeta","research_notes/model_notes/00_model_closure_status.md","65","legacy-note","","Do not multiply this demand by \(\zeta_i^E\). The equilibrium support cost is the unique solution"
"CW-10","route_realization_zeta","research_notes/model_notes/00_model_closure_status.md","86","legacy-note","","\sum_{r\in\mathcal R_i^{ret}(M)}P_i(r)\zeta_i^r."
"CW-10","route_realization_zeta","research_notes/model_notes/00_model_closure_status.md","93","legacy-note","","=\frac{\int a_i x_i^*P_i(E)\zeta_i^E\,dH_i}"
"CW-10","route_realization_zeta","research_notes/model_notes/00_model_closure_status.md","94","legacy-note","","{\int a_i x_i^*\sum_{r\in\mathcal R_i^{ret}(M)}P_i(r)\zeta_i^r\,dH_i}."
"CW-10","route_realization_zeta","research_notes/model_notes/00_model_closure_status.md","102","legacy-note","","+\log\frac{\zeta_i^E}{\zeta_i^I}."
"CW-10","route_realization_zeta","research_notes/model_notes/01_symbols_and_objects.md","43","legacy-note","","| \(\zeta_i^r=s_i\chi_i^r\) | composite realization probability for retained route \(r\) | The retained factorization; approval data generally identify only the product |"
"CW-10","route_realization_zeta","research_notes/model_notes/01_symbols_and_objects.md","55","legacy-note","","| \(\lambda_i^{obs,E}\) | realized entrusted-route outcome | \(a_i x_i^*P_i(E)\zeta_i^E\) |"
"CW-10","route_realization_zeta","research_notes/model_notes/02_equation_dependency_map.md","25","legacy-note","","\zeta_i^r(\eta,p_m)=s_i\chi_i^r(\eta,p_m)."
"CW-10","route_realization_zeta","research_notes/model_notes/02_equation_dependency_map.md","33","legacy-note","","G_i^I=\zeta_i^I(R_i^{event}+v)-C^I(k_i),"
"CW-10","route_realization_zeta","research_notes/model_notes/02_equation_dependency_map.md","38","legacy-note","","=\zeta_i^E(\eta,p_m)(\bar R_i^E+v)"
"CW-10","route_realization_zeta","research_notes/model_notes/02_equation_dependency_map.md","48","legacy-note","","The route-planning costs \(C^I\), \(p_m\), \(\tau_i^E\), and \(\mu_i^E\) are not multiplied by \(\zeta_i^r\)."
"CW-10","route_realization_zeta","research_notes/model_notes/02_equation_dependency_map.md","86","legacy-note","","Support is reserved at route planning, so \(\zeta_i^E\) does not enter demand. Define"
"CW-10","route_realization_zeta","research_notes/model_notes/02_equation_dependency_map.md","125","legacy-note","","\sum_{r\in\mathcal R_i^{ret}(M)}P_i(r)\zeta_i^r,"
"CW-10","route_realization_zeta","research_notes/model_notes/02_equation_dependency_map.md","130","legacy-note","","=a_i x_i^*P_i(E)\zeta_i^E."
"CW-10","route_realization_zeta","research_notes/model_notes/02_equation_dependency_map.md","139","legacy-note","","=\frac{\int a_i x_i^*P_i(E)\zeta_i^E\,dH_i}"
"CW-10","route_realization_zeta","research_notes/model_notes/02_equation_dependency_map.md","141","legacy-note","","P_i(r)\zeta_i^r\,dH_i}."
"CW-10","route_realization_zeta","research_notes/model_notes/02_equation_dependency_map.md","149","legacy-note","","+\log\frac{\zeta_i^E}{\zeta_i^I}."
"CW-10","route_realization_zeta","research_notes/model_notes/02_equation_dependency_map.md","161","legacy-note","","+a_i x_{it}\sum_rP_i(r)\rho^r\zeta_i^r."
"CW-10","route_realization_zeta","research_notes/model_notes/03_assumptions_and_scope.md","7","legacy-note","","3. \(a_i x_i\) is route-planning-stage project arrival. Common downstream clinical and regulatory success remains in \(s_i\), with \(\zeta_i^r=s_i\chi_i^r\)."
"CW-10","route_realization_zeta","research_notes/model_notes/03_assumptions_and_scope.md","8","legacy-note","","4. Conditional on route \(E\) being feasible, \(\tau_{i\eta}^E\le0\), \(\zeta_{i\eta}^E\ge0\), and \(\zeta_{ip}^E\le0\)."
"CW-10","route_realization_zeta","research_notes/model_notes/03_assumptions_and_scope.md","35","legacy-note","","which determines the unique \(p_m^*(M,\eta)\). Support demand is formed at route planning and therefore excludes \(\zeta_i^E\)."
"CW-10","route_realization_zeta","research_notes/model_notes/04_comparative_statics_checklist.md","26","legacy-note","","=(\bar R_i^E+v)\zeta_{i\eta}^E-\tau_{i\eta}^E\ge0,"
"CW-10","route_realization_zeta","research_notes/model_notes/04_comparative_statics_checklist.md","31","legacy-note","","=(\bar R_i^E+v)\zeta_{ip}^E-1<0."
"CW-10","route_realization_zeta","research_notes/model_notes/04_comparative_statics_checklist.md","94","legacy-note","","\lambda_i^{obs,E}=a_i x_i^*P_i(E)\zeta_i^E,"
"CW-10","route_realization_zeta","research_notes/model_notes/04_comparative_statics_checklist.md","101","legacy-note","","=a_iP_i(E)\zeta_i^E\,dx_i^*"
"CW-10","route_realization_zeta","research_notes/model_notes/04_comparative_statics_checklist.md","102","legacy-note","","+a_ix_i^*\zeta_i^E\,dP_i(E)"
"CW-10","route_realization_zeta","research_notes/model_notes/04_comparative_statics_checklist.md","103","legacy-note","","+a_ix_i^*P_i(E)\,d\zeta_i^E."
"CW-10","route_realization_zeta","research_notes/model_notes/04_comparative_statics_checklist.md","122","legacy-note","","- Include \(\log(\zeta_i^E/\zeta_i^I)\) in that narrow-cell equation."
"CW-10","route_realization_zeta","research_notes/model_notes/04_comparative_statics_checklist.md","131","legacy-note","","3. multiplies planning-stage CMO demand by \(\zeta_i^E\);"
"CW-10","route_realization_zeta","research_notes/model_notes/05_calibration_mapping.md","16","calibration-or-empirical;legacy-note","","P_i(E\mid M,\eta,p_m^*)\zeta_i^E(\eta,p_m^*)\,dH_i"
"CW-10","route_realization_zeta","research_notes/model_notes/05_calibration_mapping.md","20","calibration-or-empirical;legacy-note","","P_i(r\mid M,\eta,p_m^*)\zeta_i^r(\eta,p_m^*)\,dH_i"
"CW-10","route_realization_zeta","research_notes/model_notes/05_calibration_mapping.md","32","calibration-or-empirical;legacy-note","","=\frac{P_i(E)\zeta_i^E}"
"CW-10","route_realization_zeta","research_notes/model_notes/05_calibration_mapping.md","33","calibration-or-empirical;legacy-note","","{P_i(E)\zeta_i^E+P_i(I)\zeta_i^I},"
"CW-10","route_realization_zeta","research_notes/model_notes/05_calibration_mapping.md","41","calibration-or-empirical;legacy-note","","+\log\frac{\zeta_i^E}{\zeta_i^I}."
"CW-10","route_realization_zeta","research_notes/model_notes/05_calibration_mapping.md","44","calibration-or-empirical;legacy-note","","Because \(\zeta_i^r=s_i\chi_i^r\), common success cancels only inside this individual or narrow-cell ratio. It does not generally cancel before aggregation."
"CW-10","route_realization_zeta","research_notes/model_notes/05_calibration_mapping.md","63","calibration-or-empirical;legacy-note","","\sum_r P_i(r)\zeta_i^r\omega_i^{r,d}."
"CW-10","route_realization_zeta","research_notes/model_notes/05_calibration_mapping.md","86","calibration-or-empirical;legacy-note","","These moments discipline supply, background demand, or sensitivity values for \(p_m^*(M,\eta)\). They do not convert the support cost into a product-market price. Do not add \(\zeta_i^E\) to planning-stage support demand."
"CW-10","route_realization_zeta","research_notes/model_notes/06_bellman_accounting.md","18","legacy-note","","\zeta_i^r=s_i\chi_i^r,"
"CW-10","route_realization_zeta","research_notes/model_notes/06_bellman_accounting.md","33","legacy-note","","\rho^r\zeta_i^r(\eta_{t+1},p_{m,t+1}^*)."
"CW-10","route_realization_zeta","research_notes/model_notes/06_bellman_accounting.md","52","legacy-note","","=\zeta_i^I(R_i^{event}+v)-C^I(k_i),"
"CW-10","route_realization_zeta","research_notes/model_notes/06_bellman_accounting.md","57","legacy-note","","=\zeta_i^E(\bar R_i^E+v)"
"CW-10","route_realization_zeta","research_notes/model_notes/06_bellman_accounting.md","61","legacy-note","","The planning-stage costs \(C^I\), \(p_m^*\), \(\tau_i^E\), and \(\mu_i^E\) are not multiplied by \(\zeta_i^r\). A success-contingent payment must first be converted to its planning-stage expected cost."
"CW-10","route_realization_zeta","research_notes/model_notes/06_bellman_accounting.md","123","legacy-note","","2. route-specific implementation appears in \(\chi_i^r\), with \(\zeta_i^r=s_i\chi_i^r\);"
"CW-10","route_realization_zeta","research_notes/model_notes/08_model_closure_audit.md","14","legacy-note","","| Retained realization | \(\zeta_i^r=s_i\chi_i^r\) | Pass |"
"CW-10","route_realization_zeta","research_notes/model_notes/08_model_closure_audit.md","15","legacy-note","","| Entrusted payoff | Realized return and continuation are weighted by \(\zeta_i^E\); planning costs are not | Pass |"
"CW-10","route_realization_zeta","research_notes/model_notes/08_model_closure_audit.md","24","legacy-note","","| Narrow-cell log odds | Includes \(\log(\zeta_i^E/\zeta_i^I)\) and is restricted to a homogeneous or narrow two-route cell | Pass |"
"CW-10","route_realization_zeta","research_notes/model_notes/08_model_closure_audit.md","54","legacy-note","","| Composite realization | \(\zeta_i^r=s_i\chi_i^r\) | Do not split without additional transition data |"
"CW-10","route_realization_zeta","research_notes/model_notes/10_main_appendix_consistency_audit.md","22","legacy-note","","| Retained realization | \(\zeta_i^r=s_i\chi_i^r\) | Consistent |"
"CW-10","route_realization_zeta","research_notes/model_notes/10_main_appendix_consistency_audit.md","56","legacy-note","","=\frac{\int a_i x_i^*P_i(E)\zeta_i^E\,dH_i}"
"CW-10","route_realization_zeta","research_notes/model_notes/10_main_appendix_consistency_audit.md","58","legacy-note","","P_i(r)\zeta_i^r\,dH_i}."
"CW-10","route_realization_zeta","research_notes/model_notes/10_main_appendix_consistency_audit.md","66","legacy-note","","+\log\frac{\zeta_i^E}{\zeta_i^I}."
"CW-10","route_realization_zeta","research_notes/model_notes/11_proposition_dependency_audit.md","13","legacy-note","","| Composite realization | \(\zeta_i^r=s_i\chi_i^r\) |"
"CW-10","route_realization_zeta","research_notes/model_notes/11_proposition_dependency_audit.md","24","legacy-note","","| Entrusted realized-output decomposition | \(\lambda_i^{obs,E}=a_i x_i^*P_i(E)\zeta_i^E\) | Changes split into effort, route-choice, and realization components | Approval-side outcomes are not planning-stage arrival |"
"CW-10","route_realization_zeta","research_notes/model_notes/11_proposition_dependency_audit.md","34","legacy-note","","=(\bar R_i^E+v)\zeta_{i\eta}^E-\tau_{i\eta}^E,"
"CW-10","route_realization_zeta","research_notes/model_notes/11_proposition_dependency_audit.md","37","legacy-note","","=(\bar R_i^E+v)\zeta_{ip}^E-1."
"CW-10","route_realization_zeta","research_notes/model_notes/11_proposition_dependency_audit.md","69","legacy-note","","=a_iP_i(E)\zeta_i^E\,dx_i^*"
"CW-10","route_realization_zeta","research_notes/model_notes/11_proposition_dependency_audit.md","70","legacy-note","","+a_ix_i^*\zeta_i^E\,dP_i(E)"
"CW-10","route_realization_zeta","research_notes/model_notes/11_proposition_dependency_audit.md","71","legacy-note","","+a_ix_i^*P_i(E)\,d\zeta_i^E."
"CW-10","route_realization_zeta","research_notes/model_notes/11_proposition_dependency_audit.md","83","legacy-note","","+\log\frac{\zeta_i^E}{\zeta_i^I}."
"CW-10","route_realization_zeta","research_notes/model_notes/11_proposition_dependency_audit.md","95","legacy-note","","4. inserts \(\zeta_i^E\) into planning-stage support demand;"
"CW-10","route_realization_zeta","research_notes/model_notes/12_calibration_claim_audit.md","28","calibration-or-empirical;legacy-note","","| Realized original-drug counts | \(a_i x_i^*\sum_rP_i(r)\zeta_i^r\omega_i^{r,d}\) | Arrival and realization scale jointly | Direct observation of route-planning arrival or scientific productivity |"
"CW-10","route_realization_zeta","research_notes/model_notes/12_calibration_claim_audit.md","37","calibration-or-empirical;legacy-note","","=\frac{\int a_i x_i^*P_i(E)\zeta_i^E\,dH_i}"
"CW-10","route_realization_zeta","research_notes/model_notes/12_calibration_claim_audit.md","40","calibration-or-empirical;legacy-note","","P_i(r)\zeta_i^r\,dH_i}."
"CW-10","route_realization_zeta","research_notes/model_notes/12_calibration_claim_audit.md","50","calibration-or-empirical;legacy-note","","+\log\frac{\zeta_i^E}{\zeta_i^I}."
"CW-10","route_realization_zeta","research_notes/model_notes/12_calibration_claim_audit.md","53","calibration-or-empirical;legacy-note","","The factorization \(\zeta_i^r=s_i\chi_i^r\) allows common success to cancel inside this narrow ratio, not before aggregation."
"CW-11","logit_route_choice","paper/manuscript/mah_route_indicator_friction_model.tex","139","narrative-paragraph","","Planned route choice follows a logit model throughout. Project-route fit shocks are independent Type-I extreme value and are location-normalized so that the expected maximum is exactly the log-sum expression below:"
"CW-11","logit_route_choice","paper/manuscript/mah_route_indicator_friction_model.tex","143","equation","eq:logit_prob","\frac{\exp(G_i^r(M,\eta,p_m)/\sigma_r)}"
"CW-11","logit_route_choice","paper/manuscript/mah_route_indicator_friction_model.tex","144","equation","eq:logit_prob","{\sum_{\ell\in\calR_i(M)}\exp(G_i^\ell(M,\eta,p_m)/\sigma_r)},"
"CW-11","logit_route_choice","paper/manuscript/mah_route_indicator_friction_model.tex","145","equation","eq:logit_prob","\qquad \sigma_r>0."
"CW-11","logit_route_choice","paper/manuscript/mah_route_indicator_friction_model.tex","146","equation","eq:logit_prob","\label{eq:logit_prob}"
"CW-11","logit_route_choice","paper/manuscript/mah_route_indicator_friction_model.tex","152","equation","eq:Gamma","\sigma_r\log"
"CW-11","logit_route_choice","paper/manuscript/mah_route_indicator_friction_model.tex","154","equation","eq:Gamma","\exp(G_i^r(M,\eta,p_m)/\sigma_r)."
"CW-11","logit_route_choice","paper/manuscript/mah_route_indicator_friction_model.tex","157","narrative-paragraph","","The route shocks represent project-specific implementation fit or information revealed at route planning. Their common location is fixed rather than left free because $\Gamma_i$ affects the level of R\&D. The deterministic maximum is the limiting case as $\sigma_r\rightarrow0$, not the baseline model."
"CW-11","logit_route_choice","paper/manuscript/mah_route_indicator_friction_model.tex","205","narrative-paragraph","","Given $(M,\eta)$ and the exogenous payoff, technology, and distributional objects, a baseline partial equilibrium is a tuple $\{p_m^*,P_i,\Gamma_i,x_i^*,D_m^{tot},S_m\}$ satisfying the route-payoff equations, logit route choice, the R\&D first-order condition, and equation \eqref{eq:baseline_cm_clearing}."
"CW-11","logit_route_choice","paper/manuscript/mah_route_indicator_friction_model.tex","258","proposition","eq:set_expansion;prop:set_expansion","Q_i^0=\sum_{r\in\calR_i(0)}\exp(G_i^r/\sigma_r)."
"CW-11","logit_route_choice","paper/manuscript/mah_route_indicator_friction_model.tex","263","equation;proposition","eq:set_expansion;prop:set_expansion","=\sigma_r\log\left["
"CW-11","logit_route_choice","paper/manuscript/mah_route_indicator_friction_model.tex","264","equation;proposition","eq:set_expansion;prop:set_expansion","1+\frac{\exp(G_i^E(\eta,p_m)/\sigma_r)}{Q_i^0}"
"CW-11","logit_route_choice","paper/manuscript/mah_route_indicator_friction_model.tex","321","equation;proposition","eq:direct_x_eta;eq:dPEdk;prop:heterogeneity","=-\frac{P_i(E)P_i(I)}{\sigma_r}"
"CW-11","logit_route_choice","paper/manuscript/mah_route_indicator_friction_model.tex","355","calibration-or-empirical;equation","eq:observed_log_odds","=\frac{G_i^E-G_i^I}{\sigma_r}"
"CW-11","logit_route_choice","paper/manuscript/mah_route_indicator_friction_model_appendix.tex","93","appendix;narrative-paragraph","","Endogenous route and R\&D objects & $P_i(r\mid M,\eta,p_m^*)$, $\Gamma_i(M,\eta,p_m^*)$, $x_i^*(M,\eta)$, $\lambda_i^{plan,*}$, $\lambda_i^{obs,*}$ & Determined jointly by route payoffs, logit route choice, CMO support-market clearing, and the R\&D FOC & Observed output is downstream of route-planning-stage project arrival \\"
"CW-11","logit_route_choice","paper/manuscript/mah_route_indicator_friction_model_appendix.tex","277","appendix;narrative-paragraph","","Route choice is logit throughout the theory and calibration. Let $\widetilde\varepsilon_{ir}$ be a standard Type-I extreme value shock and define $\varepsilon_{ir}=\sigma_r(\widetilde\varepsilon_{ir}-\gamma_E)$, where $\gamma_E$ is Euler's constant. This fixes the common location so that the expected maximum is exactly the log-sum below. The shocks represent project-route implementation fit or information revealed at route planning. The probability of route $r$ is"
"CW-11","logit_route_choice","paper/manuscript/mah_route_indicator_friction_model_appendix.tex","281","appendix;equation","eq:logit_prob","\frac{\exp(G^r_{i,t+1}/\sigma_r)}"
"CW-11","logit_route_choice","paper/manuscript/mah_route_indicator_friction_model_appendix.tex","282","appendix;equation","eq:logit_prob","{\sum_{\ell\in\calR_i(M_{t+1})}\exp(G^\ell_{i,t+1}/\sigma_r)},"
"CW-11","logit_route_choice","paper/manuscript/mah_route_indicator_friction_model_appendix.tex","284","appendix;equation","eq:logit_prob","\label{eq:logit_prob}"
"CW-11","logit_route_choice","paper/manuscript/mah_route_indicator_friction_model_appendix.tex","291","appendix;equation","eq:Gamma_general","\sigma_r"
"CW-11","logit_route_choice","paper/manuscript/mah_route_indicator_friction_model_appendix.tex","295","appendix;equation","eq:Gamma_general","\exp(G^r_{i,t+1}/\sigma_r)"
"CW-11","logit_route_choice","paper/manuscript/mah_route_indicator_friction_model_appendix.tex","299","appendix;narrative-paragraph","","Because the shock location has been explicitly normalized, there is no omitted Euler-constant term. This matters for the level of R\&D because $\Gamma_i$ enters the R\&D first-order condition. Deterministic route choice is the limiting case $\sigma_r\to0$, not a separate calibration device."
"CW-11","logit_route_choice","paper/manuscript/mah_route_indicator_friction_model_appendix.tex","363","appendix;narrative-paragraph","","Let $\beta\in(0,1)$, $\delta\in(0,1)$, $\sigma_r>0$, and suppose route payoffs are bounded for all feasible firm types and regimes. In stationary environments, the Bellman operator is a contraction on bounded value functions, and the retained-stock component has finite marginal value because $\beta(1-\delta)<1$."
"CW-11","logit_route_choice","paper/manuscript/mah_route_indicator_friction_model_appendix.tex","446","appendix;equation","eq:Gamma_stationary","\sigma_r"
"CW-11","logit_route_choice","paper/manuscript/mah_route_indicator_friction_model_appendix.tex","450","appendix;equation","eq:Gamma_stationary","\exp(G_i^r(M,\eta,p_m^*(M,\eta))/\sigma_r)"
"CW-11","logit_route_choice","paper/manuscript/mah_route_indicator_friction_model_appendix.tex","464","appendix;narrative-paragraph","","The comparative statics hold the demand-side market-return background fixed. The main result is not that a lower generic cost raises value. The main result is a logit-weighted sorting statement: MAH creates a retained external commercialization route, and the strength of the R\&D response is governed by how much probability mass the firm assigns to that route after accounting for realization probability, residual holder burdens, the endogenous contract-manufacturing support cost, and outside options."
"CW-11","logit_route_choice","paper/manuscript/mah_route_indicator_friction_model_appendix.tex","470","appendix;narrative-paragraph","","Q_i^0=\sum_{r\in\calR_i(0)}\exp(G_i^r/\sigma_r)."
"CW-11","logit_route_choice","paper/manuscript/mah_route_indicator_friction_model_appendix.tex","476","appendix;equation","eq:set_expansion_appendix","=\sigma_r\log\left["
"CW-11","logit_route_choice","paper/manuscript/mah_route_indicator_friction_model_appendix.tex","477","appendix;equation","eq:set_expansion_appendix","1+\frac{\exp(G_i^E(\eta,p_m)/\sigma_r)}{Q_i^0}"
"CW-11","logit_route_choice","paper/manuscript/mah_route_indicator_friction_model_appendix.tex","483","appendix;narrative-paragraph","","\subsection{Logit-weighted entrusted-route relevance}"
"CW-11","logit_route_choice","paper/manuscript/mah_route_indicator_friction_model_appendix.tex","506","appendix;equation","eq:dGammadTau_logit","\label{eq:dGammadTau_logit}"
"CW-11","logit_route_choice","paper/manuscript/mah_route_indicator_friction_model_appendix.tex","510","appendix;proposition","eq:dLambdadtau_logit;eq:dxdtau_logit;prop:logit_weighted_response","\begin{proposition}[Logit-weighted R\&D response]"
"CW-11","logit_route_choice","paper/manuscript/mah_route_indicator_friction_model_appendix.tex","511","appendix;proposition","eq:dLambdadtau_logit;eq:dxdtau_logit;prop:logit_weighted_response","\label{prop:logit_weighted_response}"
"CW-11","logit_route_choice","paper/manuscript/mah_route_indicator_friction_model_appendix.tex","519","appendix;equation;proposition","eq:dLambdadtau_logit;eq:dxdtau_logit;prop:logit_weighted_response","\label{eq:dxdtau_logit}\\"
"CW-11","logit_route_choice","paper/manuscript/mah_route_indicator_friction_model_appendix.tex","525","appendix;equation;proposition","eq:dLambdadtau_logit;eq:dxdtau_logit;prop:logit_weighted_response","\label{eq:dLambdadtau_logit}"
"CW-11","logit_route_choice","paper/manuscript/mah_route_indicator_friction_model_appendix.tex","531","appendix;narrative-paragraph","","Differentiate equations \eqref{eq:xstationary} and \eqref{eq:lambdastationary}. The derivative of the log-sum inclusive value is the route probability times the derivative of the route payoff, which gives equation \eqref{eq:dGammadTau_logit}."
"CW-11","logit_route_choice","paper/manuscript/mah_route_indicator_friction_model_appendix.tex","564","appendix;proposition","cor:deterministic_sorting_limit;eq:deterministic_sorting_limit","Let $\sigma_r\to0$. Define"
"CW-11","logit_route_choice","paper/manuscript/mah_route_indicator_friction_model_appendix.tex","579","appendix;narrative-paragraph","","Thus the deterministic cutoff is not the baseline route-choice rule. It is the limiting interpretation of the logit model. Economically, the strongest responses should arise among high-research-capability firms with weak internal manufacturing fallback, weak non-retained transfer outside options, high entrusted-route realization probability, low residual monitoring burdens, and access to non-scarce CMO capacity."
"CW-11","logit_route_choice","paper/manuscript/mah_route_indicator_friction_model_appendix.tex","592","appendix;narrative-paragraph","","The log-sum derivatives and logit derivatives at fixed $p_m$ are"
"CW-11","logit_route_choice","paper/manuscript/mah_route_indicator_friction_model_appendix.tex","596","appendix;equation","eq:eta_partial_derivatives;eq:p_partial_derivatives","&P_{i\eta}(E)&=\frac{P_i(E)[1-P_i(E)]}{\sigma_r}G_{i\eta}^E,"
"CW-11","logit_route_choice","paper/manuscript/mah_route_indicator_friction_model_appendix.tex","600","appendix;equation","eq:eta_partial_derivatives;eq:p_partial_derivatives","&P_{ip}(E)&=\frac{P_i(E)[1-P_i(E)]}{\sigma_r}G_{ip}^E."
"CW-11","logit_route_choice","paper/manuscript/mah_route_indicator_friction_model_appendix.tex","642","appendix;equation","eq:dPEdk_appendix","=-\frac{P_i(E)P_i(I)}{\sigma_r}"
"CW-11","logit_route_choice","paper/manuscript/mah_route_indicator_friction_model_appendix.tex","656","appendix;equation","eq:cross_k_eta","\frac{P_i(E)P_i(I)}{\sigma_r}"
"CW-11","logit_route_choice","paper/manuscript/mah_route_indicator_friction_model_appendix.tex","679","appendix;narrative-paragraph","","These results are private option-value results. They do not imply that social welfare necessarily rises, that entrusted production is always chosen, or that every firm responds. The aggregate implications below are fixed-distribution sums of the firm-level logit-weighted responses, not general-equilibrium innovation or welfare statements."
"CW-11","logit_route_choice","paper/manuscript/mah_route_indicator_friction_model_appendix.tex","724","appendix;narrative-paragraph","","The inequality uses $\Gamma^1(\theta)\ge0$, which follows from the normalized abandonment route, and equation \eqref{eq:dGammadTau_logit}."
"CW-11","logit_route_choice","paper/manuscript/mah_route_indicator_friction_model_appendix.tex","808","appendix;narrative-paragraph","","If the optional entry module is activated, both entrant-margin terms are weakly negative by equation \eqref{eq:dGammadTau_logit} and equation \eqref{eq:dAdtau}. Therefore, within that extended module,"
"CW-11","logit_route_choice","paper/manuscript/mah_route_indicator_friction_model_appendix.tex","885","appendix;calibration-or-empirical;narrative-paragraph","","where $\omega_E$ denotes a composite route-realization wedge that includes $p_m^*$, $\tau^E$, $\mu^E$, $\zeta^E$, and the route-choice scale $\sigma_r$ relative to internal production or another retained route, and $\alpha_O$ denotes the composite innovation-arrival scale $\beta a^2/\kappa$. If a credible research-oriented entry panel is available, the parameter vector can be augmented with $\mu_e$, which indexes a parsimonious entry-cost distribution. Without such a panel, $\mu_e$ is not part of the baseline approval-side calibration."
"CW-11","logit_route_choice","paper/manuscript/mah_route_indicator_friction_model_appendix.tex","888","appendix;calibration-or-empirical;narrative-paragraph","","Because approval-side data do not separately observe $a_i$, $\kappa$, $\Gamma_i$, $\zeta_i^E$, $\bar R_i^E$, project-level success probabilities, and route-choice scale, the calibration must normalize at least one object. Examples include $\kappa=1$, a benchmark $\Gamma^0(\theta)=1$, a chosen route-choice scale $\sigma_r$, or sensitivity values for $p_m^*(M,\eta)$. The calibrated parameters should be interpreted relative to these normalizations."
"CW-11","logit_route_choice","paper/manuscript/mah_route_indicator_friction_model_appendix.tex","904","appendix;calibration-or-empirical;narrative-paragraph","","\subsection{Route-use moments under the logit model}"
"CW-11","logit_route_choice","paper/manuscript/mah_route_indicator_friction_model_appendix.tex","906","appendix;calibration-or-empirical;narrative-paragraph","","The baseline theory already uses the logit route-choice model in equation \eqref{eq:logit_prob}. The route-use block is therefore not an extra smoothing trick. The observed holder--producer split, however, is a share among realized products and is not itself the route-choice probability. For a comparable retained-product sample,"
"CW-11","logit_route_choice","paper/manuscript/mah_route_indicator_friction_model_appendix.tex","935","appendix;calibration-or-empirical;equation","eq:calib_logit_probability","\label{eq:calib_logit_probability}"
"CW-11","logit_route_choice","paper/manuscript/mah_route_indicator_friction_model_appendix.tex","941","appendix;calibration-or-empirical;equation","eq:logodds","\frac{G_i^E-G_i^I}{\sigma_r}"
"CW-11","logit_route_choice","paper/manuscript/mah_route_indicator_friction_model_appendix.tex","1246","appendix;calibration-or-empirical;narrative-paragraph","","Here $\tau^E$ is the MAH-reducible policy and contractual friction of the external commercialization route, $\mu^E$ is the residual holder-side monitoring and quality-control burden, $\zeta^r=s_i\chi_i^r$ is the composite realization probability, $\Gamma$ is the logit inclusive value of a route-planning original-drug project, $x^*$ is optimal original-drug R\&D intensity, $\lambda^{plan,*}$ is the planning-stage project arrival rate, $\lambda^{obs,d,*}$ is the data-specific realized-output counterpart, $\Lambda^{plan,agg}$ is aggregate expected planning-stage projects for a fixed incumbent distribution, and $N_E$ is research-oriented entry only in the optional entry module."
"CW-11","logit_route_choice","paper/manuscript/mah_route_indicator_friction_model_appendix.tex","1284","appendix;calibration-or-empirical;equation","eq:detailed_observed_logodds","=\frac{G_i^E-G_i^I}{\sigma_r}"
"CW-11","logit_route_choice","paper/manuscript/mah_route_indicator_friction_model_appendix.tex","1286","appendix;calibration-or-empirical;equation","eq:detailed_observed_logodds","=\frac{G_i^E-G_i^I}{\sigma_r}"
"CW-11","logit_route_choice","paper/manuscript/mah_route_indicator_friction_model_appendix.tex","1302","appendix;calibration-or-empirical;narrative-paragraph","","\frac{(G_{post}^E-G_{post}^I)-(G_{pre}^E-G_{pre}^I)}{\sigma_r}"
"CW-11","logit_route_choice","paper/manuscript/mah_route_indicator_friction_model_appendix.tex","1477","appendix;calibration-or-empirical;narrative-paragraph","","This threshold statement mirrors the firm-level route-choice result: MAH changes entry only for potential entrants whose entry costs are between the pre-MAH and post-MAH values. In the logit baseline, $\Gamma^M$ is the inclusive value rather than a deterministic maximum."
"CW-11","logit_route_choice","research_notes/model_notes/00_model_closure_status.md","34","legacy-note","","Planning-stage costs are not multiplied by \(\zeta_i^E\). Logit route choice and the inclusive value are"
"CW-11","logit_route_choice","research_notes/model_notes/00_model_closure_status.md","38","legacy-note","","=\frac{\exp(G_i^r/\sigma_r)}"
"CW-11","logit_route_choice","research_notes/model_notes/00_model_closure_status.md","39","legacy-note","","{\sum_{\ell\in\mathcal R_i(M)}\exp(G_i^\ell/\sigma_r)},"
"CW-11","logit_route_choice","research_notes/model_notes/00_model_closure_status.md","42","legacy-note","","=\sigma_r\log\sum_{\ell\in\mathcal R_i(M)}\exp(G_i^\ell/\sigma_r)."
"CW-11","logit_route_choice","research_notes/model_notes/00_model_closure_status.md","101","legacy-note","","=\frac{G_i^E-G_i^I}{\sigma_r}"
"CW-11","logit_route_choice","research_notes/model_notes/01_symbols_and_objects.md","12","legacy-note","","| \(\sigma_r>0\) | logit route-fit scale | Deterministic sorting is only the limit \(\sigma_r\to0\) |"
"CW-11","logit_route_choice","research_notes/model_notes/01_symbols_and_objects.md","45","legacy-note","","| \(P_i(r\mid M,\eta,p_m)\) | planned logit route probability | Evaluated at \(p_m^*(M,\eta)\) in equilibrium |"
"CW-11","logit_route_choice","research_notes/model_notes/02_equation_dependency_map.md","56","legacy-note","","=\frac{\exp(G_i^r/\sigma_r)}"
"CW-11","logit_route_choice","research_notes/model_notes/02_equation_dependency_map.md","57","legacy-note","","{\sum_{\ell\in\mathcal R_i(M)}\exp(G_i^\ell/\sigma_r)},"
"CW-11","logit_route_choice","research_notes/model_notes/02_equation_dependency_map.md","62","legacy-note","","=\sigma_r\log"
"CW-11","logit_route_choice","research_notes/model_notes/02_equation_dependency_map.md","63","legacy-note","","\sum_{\ell\in\mathcal R_i(M)}\exp(G_i^\ell/\sigma_r),"
"CW-11","logit_route_choice","research_notes/model_notes/02_equation_dependency_map.md","71","legacy-note","","The logit location normalization is part of the definition of \(\Gamma_i\). Deterministic route choice is only the \(\sigma_r\to0\) limit."
"CW-11","logit_route_choice","research_notes/model_notes/02_equation_dependency_map.md","148","legacy-note","","=\frac{G_i^E-G_i^I}{\sigma_r}"
"CW-11","logit_route_choice","research_notes/model_notes/03_assumptions_and_scope.md","6","legacy-note","","2. \(\beta\in(0,1)\), \(\kappa>0\), \(\sigma_r>0\), and retained-route realization probabilities lie in \([0,1]\)."
"CW-11","logit_route_choice","research_notes/model_notes/03_assumptions_and_scope.md","11","legacy-note","","7. Route choice is logit. Hard sorting is a limiting interpretation, not a second baseline."
"CW-11","logit_route_choice","research_notes/model_notes/04_comparative_statics_checklist.md","12","legacy-note","","=\sigma_r\log\left["
"CW-11","logit_route_choice","research_notes/model_notes/04_comparative_statics_checklist.md","13","legacy-note","","1+\frac{\exp(G_i^E(\eta,p_m)/\sigma_r)}"
"CW-11","logit_route_choice","research_notes/model_notes/04_comparative_statics_checklist.md","14","legacy-note","","{\sum_{r\in\mathcal R_i(0)}\exp(G_i^r/\sigma_r)}"
"CW-11","logit_route_choice","research_notes/model_notes/04_comparative_statics_checklist.md","83","legacy-note","","=-\frac{P_i(E)P_i(I)}{\sigma_r}"
"CW-11","logit_route_choice","research_notes/model_notes/05_calibration_mapping.md","40","calibration-or-empirical;legacy-note","","=\frac{G_i^E-G_i^I}{\sigma_r}"
"CW-11","logit_route_choice","research_notes/model_notes/05_calibration_mapping.md","111","calibration-or-empirical;legacy-note","","At least one scale object must be normalized, such as \(\kappa\), a benchmark \(\Gamma\), \(\sigma_r\), or a sensitivity value for the support cost."
"CW-11","logit_route_choice","research_notes/model_notes/06_bellman_accounting.md","46","legacy-note","","| \(\Gamma_{i,t+1}\) | logit inclusive value of one route-planning-stage project | Enters the R&D choice after taking the appropriate conditional expectation |"
"CW-11","logit_route_choice","research_notes/model_notes/06_bellman_accounting.md","91","legacy-note","","After route payoffs and the logit inclusive value are defined, the Bellman equation reduces to"
"CW-11","logit_route_choice","research_notes/model_notes/08_model_closure_audit.md","19","legacy-note","","| Route choice | Logit baseline; deterministic choice only as a limit | Pass |"
"CW-11","logit_route_choice","research_notes/model_notes/08_model_closure_audit.md","51","legacy-note","","| Primitive or maintained | \(a_i,\kappa,k_i,h_i^I,q_i^E,\mu_i^E,S_i,\tau_i^T,\beta,\sigma_r\) | Do not claim approval-side identification |"
"CW-11","logit_route_choice","research_notes/model_notes/10_main_appendix_consistency_audit.md","24","legacy-note","","| Route choice | Logit baseline with a location-normalized inclusive value | Consistent |"
"CW-11","logit_route_choice","research_notes/model_notes/10_main_appendix_consistency_audit.md","65","legacy-note","","=\frac{G_i^E-G_i^I}{\sigma_r}"
"CW-11","logit_route_choice","research_notes/model_notes/11_proposition_dependency_audit.md","9","legacy-note","","| Maintained primitives | \(a_i,\kappa,\beta,k_i,h_i^I,q_i^E,\mu_i^E,S_i,\tau_i^T,\sigma_r\) |"
"CW-11","logit_route_choice","research_notes/model_notes/11_proposition_dependency_audit.md","21","legacy-note","","| Discrete route-set expansion | \(q_i^E=1\); fixed \(p_m\), \(\eta\), and old-route payoffs; logit inclusive value | Adding feasible route \(E\) strictly raises the inclusive value at fixed support cost | Finite comparison in \(M\), not a derivative or full equilibrium sign |"
"CW-11","logit_route_choice","research_notes/model_notes/11_proposition_dependency_audit.md","23","legacy-note","","| Logit-weighted R&D response | \(\beta\in(0,1)\), \(\kappa>0\), logit route choice, entrusted route feasible | Lower entrusted friction weakly raises effort and planning-stage arrival, weighted by \(P_i(E)\) | Does not directly sign observed approvals |"
"CW-11","logit_route_choice","research_notes/model_notes/11_proposition_dependency_audit.md","82","legacy-note","","=\frac{G_i^E-G_i^I}{\sigma_r}"
"CW-11","logit_route_choice","research_notes/model_notes/12_calibration_claim_audit.md","49","calibration-or-empirical;legacy-note","","=\frac{G_i^E-G_i^I}{\sigma_r}"
"CW-12","inclusive_value_Gamma","paper/manuscript/mah_route_indicator_friction_model.tex","148","narrative-paragraph","","The inclusive value of a route-planning opportunity is"
"CW-12","inclusive_value_Gamma","paper/manuscript/mah_route_indicator_friction_model.tex","150","equation","eq:Gamma","\Gamma_i(M,\eta,p_m)"
"CW-12","inclusive_value_Gamma","paper/manuscript/mah_route_indicator_friction_model.tex","157","narrative-paragraph","","The route shocks represent project-specific implementation fit or information revealed at route planning. Their common location is fixed rather than left free because $\Gamma_i$ affects the level of R\&D. The deterministic maximum is the limiting case as $\sigma_r\rightarrow0$, not the baseline model."
"CW-12","inclusive_value_Gamma","paper/manuscript/mah_route_indicator_friction_model.tex","159","narrative-paragraph","","At any candidate support cost $p_m$, the R\&D response induced by the inclusive value is"
"CW-12","inclusive_value_Gamma","paper/manuscript/mah_route_indicator_friction_model.tex","161","equation","eq:xstar_offeq","x_i^*(M,\eta,p_m)=\frac{\beta a_i}{\kappa}\Gamma_i(M,\eta,p_m)."
"CW-12","inclusive_value_Gamma","paper/manuscript/mah_route_indicator_friction_model.tex","205","narrative-paragraph","","Given $(M,\eta)$ and the exogenous payoff, technology, and distributional objects, a baseline partial equilibrium is a tuple $\{p_m^*,P_i,\Gamma_i,x_i^*,D_m^{tot},S_m\}$ satisfying the route-payoff equations, logit route choice, the R\&D first-order condition, and equation \eqref{eq:baseline_cm_clearing}."
"CW-12","inclusive_value_Gamma","paper/manuscript/mah_route_indicator_friction_model.tex","223","narrative-paragraph","","\beta a_i x_i\Gamma_i(M,\eta,p_m^*(M,\eta))-\frac{\kappa}{2}x_i^2 ."
"CW-12","inclusive_value_Gamma","paper/manuscript/mah_route_indicator_friction_model.tex","228","equation","eq:xstar","=\frac{\beta a_i}{\kappa}\Gamma_i(M,\eta,p_m^*(M,\eta))."
"CW-12","inclusive_value_Gamma","paper/manuscript/mah_route_indicator_friction_model.tex","231","narrative-paragraph","","The second derivative is $-\kappa<0$, so the solution is unique whenever the non-negativity constraint does not bind. Because route $A$ has normalized value zero, $\Gamma_i\ge0$."
"CW-12","inclusive_value_Gamma","paper/manuscript/mah_route_indicator_friction_model.tex","260","proposition","eq:set_expansion;prop:set_expansion","Adding route $E$ raises the inclusive value by"
"CW-12","inclusive_value_Gamma","paper/manuscript/mah_route_indicator_friction_model.tex","262","equation;proposition","eq:set_expansion;prop:set_expansion","\Delta\Gamma_i^{set}"
"CW-12","inclusive_value_Gamma","paper/manuscript/mah_route_indicator_friction_model.tex","286","equation;proposition","eq:dGammadeta;eq:dpdeta;eq:GE_eta;eq:GE_p;prop:cmo_attenuation","\frac{\dd\Gamma_i}{\dd\eta}"
"CW-12","inclusive_value_Gamma","paper/manuscript/mah_route_indicator_friction_model.tex","292","proposition","eq:dGammadeta;eq:dpdeta;eq:GE_eta;eq:GE_p;prop:cmo_attenuation","Consequently, $\dd x_i^*/\dd\eta=(\beta a_i/\kappa)\dd\Gamma_i/\dd\eta$. The first term in brackets is the direct implementation gain; the second is weakly negative and is the equilibrium support-cost attenuation."
"CW-12","inclusive_value_Gamma","paper/manuscript/mah_route_indicator_friction_model.tex","335","proposition","","For a fixed firm distribution, aggregate route-planning-stage project arrivals rise when the positive $\Gamma_i(M,\eta,p_m^*)$ response among relevant firms is not offset by CMO support-cost feedback and the affected set has positive measure. Aggregate observed outcomes additionally require that route-use and realization terms do not fall enough to offset the planning-stage gain. This is a private-value and realized-output implication, not a welfare theorem."
"CW-12","inclusive_value_Gamma","paper/manuscript/mah_route_indicator_friction_model_appendix.tex","81","appendix;narrative-paragraph","","The model does not solve for product-market clearing, R\&D input-market clearing, free-entry zero-profit conditions, firm exit, or an invariant industry distribution. Its purpose is to characterize how MAH-induced route-set expansion, entrusted-route friction reduction, realization probabilities, and the contract-manufacturing support-cost response affect the private opportunity value $\Gamma_i$, R\&D intensity $x_i^*$, and observed realized original-drug outcomes."
"CW-12","inclusive_value_Gamma","paper/manuscript/mah_route_indicator_friction_model_appendix.tex","93","appendix;narrative-paragraph","","Endogenous route and R\&D objects & $P_i(r\mid M,\eta,p_m^*)$, $\Gamma_i(M,\eta,p_m^*)$, $x_i^*(M,\eta)$, $\lambda_i^{plan,*}$, $\lambda_i^{obs,*}$ & Determined jointly by route payoffs, logit route choice, CMO support-market clearing, and the R\&D FOC & Observed output is downstream of route-planning-stage project arrival \\"
"CW-12","inclusive_value_Gamma","paper/manuscript/mah_route_indicator_friction_model_appendix.tex","277","appendix;narrative-paragraph","","Route choice is logit throughout the theory and calibration. Let $\widetilde\varepsilon_{ir}$ be a standard Type-I extreme value shock and define $\varepsilon_{ir}=\sigma_r(\widetilde\varepsilon_{ir}-\gamma_E)$, where $\gamma_E$ is Euler's constant. This fixes the common location so that the expected maximum is exactly the log-sum below. The shocks represent project-route implementation fit or information revealed at route planning. The probability of route $r$ is"
"CW-12","inclusive_value_Gamma","paper/manuscript/mah_route_indicator_friction_model_appendix.tex","287","appendix;narrative-paragraph","","The expected value of one route-planning original-drug project is the inclusive value"
"CW-12","inclusive_value_Gamma","paper/manuscript/mah_route_indicator_friction_model_appendix.tex","289","appendix;equation","eq:Gamma_general","\Gamma_{i,t+1}(M_{t+1},\eta_{t+1},p^*_{m,t+1})"
"CW-12","inclusive_value_Gamma","paper/manuscript/mah_route_indicator_friction_model_appendix.tex","299","appendix;narrative-paragraph","","Because the shock location has been explicitly normalized, there is no omitted Euler-constant term. This matters for the level of R\&D because $\Gamma_i$ enters the R\&D first-order condition. Deterministic route choice is the limiting case $\sigma_r\to0$, not a separate calibration device."
"CW-12","inclusive_value_Gamma","paper/manuscript/mah_route_indicator_friction_model_appendix.tex","382","appendix;equation","eq:Bellman_reduced","\E_t\left[\Gamma_{i,t+1}(M_{t+1},\eta_{t+1},p^*_{m,t+1})\right]"
"CW-12","inclusive_value_Gamma","paper/manuscript/mah_route_indicator_friction_model_appendix.tex","387","appendix;narrative-paragraph","","The reduced problem keeps the payoff accounting transparent: $\Gamma$ already contains the route-period payoff and the incremental continuation value of retained realized products, while $\pi n$ is the flow payoff from the pre-existing retained stock."
"CW-12","inclusive_value_Gamma","paper/manuscript/mah_route_indicator_friction_model_appendix.tex","394","appendix;equation","eq:xproblem","\beta a_i x_{it}\E_t[\Gamma_{i,t+1}]"
"CW-12","inclusive_value_Gamma","paper/manuscript/mah_route_indicator_friction_model_appendix.tex","401","appendix;equation","eq:foc","\beta a_i\E_t[\Gamma_{i,t+1}]-\kappa x_{it}=0."
"CW-12","inclusive_value_Gamma","paper/manuscript/mah_route_indicator_friction_model_appendix.tex","404","appendix;narrative-paragraph","","Since abandonment gives value zero, $\Gamma_{i,t+1}\ge0$. The optimal R\&D intensity is"
"CW-12","inclusive_value_Gamma","paper/manuscript/mah_route_indicator_friction_model_appendix.tex","406","appendix;equation","eq:xstar","x^*_{it}=\frac{\beta a_i}{\kappa}\E_t[\Gamma_{i,t+1}]."
"CW-12","inclusive_value_Gamma","paper/manuscript/mah_route_indicator_friction_model_appendix.tex","413","appendix;equation","eq:lambdastar","=\frac{\beta a_i^2}{\kappa}\E_t[\Gamma_{i,t+1}]."
"CW-12","inclusive_value_Gamma","paper/manuscript/mah_route_indicator_friction_model_appendix.tex","442","appendix;narrative-paragraph","","The stationary inclusive value is"
"CW-12","inclusive_value_Gamma","paper/manuscript/mah_route_indicator_friction_model_appendix.tex","444","appendix;equation","eq:Gamma_stationary","\Gamma_i^{M,\eta}"
"CW-12","inclusive_value_Gamma","paper/manuscript/mah_route_indicator_friction_model_appendix.tex","454","appendix;narrative-paragraph","","When $\eta$ is fixed at the value associated with regime $M$, later sections use the shorthand $\Gamma_i^M\equiv\Gamma_i^{M,\eta_M}$. The stationary solutions are"
"CW-12","inclusive_value_Gamma","paper/manuscript/mah_route_indicator_friction_model_appendix.tex","456","appendix;equation","eq:lambdastationary;eq:Vstationary;eq:xstationary","x_i^*(M,\eta)&=\frac{\beta a_i}{\kappa}\Gamma_i^{M,\eta},\label{eq:xstationary}\\"
"CW-12","inclusive_value_Gamma","paper/manuscript/mah_route_indicator_friction_model_appendix.tex","457","appendix;equation","eq:lambdastationary;eq:Vstationary;eq:xstationary","\lambda_i^{plan,*}(M,\eta)&=\frac{\beta a_i^2}{\kappa}\Gamma_i^{M,\eta},\label{eq:lambdastationary}\\"
"CW-12","inclusive_value_Gamma","paper/manuscript/mah_route_indicator_friction_model_appendix.tex","458","appendix;equation","eq:lambdastationary;eq:Vstationary;eq:xstationary","V_i(n_i;M,\eta)&=\frac{\beta^2 a_i^2}{2\kappa(1-\beta)}\left[\Gamma_i^{M,\eta}\right]^2+\frac{\pi}{1-\beta(1-\delta)}n_i.\label{eq:Vstationary}"
"CW-12","inclusive_value_Gamma","paper/manuscript/mah_route_indicator_friction_model_appendix.tex","474","appendix;equation","eq:set_expansion_appendix","\Delta\Gamma_i^{set}"
"CW-12","inclusive_value_Gamma","paper/manuscript/mah_route_indicator_friction_model_appendix.tex","475","appendix;equation","eq:set_expansion_appendix","=\Gamma_i(1,\eta,p_m)-\Gamma_i(0,0,p_m)"
"CW-12","inclusive_value_Gamma","paper/manuscript/mah_route_indicator_friction_model_appendix.tex","495","appendix;narrative-paragraph","","If $E\notin\calR_i(M)$, set $P_i(E\mid M,\eta,p_m^*)=0$. The derivative of the inclusive value is"
"CW-12","inclusive_value_Gamma","paper/manuscript/mah_route_indicator_friction_model_appendix.tex","497","appendix;equation","eq:dGammadTau_logit","\frac{\partial \Gamma_i^M}{\partial \tau_i^E}"
"CW-12","inclusive_value_Gamma","paper/manuscript/mah_route_indicator_friction_model_appendix.tex","517","appendix;equation;proposition","eq:dLambdadtau_logit;eq:dxdtau_logit;prop:logit_weighted_response","\frac{\partial \Gamma_i^M}{\partial \tau_i^E}"
"CW-12","inclusive_value_Gamma","paper/manuscript/mah_route_indicator_friction_model_appendix.tex","523","appendix;equation;proposition","eq:dLambdadtau_logit;eq:dxdtau_logit;prop:logit_weighted_response","\frac{\partial \Gamma_i^M}{\partial \tau_i^E}"
"CW-12","inclusive_value_Gamma","paper/manuscript/mah_route_indicator_friction_model_appendix.tex","531","appendix;narrative-paragraph","","Differentiate equations \eqref{eq:xstationary} and \eqref{eq:lambdastationary}. The derivative of the log-sum inclusive value is the route probability times the derivative of the route payoff, which gives equation \eqref{eq:dGammadTau_logit}."
"CW-12","inclusive_value_Gamma","paper/manuscript/mah_route_indicator_friction_model_appendix.tex","594","appendix;equation","eq:eta_partial_derivatives;eq:p_partial_derivatives","\Gamma_{i\eta}&=P_i(E)G_{i\eta}^E,"
"CW-12","inclusive_value_Gamma","paper/manuscript/mah_route_indicator_friction_model_appendix.tex","595","appendix;equation","eq:eta_partial_derivatives;eq:p_partial_derivatives","&x_{i\eta}^*&=\frac{\beta a_i}{\kappa}\Gamma_{i\eta},"
"CW-12","inclusive_value_Gamma","paper/manuscript/mah_route_indicator_friction_model_appendix.tex","598","appendix;equation","eq:eta_partial_derivatives;eq:p_partial_derivatives","\Gamma_{ip}&=P_i(E)G_{ip}^E,"
"CW-12","inclusive_value_Gamma","paper/manuscript/mah_route_indicator_friction_model_appendix.tex","599","appendix;equation","eq:eta_partial_derivatives;eq:p_partial_derivatives","&x_{ip}^*&=\frac{\beta a_i}{\kappa}\Gamma_{ip},"
"CW-12","inclusive_value_Gamma","paper/manuscript/mah_route_indicator_friction_model_appendix.tex","626","appendix;equation","eq:dGammadeta_appendix","\frac{\dd\Gamma_i}{\dd\eta}"
"CW-12","inclusive_value_Gamma","paper/manuscript/mah_route_indicator_friction_model_appendix.tex","632","appendix;equation","eq:dGammadeta_appendix","=\frac{\beta a_i}{\kappa}\frac{\dd\Gamma_i}{\dd\eta}."
"CW-12","inclusive_value_Gamma","paper/manuscript/mah_route_indicator_friction_model_appendix.tex","692","appendix;equation","eq:entrant_value","\left[\Gamma^M(\theta)\right]^2."
"CW-12","inclusive_value_Gamma","paper/manuscript/mah_route_indicator_friction_model_appendix.tex","719","appendix;equation","eq:dAdtau","\Gamma^1(\theta)"
"CW-12","inclusive_value_Gamma","paper/manuscript/mah_route_indicator_friction_model_appendix.tex","720","appendix;equation","eq:dAdtau","\frac{\partial\Gamma^1(\theta)}{\partial\tau^E}"
"CW-12","inclusive_value_Gamma","paper/manuscript/mah_route_indicator_friction_model_appendix.tex","724","appendix;narrative-paragraph","","The inequality uses $\Gamma^1(\theta)\ge0$, which follows from the normalized abandonment route, and equation \eqref{eq:dGammadTau_logit}."
"CW-12","inclusive_value_Gamma","paper/manuscript/mah_route_indicator_friction_model_appendix.tex","744","appendix;equation","eq:LambdaI","\Gamma^M(\theta)"
"CW-12","inclusive_value_Gamma","paper/manuscript/mah_route_indicator_friction_model_appendix.tex","754","appendix;equation","eq:LambdaIobs","\Gamma^M(\theta)"
"CW-12","inclusive_value_Gamma","paper/manuscript/mah_route_indicator_friction_model_appendix.tex","767","appendix;equation","eq:LambdaN","\Gamma^M(\theta)"
"CW-12","inclusive_value_Gamma","paper/manuscript/mah_route_indicator_friction_model_appendix.tex","783","appendix;equation","eq:dLambdaI","\frac{\partial\Gamma^1(\theta)}{\partial\tau^E}"
"CW-12","inclusive_value_Gamma","paper/manuscript/mah_route_indicator_friction_model_appendix.tex","795","appendix;equation","eq:dLambdaN","\frac{\partial\Gamma^1(\theta)}{\partial\tau^E}"
"CW-12","inclusive_value_Gamma","paper/manuscript/mah_route_indicator_friction_model_appendix.tex","801","appendix;equation","eq:dLambdaN","\Gamma^1(\theta)"
"CW-12","inclusive_value_Gamma","paper/manuscript/mah_route_indicator_friction_model_appendix.tex","816","appendix;proposition","eq:agg_prop_derivative","For any fixed distribution of incumbent firm characteristics, a net increase in $\Gamma^M(\theta)$ weakly raises model-implied aggregate expected original-drug opportunities from incumbent firms. Conditional on the entrusted route being feasible and holding the CMO support-cost feedback fixed,"
"CW-12","inclusive_value_Gamma","paper/manuscript/mah_route_indicator_friction_model_appendix.tex","825","appendix;narrative-paragraph","","Equation \eqref{eq:dLambdaI} implies equation \eqref{eq:agg_prop_derivative}. Strictness follows when $\partial\Gamma^1/\partial\tau^E<0$ on a positive-measure set of incumbent firms. Equation \eqref{eq:dLambdaN} gives the analogous optional entry-module term."
"CW-12","inclusive_value_Gamma","paper/manuscript/mah_route_indicator_friction_model_appendix.tex","851","appendix;calibration-or-empirical;narrative-paragraph","","$\Gamma_i^{M,\eta}$ & Private expected value of a route-planning original-drug project under $(M,\eta)$ & Not directly observed; inferred through route-use and count moments after normalizations & Private option value, not social welfare \\"
"CW-12","inclusive_value_Gamma","paper/manuscript/mah_route_indicator_friction_model_appendix.tex","888","appendix;calibration-or-empirical;narrative-paragraph","","Because approval-side data do not separately observe $a_i$, $\kappa$, $\Gamma_i$, $\zeta_i^E$, $\bar R_i^E$, project-level success probabilities, and route-choice scale, the calibration must normalize at least one object. Examples include $\kappa=1$, a benchmark $\Gamma^0(\theta)=1$, a chosen route-choice scale $\sigma_r$, or sensitivity values for $p_m^*(M,\eta)$. The calibrated parameters should be interpreted relative to these normalizations."
"CW-12","inclusive_value_Gamma","paper/manuscript/mah_route_indicator_friction_model_appendix.tex","963","appendix;calibration-or-empirical;equation","eq:arrival_scale","\frac{\beta a^2}{\kappa}\Gamma^0(\theta)"
"CW-12","inclusive_value_Gamma","paper/manuscript/mah_route_indicator_friction_model_appendix.tex","1221","appendix;calibration-or-empirical;narrative-paragraph","","Original-drug counts & Baseline original-drug approvals, realized products, or applications & $\bar\lambda_0^{O,obs}=\E[\frac{\beta a^2}{\kappa}\Gamma^0(\theta)\sum_rP_i(r\mid0,0,p_m^*(0,0))\zeta_i^r\omega_i^{r,d}]$ & Composite project-arrival scale plus realization mapping \\"
"CW-12","inclusive_value_Gamma","paper/manuscript/mah_route_indicator_friction_model_appendix.tex","1233","appendix;calibration-or-empirical;narrative-paragraph","","&\Rightarrow\ \Gamma"
"CW-12","inclusive_value_Gamma","paper/manuscript/mah_route_indicator_friction_model_appendix.tex","1236","appendix;calibration-or-empirical;narrative-paragraph","","\text{ and }\lambda^{plan,*}\text{ respond through }\Gamma,\\"
"CW-12","inclusive_value_Gamma","paper/manuscript/mah_route_indicator_friction_model_appendix.tex","1246","appendix;calibration-or-empirical;narrative-paragraph","","Here $\tau^E$ is the MAH-reducible policy and contractual friction of the external commercialization route, $\mu^E$ is the residual holder-side monitoring and quality-control burden, $\zeta^r=s_i\chi_i^r$ is the composite realization probability, $\Gamma$ is the logit inclusive value of a route-planning original-drug project, $x^*$ is optimal original-drug R\&D intensity, $\lambda^{plan,*}$ is the planning-stage project arrival rate, $\lambda^{obs,d,*}$ is the data-specific realized-output counterpart, $\Lambda^{plan,agg}$ is aggregate expected planning-stage projects for a fixed incumbent distribution, and $N_E$ is research-oriented entry only in the optional entry module."
"CW-12","inclusive_value_Gamma","paper/manuscript/mah_route_indicator_friction_model_appendix.tex","1362","appendix;calibration-or-empirical;narrative-paragraph","","Given the expected commercialization value $\Gamma_i^{M,\eta}$ of a route-planning project, the first-order condition gives"
"CW-12","inclusive_value_Gamma","paper/manuscript/mah_route_indicator_friction_model_appendix.tex","1364","appendix;calibration-or-empirical;narrative-paragraph","","x_i^*(M,\eta)=\frac{\beta a_i}{\kappa}\Gamma_i^{M,\eta}."
"CW-12","inclusive_value_Gamma","paper/manuscript/mah_route_indicator_friction_model_appendix.tex","1370","appendix;calibration-or-empirical;narrative-paragraph","","\frac{\beta a_i^2}{\kappa}\Gamma_i^{M,\eta}."
"CW-12","inclusive_value_Gamma","paper/manuscript/mah_route_indicator_friction_model_appendix.tex","1378","appendix;calibration-or-empirical;narrative-paragraph","","\frac{\beta a^2}{\kappa}\Gamma^0(\theta)"
"CW-12","inclusive_value_Gamma","paper/manuscript/mah_route_indicator_friction_model_appendix.tex","1404","appendix;calibration-or-empirical;narrative-paragraph","","\frac{\beta a_i^2}{\kappa}\Gamma_i"
"CW-12","inclusive_value_Gamma","paper/manuscript/mah_route_indicator_friction_model_appendix.tex","1411","appendix;calibration-or-empirical;narrative-paragraph","","\item $\Gamma_i$: the commercialization value of a route-planning project;"
"CW-12","inclusive_value_Gamma","paper/manuscript/mah_route_indicator_friction_model_appendix.tex","1415","appendix;calibration-or-empirical;narrative-paragraph","","If the data only reveal realized original-drug counts, the model cannot separately identify $a_i$, $\kappa$, $\Gamma_i$, and $\zeta_i^r$. High original-drug counts may reflect strong scientific capability, low R\&D effort costs, high commercialization value, high route-use probability, or high realization probability. Without project-level R\&D costs, project success rates, project values, application-to-approval status, or rich firm-capability data, these objects cannot be separately recovered."
"CW-12","inclusive_value_Gamma","paper/manuscript/mah_route_indicator_friction_model_appendix.tex","1423","appendix;calibration-or-empirical;narrative-paragraph","","\Gamma^0(\theta)=1."
"CW-12","inclusive_value_Gamma","paper/manuscript/mah_route_indicator_friction_model_appendix.tex","1456","appendix;calibration-or-empirical;narrative-paragraph","","[\Gamma^M(\theta)]^2."
"CW-12","inclusive_value_Gamma","paper/manuscript/mah_route_indicator_friction_model_appendix.tex","1477","appendix;calibration-or-empirical;narrative-paragraph","","This threshold statement mirrors the firm-level route-choice result: MAH changes entry only for potential entrants whose entry costs are between the pre-MAH and post-MAH values. In the logit baseline, $\Gamma^M$ is the inclusive value rather than a deterministic maximum."
"CW-12","inclusive_value_Gamma","paper/manuscript/mah_route_indicator_friction_model_appendix.tex","1519","appendix;calibration-or-empirical;narrative-paragraph","","With a credible firm-year entry panel, the pre-MAH entry rate can be used to match $\mu_e$, and the post-MAH change in $\Gamma^M$ can then be used to predict the post-MAH entry response. Without such a panel, $\mu_e$ is only a sensitivity parameter. A lognormal distribution is also possible, but if the data are thin, it is better not to introduce too many shape parameters."
"CW-12","inclusive_value_Gamma","research_notes/model_notes/00_model_closure_status.md","34","legacy-note","","Planning-stage costs are not multiplied by \(\zeta_i^E\). Logit route choice and the inclusive value are"
"CW-12","inclusive_value_Gamma","research_notes/model_notes/00_model_closure_status.md","41","legacy-note","","\Gamma_i(M,\eta,p_m)"
"CW-12","inclusive_value_Gamma","research_notes/model_notes/00_model_closure_status.md","50","legacy-note","","\Gamma_i(M,\eta,p_m^*(M,\eta)),"
"CW-12","inclusive_value_Gamma","research_notes/model_notes/01_symbols_and_objects.md","46","legacy-note","","| \(\Gamma_i(M,\eta,p_m)\) | inclusive value of one route-planning-stage project | Enters the R&D first-order condition |"
"CW-12","inclusive_value_Gamma","research_notes/model_notes/02_equation_dependency_map.md","50","legacy-note","","## 4. Route choice, inclusive value, and off-equilibrium R&D"
"CW-12","inclusive_value_Gamma","research_notes/model_notes/02_equation_dependency_map.md","61","legacy-note","","\Gamma_i(M,\eta,p_m)"
"CW-12","inclusive_value_Gamma","research_notes/model_notes/02_equation_dependency_map.md","68","legacy-note","","=\frac{\beta a_i}{\kappa}\Gamma_i(M,\eta,p_m)."
"CW-12","inclusive_value_Gamma","research_notes/model_notes/02_equation_dependency_map.md","71","legacy-note","","The logit location normalization is part of the definition of \(\Gamma_i\). Deterministic route choice is only the \(\sigma_r\to0\) limit."
"CW-12","inclusive_value_Gamma","research_notes/model_notes/02_equation_dependency_map.md","115","legacy-note","","\Gamma_i(M,\eta,p_m^*(M,\eta)),"
"CW-12","inclusive_value_Gamma","research_notes/model_notes/02_equation_dependency_map.md","171","legacy-note","","(P_i,\Gamma_i,x_i^*)\text{ at candidate }p_m"
"CW-12","inclusive_value_Gamma","research_notes/model_notes/04_comparative_statics_checklist.md","10","legacy-note","","\Delta\Gamma_i^{set}"
"CW-12","inclusive_value_Gamma","research_notes/model_notes/04_comparative_statics_checklist.md","11","legacy-note","","=\Gamma_i(1,\eta,p_m)-\Gamma_i(0,0,p_m)"
"CW-12","inclusive_value_Gamma","research_notes/model_notes/04_comparative_statics_checklist.md","37","legacy-note","","\Gamma_{i\eta}=P_i(E)G_{i\eta}^E,"
"CW-12","inclusive_value_Gamma","research_notes/model_notes/04_comparative_statics_checklist.md","57","legacy-note","","\frac{d\Gamma_i}{d\eta}"
"CW-12","inclusive_value_Gamma","research_notes/model_notes/04_comparative_statics_checklist.md","68","legacy-note","","=\frac{\beta a_i}{\kappa}\frac{d\Gamma_i}{d\eta}."
"CW-12","inclusive_value_Gamma","research_notes/model_notes/05_calibration_mapping.md","55","calibration-or-empirical;legacy-note","","\Gamma_i(M,\eta,p_m^*(M,\eta))."
"CW-12","inclusive_value_Gamma","research_notes/model_notes/05_calibration_mapping.md","66","calibration-or-empirical;legacy-note","","Approval or launch counts therefore discipline a composite of \(\beta a_i^2/\kappa\), \(\Gamma_i\), route choice, realization, and the observation definition. They do not identify planning-stage arrivals alone."
"CW-12","inclusive_value_Gamma","research_notes/model_notes/05_calibration_mapping.md","111","calibration-or-empirical;legacy-note","","At least one scale object must be normalized, such as \(\kappa\), a benchmark \(\Gamma\), \(\sigma_r\), or a sensitivity value for the support cost."
"CW-12","inclusive_value_Gamma","research_notes/model_notes/06_bellman_accounting.md","46","legacy-note","","| \(\Gamma_{i,t+1}\) | logit inclusive value of one route-planning-stage project | Enters the R&D choice after taking the appropriate conditional expectation |"
"CW-12","inclusive_value_Gamma","research_notes/model_notes/06_bellman_accounting.md","91","legacy-note","","After route payoffs and the logit inclusive value are defined, the Bellman equation reduces to"
"CW-12","inclusive_value_Gamma","research_notes/model_notes/06_bellman_accounting.md","103","legacy-note","","\Gamma_{i,t+1}(M_{t+1},\eta_{t+1},p_{m,t+1}^*)"
"CW-12","inclusive_value_Gamma","research_notes/model_notes/06_bellman_accounting.md","115","legacy-note","","\Gamma_i(M,\eta,p_m^*(M,\eta))."
"CW-12","inclusive_value_Gamma","research_notes/model_notes/08_model_closure_audit.md","20","legacy-note","","| R&D effort | \(x_i^*=\beta a_i\Gamma_i(M,\eta,p_m^*(M,\eta))/\kappa\) | Pass |"
"CW-12","inclusive_value_Gamma","research_notes/model_notes/08_model_closure_audit.md","36","legacy-note","","(P_i,\Gamma_i,x_i^*)\text{ at candidate }p_m"
"CW-12","inclusive_value_Gamma","research_notes/model_notes/08_model_closure_audit.md","53","legacy-note","","| Endogenous baseline | \(p_m^*(M,\eta),P_i,\Gamma_i,x_i^*\) | Must be generated by the stated equations |"
"CW-12","inclusive_value_Gamma","research_notes/model_notes/10_main_appendix_consistency_audit.md","24","legacy-note","","| Route choice | Logit baseline with a location-normalized inclusive value | Consistent |"
"CW-12","inclusive_value_Gamma","research_notes/model_notes/10_main_appendix_consistency_audit.md","28","legacy-note","","| R&D choice | Inclusive value evaluated at \(p_m^*(M,\eta)\) | Consistent |"
"CW-12","inclusive_value_Gamma","research_notes/model_notes/10_main_appendix_consistency_audit.md","73","legacy-note","","Likewise, route probabilities and inclusive values should show \((M,\eta,p_m)\) when their dependence matters. Do not use notation that makes \(M\) look continuous or hides the equilibrium support-cost channel."
"CW-12","inclusive_value_Gamma","research_notes/model_notes/11_proposition_dependency_audit.md","12","legacy-note","","| Endogenous firm objects | \(P_i(r),\Gamma_i,x_i^*,\lambda_i^{plan,*},\lambda_i^{obs}\) |"
"CW-12","inclusive_value_Gamma","research_notes/model_notes/11_proposition_dependency_audit.md","21","legacy-note","","| Discrete route-set expansion | \(q_i^E=1\); fixed \(p_m\), \(\eta\), and old-route payoffs; logit inclusive value | Adding feasible route \(E\) strictly raises the inclusive value at fixed support cost | Finite comparison in \(M\), not a derivative or full equilibrium sign |"
"CW-12","inclusive_value_Gamma","research_notes/model_notes/11_proposition_dependency_audit.md","50","legacy-note","","\frac{d\Gamma_i}{d\eta}"
"CW-12","inclusive_value_Gamma","research_notes/model_notes/11_proposition_dependency_audit.md","58","legacy-note","","=\frac{\beta a_i}{\kappa}\frac{d\Gamma_i}{d\eta}."
"CW-13","Delta_Gamma_set","paper/manuscript/mah_route_indicator_friction_model.tex","255","proposition","eq:set_expansion;prop:set_expansion","\label{prop:set_expansion}"
"CW-13","Delta_Gamma_set","paper/manuscript/mah_route_indicator_friction_model.tex","262","equation;proposition","eq:set_expansion;prop:set_expansion","\Delta\Gamma_i^{set}"
"CW-13","Delta_Gamma_set","paper/manuscript/mah_route_indicator_friction_model.tex","266","equation;proposition","eq:set_expansion;prop:set_expansion","\label{eq:set_expansion}"
"CW-13","Delta_Gamma_set","paper/manuscript/mah_route_indicator_friction_model_appendix.tex","474","appendix;equation","eq:set_expansion_appendix","\Delta\Gamma_i^{set}"
"CW-13","Delta_Gamma_set","paper/manuscript/mah_route_indicator_friction_model_appendix.tex","479","appendix;equation","eq:set_expansion_appendix","\label{eq:set_expansion_appendix}"
"CW-13","Delta_Gamma_set","research_notes/model_notes/04_comparative_statics_checklist.md","10","legacy-note","","\Delta\Gamma_i^{set}"
"CW-14","quadratic_effort_cost","paper/manuscript/mah_route_indicator_friction_model.tex","217","equation","eq:rd_cost","C_i^R(x_i)=\frac{\kappa}{2}x_i^2,\qquad \kappa>0."
"CW-14","quadratic_effort_cost","paper/manuscript/mah_route_indicator_friction_model.tex","223","narrative-paragraph","","\beta a_i x_i\Gamma_i(M,\eta,p_m^*(M,\eta))-\frac{\kappa}{2}x_i^2 ."
"CW-14","quadratic_effort_cost","paper/manuscript/mah_route_indicator_friction_model_appendix.tex","169","appendix;equation","eq:rdcost","C(x_{it})=\frac{\kappa}{2}x_{it}^2,\qquad \kappa>0."
"CW-14","quadratic_effort_cost","paper/manuscript/mah_route_indicator_friction_model_appendix.tex","383","appendix;equation","eq:Bellman_reduced","-\frac{\kappa}{2}x_{it}^2"
"CW-14","quadratic_effort_cost","paper/manuscript/mah_route_indicator_friction_model_appendix.tex","395","appendix;equation","eq:xproblem","-\frac{\kappa}{2}x_{it}^2"
"CW-14","quadratic_effort_cost","paper/manuscript/mah_route_indicator_friction_model_appendix.tex","401","appendix;equation","eq:foc","\beta a_i\E_t[\Gamma_{i,t+1}]-\kappa x_{it}=0."
"CW-14","quadratic_effort_cost","research_notes/model_notes/01_symbols_and_objects.md","24","legacy-note","","| \(\kappa>0\) | quadratic R&D cost scale | Requires normalization or external discipline in calibration |"
"CW-14","quadratic_effort_cost","research_notes/model_notes/06_bellman_accounting.md","105","legacy-note","","-\frac{\kappa}{2}x_{it}^2"
"CW-15","old_x_star_formula","paper/manuscript/mah_route_indicator_friction_model.tex","161","equation","eq:xstar_offeq","x_i^*(M,\eta,p_m)=\frac{\beta a_i}{\kappa}\Gamma_i(M,\eta,p_m)."
"CW-15","old_x_star_formula","paper/manuscript/mah_route_indicator_friction_model.tex","162","equation","eq:xstar_offeq","\label{eq:xstar_offeq}"
"CW-15","old_x_star_formula","paper/manuscript/mah_route_indicator_friction_model.tex","225","narrative-paragraph","","The interior solution is the equilibrium evaluation of equation \eqref{eq:xstar_offeq}:"
"CW-15","old_x_star_formula","paper/manuscript/mah_route_indicator_friction_model.tex","227","equation","eq:xstar","x_i^*(M,\eta)"
"CW-15","old_x_star_formula","paper/manuscript/mah_route_indicator_friction_model.tex","229","equation","eq:xstar","\label{eq:xstar}"
"CW-15","old_x_star_formula","paper/manuscript/mah_route_indicator_friction_model.tex","237","equation","eq:lambda_obs","a_i x_i^*(M,\eta)"
"CW-15","old_x_star_formula","paper/manuscript/mah_route_indicator_friction_model.tex","247","equation","eq:lambda_obs_E","a_i x_i^*(M,\eta)"
"CW-15","old_x_star_formula","paper/manuscript/mah_route_indicator_friction_model.tex","372","calibration-or-empirical;narrative-paragraph","","$a_i x_i^*(M,\eta)$ and realization scale & Realized original-drug counts & Disciplines project-arrival and realization scale jointly, not planning-stage arrivals alone. \\"
"CW-15","old_x_star_formula","paper/manuscript/mah_route_indicator_friction_model_appendix.tex","93","appendix;narrative-paragraph","","Endogenous route and R\&D objects & $P_i(r\mid M,\eta,p_m^*)$, $\Gamma_i(M,\eta,p_m^*)$, $x_i^*(M,\eta)$, $\lambda_i^{plan,*}$, $\lambda_i^{obs,*}$ & Determined jointly by route payoffs, logit route choice, CMO support-market clearing, and the R\&D FOC & Observed output is downstream of route-planning-stage project arrival \\"
"CW-15","old_x_star_formula","paper/manuscript/mah_route_indicator_friction_model_appendix.tex","407","appendix;equation","eq:xstar","\label{eq:xstar}"
"CW-15","old_x_star_formula","paper/manuscript/mah_route_indicator_friction_model_appendix.tex","435","appendix;narrative-paragraph","","Equations \eqref{eq:xstar}--\eqref{eq:lambdaobsE} give the mechanism in closed form: expected future commercialization value raises current R\&D, while approvals or launches are downstream realized outcomes rather than route-planning arrivals."
"CW-15","old_x_star_formula","paper/manuscript/mah_route_indicator_friction_model_appendix.tex","456","appendix;equation","eq:lambdastationary;eq:Vstationary;eq:xstationary","x_i^*(M,\eta)&=\frac{\beta a_i}{\kappa}\Gamma_i^{M,\eta},\label{eq:xstationary}\\"
"CW-15","old_x_star_formula","paper/manuscript/mah_route_indicator_friction_model_appendix.tex","540","appendix;proposition","eq:obsE_decomposition;prop:observed_output_decomposition","a_i x_i^*(M,\eta)P_i(E\mid M,\eta,p_m^*)\zeta_i^E(\eta,p_m^*)."
"CW-15","old_x_star_formula","paper/manuscript/mah_route_indicator_friction_model_appendix.tex","1364","appendix;calibration-or-empirical;narrative-paragraph","","x_i^*(M,\eta)=\frac{\beta a_i}{\kappa}\Gamma_i^{M,\eta}."
"CW-15","old_x_star_formula","paper/manuscript/mah_route_indicator_friction_model_appendix.tex","1368","appendix;calibration-or-empirical;narrative-paragraph","","\lambda_i^{plan,*}(M,\eta)=a_i x_i^*(M,\eta)"
"CW-15","old_x_star_formula","research_notes/model_notes/00_model_closure_status.md","48","legacy-note","","x_i^*(M,\eta)"
"CW-15","old_x_star_formula","research_notes/model_notes/02_equation_dependency_map.md","113","legacy-note","","x_i^*(M,\eta)"
"CW-15","old_x_star_formula","research_notes/model_notes/02_equation_dependency_map.md","119","legacy-note","","\lambda_i^{plan,*}(M,\eta)=a_i x_i^*(M,\eta),"
"CW-15","old_x_star_formula","research_notes/model_notes/05_calibration_mapping.md","15","calibration-or-empirical;legacy-note","","\int a_i x_i^*(M,\eta)"
"CW-15","old_x_star_formula","research_notes/model_notes/05_calibration_mapping.md","18","calibration-or-empirical;legacy-note","","\int a_i x_i^*(M,\eta)"
"CW-15","old_x_star_formula","research_notes/model_notes/06_bellman_accounting.md","113","legacy-note","","x_i^*(M,\eta)"
"CW-16","CMO_market","paper/manuscript/mah_route_indicator_friction_model.tex","44","narrative-paragraph","","This paper develops a partial-equilibrium mechanism model of how China's Marketing Authorization Holder (MAH) system can affect original-drug innovation. Firms choose original-drug R\&D while anticipating the manufacturing and commercialization route available if a project advances. Before final clinical success and marketing approval are realized, a developer without sufficient internal manufacturing capacity must form a manufacturing plan and identify qualified production support, even though the formal entrusted-production arrangement and MAH approval are realized only later. MAH affects expected R\&D value by adding a regulated holder--producer separation route, lowering the route-specific policy and contractual friction of that retained external route, and changing the composite probability that a route-planning project becomes an observed approval or launch. The baseline closes only the qualified contract-manufacturing support market, generating an endogenous effective service cost $p_m^*(M,\eta)$ that can attenuate the reform's effect. The model does not treat MAH as a demand shock, a scientific-productivity shock, a removal of holder responsibility, or a universal reduction in all commercialization costs. It delivers comparative statics for route value, R\&D intensity, and observed realized original-drug outcomes, and it clarifies which data moments can discipline composite objects in a mechanism calibration."
"CW-16","CMO_market","paper/manuscript/mah_route_indicator_friction_model.tex","60","narrative-paragraph","","The model is deliberately narrow. It is not a full dynamic structural model of the pharmaceutical industry. It does not solve product-market clearing, R\&D input-market clearing, free entry, exit, or an invariant firm distribution. The baseline closes only the market directly tied to the MAH mechanism: the market for qualified contract-manufacturing support. This single closure is important because MAH-induced demand for retained entrusted production support can raise the effective support cost $p_m^*(M,\eta)$, preventing the model from mechanically implying that MAH increases innovation for all firms."
"CW-16","CMO_market","paper/manuscript/mah_route_indicator_friction_model.tex","64","narrative-paragraph","","The model is presented in two layers. The main text gives the shortest complete version needed for the paper's argument. The technical appendix gives the object-status audit, payoff accounting, Bellman derivation, CMO market regularity conditions, comparative-static derivations, and calibration boundaries. Research notes are kept outside the manuscript and are used only as a model-design control panel."
"CW-16","CMO_market","paper/manuscript/mah_route_indicator_friction_model.tex","93","narrative-paragraph","","The model is partial equilibrium except for the qualified contract-manufacturing support market. It takes the market-return environment and firm-characteristic distributions as given. The object $p_m^*(M,\eta)$ is an equilibrium per-project effective cost of a qualified support package, including service scarcity and production-readiness support, not a product-market price."
"CW-16","CMO_market","paper/manuscript/mah_route_indicator_friction_model.tex","137","narrative-paragraph","","\subsection{Route Choice and CMO Market Closure}"
"CW-16","CMO_market","paper/manuscript/mah_route_indicator_friction_model.tex","165","narrative-paragraph","","Each project planning route $E$ requires one qualified support package. Total demand includes background demand from non-MAH uses, which keeps the support market active before the reform:"
"CW-16","CMO_market","paper/manuscript/mah_route_indicator_friction_model.tex","185","narrative-paragraph","","\begin{assumption}[CMO market regularity]"
"CW-16","CMO_market","paper/manuscript/mah_route_indicator_friction_model.tex","186","narrative-paragraph","","\label{ass:cmo_regular}"
"CW-16","CMO_market","paper/manuscript/mah_route_indicator_friction_model.tex","190","proposition","eq:baseline_cm_clearing;prop:cmo_existence","\begin{proposition}[Existence and uniqueness of the CMO support cost]"
"CW-16","CMO_market","paper/manuscript/mah_route_indicator_friction_model.tex","191","proposition","eq:baseline_cm_clearing;prop:cmo_existence","\label{prop:cmo_existence}"
"CW-16","CMO_market","paper/manuscript/mah_route_indicator_friction_model.tex","192","proposition","eq:baseline_cm_clearing;prop:cmo_existence","Under Assumption \ref{ass:cmo_regular}, there is a unique $p_m^*(M,\eta)\in[0,\bar p_m]$ satisfying"
"CW-16","CMO_market","paper/manuscript/mah_route_indicator_friction_model.tex","272","proposition","eq:dGammadeta;eq:dpdeta;eq:GE_eta;eq:GE_p;prop:cmo_attenuation","\begin{proposition}[Implementation intensity and CMO attenuation]"
"CW-16","CMO_market","paper/manuscript/mah_route_indicator_friction_model.tex","273","proposition","eq:dGammadeta;eq:dpdeta;eq:GE_eta;eq:GE_p;prop:cmo_attenuation","\label{prop:cmo_attenuation}"
"CW-16","CMO_market","paper/manuscript/mah_route_indicator_friction_model.tex","274","proposition","eq:dGammadeta;eq:dpdeta;eq:GE_eta;eq:GE_p;prop:cmo_attenuation","Conditional on $M=1$, suppose only route $E$ depends directly on $\eta$. At a differentiable interior CMO equilibrium,"
"CW-16","CMO_market","paper/manuscript/mah_route_indicator_friction_model.tex","335","proposition","","For a fixed firm distribution, aggregate route-planning-stage project arrivals rise when the positive $\Gamma_i(M,\eta,p_m^*)$ response among relevant firms is not offset by CMO support-cost feedback and the affected set has positive measure. Aggregate observed outcomes additionally require that route-use and realization terms do not fall enough to offset the planning-stage gain. This is a private-value and realized-output implication, not a welfare theorem."
"CW-16","CMO_market","paper/manuscript/mah_route_indicator_friction_model.tex","340","calibration-or-empirical;narrative-paragraph","","The model delivers three empirical predictions that are useful before calibration. First, MAH should increase holder--producer separation among realized original-drug projects primarily where the retained entrusted route is feasible and valuable. Second, realized original-drug outcomes should respond more for firms with stronger research capability but weaker internal manufacturing capability, provided they are technically eligible for qualified support. Third, the response should be attenuated where support is scarce. For that prediction the support market is indexed by cell $m$---for example, region, dosage form, or technology segment---and each cell has its own $p_m^*(M,\eta)$. These predictions distinguish the MAH route-friction channel from a generic demand shock, scientific-productivity shock, or approval-speed reform."
"CW-16","CMO_market","paper/manuscript/mah_route_indicator_friction_model.tex","373","calibration-or-empirical;narrative-paragraph","","$p_m^*(M,\eta)$ or CMO scarcity & Qualified entrusted-producer participation or capacity proxy by support-market cell & Needed to interpret attenuation; direct support costs may be unavailable. \\"
"CW-16","CMO_market","paper/manuscript/mah_route_indicator_friction_model.tex","381","calibration-or-empirical;narrative-paragraph","","The baseline empirical exercise should therefore focus on approval-side realized-product moments: realized original-drug counts, original-drug shares, holder-producer splits, and heterogeneity by pre-reform manufacturing capability where available. Application-to-approval conversion, true project-level success probabilities, CMO support-cost proxies, and research-oriented entry are natural future modules, but they should not be treated as already identified by approval-side records alone."
"CW-16","CMO_market","paper/manuscript/mah_route_indicator_friction_model_appendix.tex","57","appendix;narrative-paragraph","","The baseline remains intentionally narrow: a partial-equilibrium dynamic route-choice model with one CMO support-market closure. The appendix does not convert the paper into a product-market GE model, an R\&D input-market GE model, a complete free-entry and exit model, a welfare model, or a full bargaining model."
"CW-16","CMO_market","paper/manuscript/mah_route_indicator_friction_model_appendix.tex","64","appendix;narrative-paragraph","","The baseline model is a partial-equilibrium dynamic route-choice model with one market closure. It takes as given the market-return environment, the distributions of incumbent and potential entrant characteristics, the distribution of qualified producer characteristics, and the institutional regime. It endogenizes only the effective cost of qualified contract-manufacturing support through the market-clearing condition below. Firms choose original-drug R\&D intensity before successful projects are fully realized. A project that reaches the route-planning and manufacturing-preparation stage must identify a feasible manufacturing and commercialization route before final approval, MAH authorization, launch, or other observed realization occurs."
"CW-16","CMO_market","paper/manuscript/mah_route_indicator_friction_model_appendix.tex","74","appendix;narrative-paragraph","","where $R_t$ is the market-return shifter, $H$ is the distribution of incumbent firm characteristics $\theta_i$, $G_N$ is the distribution of potential entrant characteristics, $H_C$ is the distribution of qualified contract-manufacturing capacity, $M_t\in\{0,1\}$ is the institutional regime, and $\eta_t\in[0,1]$ is post-MAH implementation intensity, with $\eta_t=0$ by convention when $M_t=0$. The equilibrium support cost $p_{m,t}^*(M_t,\eta_t)$ is determined by"
"CW-16","CMO_market","paper/manuscript/mah_route_indicator_friction_model_appendix.tex","81","appendix;narrative-paragraph","","The model does not solve for product-market clearing, R\&D input-market clearing, free-entry zero-profit conditions, firm exit, or an invariant industry distribution. Its purpose is to characterize how MAH-induced route-set expansion, entrusted-route friction reduction, realization probabilities, and the contract-manufacturing support-cost response affect the private opportunity value $\Gamma_i$, R\&D intensity $x_i^*$, and observed realized original-drug outcomes."
"CW-16","CMO_market","paper/manuscript/mah_route_indicator_friction_model_appendix.tex","93","appendix;narrative-paragraph","","Endogenous route and R\&D objects & $P_i(r\mid M,\eta,p_m^*)$, $\Gamma_i(M,\eta,p_m^*)$, $x_i^*(M,\eta)$, $\lambda_i^{plan,*}$, $\lambda_i^{obs,*}$ & Determined jointly by route payoffs, logit route choice, CMO support-market clearing, and the R\&D FOC & Observed output is downstream of route-planning-stage project arrival \\"
"CW-16","CMO_market","paper/manuscript/mah_route_indicator_friction_model_appendix.tex","94","appendix;narrative-paragraph","","CMO market object & $p_m^*(M,\eta)$ & Determined by $D_m^{tot}(p_m;M,\eta)=S_m(p_m)$ & Only qualified manufacturing support is cleared; no product-market or R\&D-input GE \\"
"CW-16","CMO_market","paper/manuscript/mah_route_indicator_friction_model_appendix.tex","96","appendix;narrative-paragraph","","Calibration-facing modules & Route use, realized original-drug counts, CMO capacity or price proxies, entry moments & Used according to data availability & Entry is a future or sensitivity module without a firm-year entry panel \\"
"CW-16","CMO_market","paper/manuscript/mah_route_indicator_friction_model_appendix.tex","116","appendix;narrative-paragraph","","The key boundary is that MAH is not modeled as shifting demand. Demand-side conditions help proxy or condition the background level of $R^{event}$ and $\bar R^E$, but they do not identify an MAH demand effect. MAH operates through commercialization-route feasibility, route friction, realization probability, and the contract-manufacturing support cost. The main MAH comparative statics hold the demand-side market-return background fixed."
"CW-16","CMO_market","paper/manuscript/mah_route_indicator_friction_model_appendix.tex","301","appendix;narrative-paragraph","","\subsection{Contract-manufacturing support market closure}"
"CW-16","CMO_market","paper/manuscript/mah_route_indicator_friction_model_appendix.tex","304","appendix;narrative-paragraph","","The baseline closes only the market for qualified entrusted manufacturing support. One project planning route $E$ requires one qualified support package. Given $(p_m,M,\eta)$, route choice and R\&D imply total support demand"
"CW-16","CMO_market","paper/manuscript/mah_route_indicator_friction_model_appendix.tex","322","appendix;narrative-paragraph","","\begin{assumption}[CMO support-market regularity]"
"CW-16","CMO_market","paper/manuscript/mah_route_indicator_friction_model_appendix.tex","323","appendix;narrative-paragraph","","\label{ass:cmo_market_regular}"
"CW-16","CMO_market","paper/manuscript/mah_route_indicator_friction_model_appendix.tex","333","appendix;proposition","lem:cmo_existence","\label{lem:cmo_existence}"
"CW-16","CMO_market","paper/manuscript/mah_route_indicator_friction_model_appendix.tex","334","appendix;proposition","lem:cmo_existence","Under Assumption \ref{ass:cmo_market_regular}, for each $(M,\eta)$ there is a unique $p_m^*(M,\eta)\in[0,\bar p_m]$ satisfying equation \eqref{eq:baseline_cm_clearing}."
"CW-16","CMO_market","paper/manuscript/mah_route_indicator_friction_model_appendix.tex","464","appendix;narrative-paragraph","","The comparative statics hold the demand-side market-return background fixed. The main result is not that a lower generic cost raises value. The main result is a logit-weighted sorting statement: MAH creates a retained external commercialization route, and the strength of the R\&D response is governed by how much probability mass the firm assigns to that route after accounting for realization probability, residual holder burdens, the endogenous contract-manufacturing support cost, and outside options."
"CW-16","CMO_market","paper/manuscript/mah_route_indicator_friction_model_appendix.tex","579","appendix;narrative-paragraph","","Thus the deterministic cutoff is not the baseline route-choice rule. It is the limiting interpretation of the logit model. Economically, the strongest responses should arise among high-research-capability firms with weak internal manufacturing fallback, weak non-retained transfer outside options, high entrusted-route realization probability, low residual monitoring burdens, and access to non-scarce CMO capacity."
"CW-16","CMO_market","paper/manuscript/mah_route_indicator_friction_model_appendix.tex","581","appendix;narrative-paragraph","","\subsection{Implementation intensity, CMO price feedback, and manufacturing capability}"
"CW-16","CMO_market","paper/manuscript/mah_route_indicator_friction_model_appendix.tex","816","appendix;proposition","eq:agg_prop_derivative","For any fixed distribution of incumbent firm characteristics, a net increase in $\Gamma^M(\theta)$ weakly raises model-implied aggregate expected original-drug opportunities from incumbent firms. Conditional on the entrusted route being feasible and holding the CMO support-cost feedback fixed,"
"CW-16","CMO_market","paper/manuscript/mah_route_indicator_friction_model_appendix.tex","821","appendix;proposition","eq:agg_prop_derivative","so $\dd\tau^E<0$ implies $\dd\Lambda_I^{plan}\ge0$ through the friction channel. With endogenous CMO pricing, the same conclusion requires the response in $p_m^*(M,\eta)$ not to offset the entrusted-route value gain. The increase is strict if a positive-measure set of incumbents has $a>0$, positive inclusive-value response, and positive entrusted-route probability. If a credible firm-year entry panel is available and the optional entry module is activated, the same sign logic can be extended to potential entrants through $F_e$, but that is not a baseline empirical conclusion."
"CW-16","CMO_market","paper/manuscript/mah_route_indicator_friction_model_appendix.tex","847","appendix;calibration-or-empirical;narrative-paragraph","","$p_m^*(M,\eta)$ & Equilibrium effective cost of qualified contract-manufacturing support & Contract-manufacturing support-cost proxies, CMO fee schedules, cost reports, producer capacity, or sensitivity values if unavailable & Endogenous only in the CMO support market; not a product-market price index \\"
"CW-16","CMO_market","paper/manuscript/mah_route_indicator_friction_model_appendix.tex","848","appendix;calibration-or-empirical;narrative-paragraph","","Effective entrusted-route wedge containing $\tau^E$ & MAH-reducible policy, contractual, and regulatory friction embedded in the retained external route payoff & Holder--producer split among comparable original-drug records; post-MAH exposure-gradient in split shares & Enters a composite route-use wedge; does not separately identify legal cost, search cost, CMO support cost, or holder burden \\"
"CW-16","CMO_market","paper/manuscript/mah_route_indicator_friction_model_appendix.tex","902","appendix;calibration-or-empirical;narrative-paragraph","","The baseline report should show how the calibrated composite route-realization wedge and innovation-arrival scale change under alternative original-drug definitions, sample restrictions, holder-producer name cleaning rules, route-use proxies, and sensitivity values for CMO support costs or capacity. The exercise can support statements about consistency with the MAH commercialization-friction mechanism. It cannot separately estimate legal compliance costs, search costs, quality-agreement costs, contracting costs, contract-manufacturing support costs, realization probabilities, post-production risk, or firm-specific project success probabilities."
"CW-16","CMO_market","paper/manuscript/mah_route_indicator_friction_model_appendix.tex","945","appendix;calibration-or-empirical;narrative-paragraph","","Because $\zeta_i^r=s_i\chi_i^r$, the common downstream success term cancels inside this individual or narrow-cell ratio, leaving $\log(\chi_i^E/\chi_i^I)$. It does not generally cancel before aggregation in equation \eqref{eq:aggregate_observed_share}. Consequently, $\log[s_E^{obs}/(1-s_E^{obs})]$ is not a representative-firm payoff gap under heterogeneity. The aggregate moment must be generated by integration or simulation. Without separate evidence on holder-side burdens, realization, route-specific returns, and CMO support costs, the observed share disciplines only a composite route-realization wedge."
"CW-16","CMO_market","paper/manuscript/mah_route_indicator_friction_model_appendix.tex","994","appendix;calibration-or-empirical;narrative-paragraph","","This proxy is not the policy treatment. It is an observed route-use proxy for realized products, and it should be validated against name standardization, group affiliation, and product-level regulatory records where possible. Data on quality agreements, technology-transfer requirements, audits, holder-manufacturer coordination, CMO support costs, and application-to-approval status would be useful for separating parts of the composite route-realization value, but the baseline approval-side data should not be interpreted as doing that separation."
"CW-16","CMO_market","paper/manuscript/mah_route_indicator_friction_model_appendix.tex","1053","appendix;calibration-or-empirical;narrative-paragraph","","or a related measure of producer-side participation. This is needed for the baseline CMO support-market closure when direct support-cost data are unavailable."
"CW-16","CMO_market","paper/manuscript/mah_route_indicator_friction_model_appendix.tex","1148","appendix;calibration-or-empirical;narrative-paragraph","","This does not mean that market demand is absent from the model. Demand-side conditions enter through $R^{event}$ and $\bar R^E$ as background payoff shifters and calibration controls, while MAH operates through commercialization-route feasibility, realization probability, CMO support-market costs, and the relative attractiveness of the retained external route."
"CW-16","CMO_market","paper/manuscript/mah_route_indicator_friction_model_appendix.tex","1156","appendix;calibration-or-empirical;narrative-paragraph","","\section{CMO Support-Market Cross-Reference}"
"CW-16","CMO_market","paper/manuscript/mah_route_indicator_friction_model_appendix.tex","1159","appendix;calibration-or-empirical;narrative-paragraph","","The complete CMO market is stated once in Section \ref{sec:cm_market_baseline}: equation \eqref{eq:cm_demand_baseline} defines background plus MAH-project demand, equation \eqref{eq:cm_supply_baseline} defines supply, Lemma \ref{lem:cmo_existence} establishes existence and uniqueness, and equations \eqref{eq:D_eta_expanded}--\eqref{eq:dGammadeta_appendix} derive the price feedback. This auxiliary section deliberately does not restate a second market-clearing system. The model closes no product market, R\&D input market, entry margin, or invariant firm distribution."
"CW-16","CMO_market","paper/manuscript/mah_route_indicator_friction_model_appendix.tex","1185","appendix;calibration-or-empirical;narrative-paragraph","","The protocol is for mechanism calibration, not full structural identification. It asks whether observed route-use patterns and realized original-drug outcomes are consistent with route-set expansion, implementation improvement, and a CMO support-cost response. It does not separately identify legal compliance costs, search costs, residual monitoring burdens, quality-management costs, support costs, $s_i$, $\chi_i^r$, route-specific returns, or firm-specific project success probabilities."
"CW-16","CMO_market","paper/manuscript/mah_route_indicator_friction_model_appendix.tex","1305","appendix;calibration-or-empirical;narrative-paragraph","","This is a change in a composite payoff-and-realization wedge, not the primitive change in $\tau^E$. It reduces to a scaled change in $\tau^E$ only under restrictive normalizations that hold CMO support costs, residual holder burden, internal production cost, relative realization, route-specific returns, and retained continuation value fixed. This is not the baseline interpretation when the MAH-style entrusted route was institutionally unavailable before the reform."
"CW-16","CMO_market","paper/manuscript/mah_route_indicator_friction_model_appendix.tex","1352","appendix;calibration-or-empirical;narrative-paragraph","","It cannot support the following stronger statement: the data separately identify legal compliance costs, search costs, quality-agreement costs, contracting costs, contract-manufacturing support costs, realization probabilities, or post-production risk-adjusted returns. These components enter the route-choice payoff as a composite wedge. Without additional data on those objects, they cannot be separately recovered."
"CW-16","CMO_market","research_notes/model_notes/00_model_closure_status.md","10","legacy-note","","The baseline is a partial-equilibrium commercialization-route model. It closes only the market for qualified contract-manufacturing support. Product markets, R&D input markets, entry, exit, and the firm distribution remain exogenous or outside the baseline."
"CW-16","CMO_market","research_notes/model_notes/00_model_closure_status.md","54","legacy-note","","## CMO support-market closure"
"CW-16","CMO_market","research_notes/model_notes/00_model_closure_status.md","110","legacy-note","","- Closure status: complete within this stated partial-equilibrium scope, conditional on the maintained CMO regularity assumptions and calibration normalizations."
"CW-16","CMO_market","research_notes/model_notes/01_symbols_and_objects.md","13","legacy-note","","| \(p_m^*(M,\eta)\) | equilibrium per-project effective cost of qualified CMO support | Endogenous only in the CMO support market; not a product-market price |"
"CW-16","CMO_market","research_notes/model_notes/01_symbols_and_objects.md","14","legacy-note","","| \(D_m^B(p_m)\) | background support demand from non-MAH uses | Keeps the CMO market active before MAH |"
"CW-16","CMO_market","research_notes/model_notes/01_symbols_and_objects.md","15","legacy-note","","| \(D_m^{tot}(p_m;M,\eta)\) | total demand for qualified support packages | Background demand plus planning-stage MAH-project demand |"
"CW-16","CMO_market","research_notes/model_notes/01_symbols_and_objects.md","16","legacy-note","","| \(S_m(p_m)\) | qualified CMO support supply | May be indexed by support-market cell \(m\) |"
"CW-16","CMO_market","research_notes/model_notes/02_equation_dependency_map.md","73","legacy-note","","## 5. Qualified CMO support market"
"CW-16","CMO_market","research_notes/model_notes/03_assumptions_and_scope.md","12","legacy-note","","8. CMO excess demand is continuous, crosses zero on a compact support-cost domain, and is strictly decreasing. These conditions deliver existence and uniqueness; differentiability and \(D_{mp}^{tot}<S_{mp}\) support the IFT comparative static."
"CW-16","CMO_market","research_notes/model_notes/03_assumptions_and_scope.md","23","legacy-note","","MAH acts through route availability, entrusted-route friction and implementation, and the equilibrium cost of qualified support."
"CW-16","CMO_market","research_notes/model_notes/03_assumptions_and_scope.md","63","legacy-note","","- cross-cell CMO substitution or a national producer network;"
"CW-16","CMO_market","research_notes/model_notes/03_assumptions_and_scope.md","68","legacy-note","","The model may claim private route-option value, route sorting, R&D effort responses, CMO support-cost attenuation, and realized-output implications under stated conditions. It may not claim universal innovation gains, separately identified primitive frictions, a representative-firm interpretation of aggregate shares, or a general-equilibrium welfare result."
"CW-16","CMO_market","research_notes/model_notes/04_comparative_statics_checklist.md","44","legacy-note","","## 3. CMO support-cost feedback"
"CW-16","CMO_market","research_notes/model_notes/04_comparative_statics_checklist.md","131","legacy-note","","3. multiplies planning-stage CMO demand by \(\zeta_i^E\);"
"CW-16","CMO_market","research_notes/model_notes/05_calibration_mapping.md","68","calibration-or-empirical;legacy-note","","## 3. Qualified CMO support market"
"CW-16","CMO_market","research_notes/model_notes/05_calibration_mapping.md","82","calibration-or-empirical;legacy-note","","- CMO fee schedules or effective support-cost proxies;"
"CW-16","CMO_market","research_notes/model_notes/05_calibration_mapping.md","108","calibration-or-empirical;legacy-note","","| CMO supply or scarcity | Capacity, participation, fee proxies, or sensitivity values | Only the qualified-support market is endogenous |"
"CW-16","CMO_market","research_notes/model_notes/05_calibration_mapping.md","115","calibration-or-empirical;legacy-note","","The baseline may show that selected realized moments are quantitatively consistent with the MAH commercialization-route mechanism under transparent normalizations. It may not claim separate identification of every primitive friction, scientific success, matching probability, legal cost, CMO cost component, or welfare effect."
"CW-16","CMO_market","research_notes/model_notes/06_bellman_accounting.md","127","legacy-note","","6. CMO support demand is formed before final realization;"
"CW-16","CMO_market","research_notes/model_notes/08_model_closure_audit.md","9","legacy-note","","| Baseline scope | Partial equilibrium with only qualified CMO support-market clearing | Pass |"
"CW-16","CMO_market","research_notes/model_notes/08_model_closure_audit.md","17","legacy-note","","| CMO equilibrium | Unique \(p_m^*(M,\eta)\) under continuity, boundary crossing, and strict excess-demand monotonicity | Pass |"
"CW-16","CMO_market","research_notes/model_notes/08_model_closure_audit.md","45","legacy-note","","The CMO block is simultaneous because candidate-cost route choice and effort determine demand, while clearing determines the equilibrium support cost. Observed realization is downstream and does not feed back into baseline support demand."
"CW-16","CMO_market","research_notes/model_notes/08_model_closure_audit.md","55","legacy-note","","| Calibration-facing | realized holder--producer share, realized counts, CMO capacity or support-cost proxies | Match to aggregate or data-specific equations |"
"CW-16","CMO_market","research_notes/model_notes/08_model_closure_audit.md","72","legacy-note","","11. broadens the baseline beyond the single CMO market closure."
"CW-16","CMO_market","research_notes/model_notes/08_model_closure_audit.md","77","legacy-note","","- Direct CMO support-cost data may be unavailable and require transparent sensitivity analysis."
"CW-16","CMO_market","research_notes/model_notes/10_main_appendix_consistency_audit.md","16","legacy-note","","| Baseline scope | Partial equilibrium; only the qualified CMO support market clears | Consistent |"
"CW-16","CMO_market","research_notes/model_notes/10_main_appendix_consistency_audit.md","26","legacy-note","","| CMO equilibrium | Unique \(p_m^*(M,\eta)\) under stated regularity conditions | Consistent |"
"CW-16","CMO_market","research_notes/model_notes/11_proposition_dependency_audit.md","11","legacy-note","","| Endogenous CMO object | \(p_m^*(M,\eta)\) |"
"CW-16","CMO_market","research_notes/model_notes/11_proposition_dependency_audit.md","20","legacy-note","","| Existence and uniqueness of the CMO support cost | Continuous finite demand and supply; compact support-cost domain; boundary crossing; strictly decreasing excess demand | A unique \(p_m^*(M,\eta)\) clears qualified support | No other market is closed |"
"CW-16","CMO_market","research_notes/model_notes/11_proposition_dependency_audit.md","22","legacy-note","","| Implementation intensity and CMO attenuation | \(M=1\); \(G_{i\eta}^E\ge0\); \(G_{ip}^E<0\); IFT conditions; \(D_{m\eta}^{tot}\ge0\) for a nonnegative support-cost response | Direct implementation gains are attenuated by the endogenous rise in qualified-support cost | Total R&D effect is positive only if the direct term dominates |"
"CW-16","CMO_market","research_notes/model_notes/11_proposition_dependency_audit.md","40","legacy-note","","CMO clearing gives"
"CW-16","CMO_market","research_notes/model_notes/12_calibration_claim_audit.md","15","calibration-or-empirical;legacy-note","","5. uses \(p_m^*(M,\eta)\) as the equilibrium cost of qualified support;"
"CW-16","CMO_market","research_notes/model_notes/12_calibration_claim_audit.md","16","calibration-or-empirical;legacy-note","","6. keeps \(D_m^B\) and planning-stage entrusted demand in CMO closure;"
"CW-16","CMO_market","research_notes/model_notes/12_calibration_claim_audit.md","29","calibration-or-empirical;legacy-note","","| CMO capacity, participation, or support-cost proxy | Supply, background demand, or \(p_m^*(M,\eta)\) sensitivity | Strength of support-cost attenuation | Product-market price or demand |"
"CW-16","CMO_market","research_notes/model_notes/12_calibration_claim_audit.md","55","calibration-or-empirical;legacy-note","","## 5. Canonical CMO moment"
"CW-17","planning_observed_boundary","paper/manuscript/mah_route_indicator_friction_model.tex","44","narrative-paragraph","","This paper develops a partial-equilibrium mechanism model of how China's Marketing Authorization Holder (MAH) system can affect original-drug innovation. Firms choose original-drug R\&D while anticipating the manufacturing and commercialization route available if a project advances. Before final clinical success and marketing approval are realized, a developer without sufficient internal manufacturing capacity must form a manufacturing plan and identify qualified production support, even though the formal entrusted-production arrangement and MAH approval are realized only later. MAH affects expected R\&D value by adding a regulated holder--producer separation route, lowering the route-specific policy and contractual friction of that retained external route, and changing the composite probability that a route-planning project becomes an observed approval or launch. The baseline closes only the qualified contract-manufacturing support market, generating an endogenous effective service cost $p_m^*(M,\eta)$ that can attenuate the reform's effect. The model does not treat MAH as a demand shock, a scientific-productivity shock, a removal of holder responsibility, or a universal reduction in all commercialization costs. It delivers comparative statics for route value, R\&D intensity, and observed realized original-drug outcomes, and it clarifies which data moments can discipline composite objects in a mechanism calibration."
"CW-17","planning_observed_boundary","paper/manuscript/mah_route_indicator_friction_model.tex","56","narrative-paragraph","","Recent evidence on China's pharmaceutical reforms helps separate this route mechanism from two nearby channels. \citet{JiaMaYangZhang2023} study the 2015 drug-review reform and emphasize approval delay, review capacity, and the composition of firms and products entering the pipeline. \citet{BarwickXiaXia2026} study the National Reimbursement Drug List and emphasize demand and market-size incentives. Those channels can coexist with MAH, but they are not the MAH mechanism in this paper. The baseline holds scientific productivity and the market-return environment fixed and asks whether a regulated holder--producer separation route changes expected commercialization value."
"CW-17","planning_observed_boundary","paper/manuscript/mah_route_indicator_friction_model.tex","62","narrative-paragraph","","The contribution is to organize the mechanism in a way that is internally consistent with feasible data. The theory separates route-planning-stage project arrival from observed approvals or launches, keeps residual holder responsibility in the entrusted-route payoff, and treats route-use data as a proxy for realized holder--producer separation rather than as the policy treatment itself. The empirical role of the model is correspondingly modest: it maps feasible approval-side moments to composite objects such as route-realization value and innovation-realization scale, without claiming to identify every primitive friction separately."
"CW-17","planning_observed_boundary","paper/manuscript/mah_route_indicator_friction_model.tex","78","narrative-paragraph","","There are two periods within the firm problem. In period $t$, firm $i$ chooses original-drug R\&D effort $x_i$ while anticipating future route feasibility. In period $t+1$, a random set of projects reaches the route-planning and manufacturing-preparation stage. Each such project chooses a route and, if it plans to use entrusted production, demands qualified production support before final clinical, regulatory, and implementation outcomes are known. Final approval, launch, and the observed holder--producer arrangement are realized only afterward."
"CW-17","planning_observed_boundary","paper/manuscript/mah_route_indicator_friction_model.tex","86","narrative-paragraph","","where $a_i$ is effective research productivity in generating route-planning-stage projects, $k_i$ indexes internal manufacturing capability, $h_i^I$ indicates whether internal production is feasible, $q_i^E$ indicates technical and regulatory eligibility for qualified entrusted production, $\mu_i^E$ is the residual holder-side burden under entrusted production, $S_i$ is the gross non-retained transfer or out-licensing value, and $\tau_i^T$ is the transfer-route friction. The indicator $q_i^E$ does not mean that a producer match has already been secured; scarcity and matching pressure are summarized by the equilibrium support cost below. Project subscripts are suppressed in the main text."
"CW-17","planning_observed_boundary","paper/manuscript/mah_route_indicator_friction_model.tex","97","narrative-paragraph","","Conditional on a project reaching the route-planning stage, the feasible route set is"
"CW-17","planning_observed_boundary","paper/manuscript/mah_route_indicator_friction_model.tex","126","narrative-paragraph","","The costs $C^I(k_i)$, $p_m$, $\tau_i^E$, and $\mu_i^E$ are expected planning-stage commitments and resource costs, so they are not multiplied by $\zeta_i^r$. If a component is paid only after realization, its success-contingent expectation is included in the corresponding cost object. This convention prevents success probabilities from being counted twice. The transfer route is non-retained; abandonment or delay is the normalized outside option."
"CW-17","planning_observed_boundary","paper/manuscript/mah_route_indicator_friction_model.tex","176","narrative-paragraph","","Equation \eqref{eq:cm_demand} is planning-stage demand. It does not multiply by $\zeta_i^E$ because support is reserved before final realization; observed retained entrusted output does multiply by $\zeta_i^E$."
"CW-17","planning_observed_boundary","paper/manuscript/mah_route_indicator_friction_model.tex","208","narrative-paragraph","","\subsection{R\&D Choice and Observed Outcomes}"
"CW-17","planning_observed_boundary","paper/manuscript/mah_route_indicator_friction_model.tex","210","narrative-paragraph","","R\&D effort produces projects that reach the route-planning stage according to"
"CW-17","planning_observed_boundary","paper/manuscript/mah_route_indicator_friction_model.tex","233","narrative-paragraph","","Let $\calR_i^{ret}(M)=\calR_i(M)\cap\{I,E\}$. Observed retained output differs from planning-stage project arrival:"
"CW-17","planning_observed_boundary","paper/manuscript/mah_route_indicator_friction_model.tex","299","proposition","eq:obs_decomposition;prop:obs_decomposition","The change in observed retained entrusted output can be decomposed as"
"CW-17","planning_observed_boundary","paper/manuscript/mah_route_indicator_friction_model.tex","335","proposition","","For a fixed firm distribution, aggregate route-planning-stage project arrivals rise when the positive $\Gamma_i(M,\eta,p_m^*)$ response among relevant firms is not offset by CMO support-cost feedback and the affected set has positive measure. Aggregate observed outcomes additionally require that route-use and realization terms do not fall enough to offset the planning-stage gain. This is a private-value and realized-output implication, not a welfare theorem."
"CW-17","planning_observed_boundary","paper/manuscript/mah_route_indicator_friction_model.tex","340","calibration-or-empirical;narrative-paragraph","","The model delivers three empirical predictions that are useful before calibration. First, MAH should increase holder--producer separation among realized original-drug projects primarily where the retained entrusted route is feasible and valuable. Second, realized original-drug outcomes should respond more for firms with stronger research capability but weaker internal manufacturing capability, provided they are technically eligible for qualified support. Third, the response should be attenuated where support is scarce. For that prediction the support market is indexed by cell $m$---for example, region, dosage form, or technology segment---and each cell has its own $p_m^*(M,\eta)$. These predictions distinguish the MAH route-friction channel from a generic demand shock, scientific-productivity shock, or approval-speed reform."
"CW-17","planning_observed_boundary","paper/manuscript/mah_route_indicator_friction_model.tex","342","calibration-or-empirical;narrative-paragraph","","The model is intended to discipline a mechanism calibration, not to identify every primitive friction. The key empirical distinction is between route-planning-stage project arrival and observed realized outcomes. Approval data, holder--producer links, and original-drug counts are close to realized outcomes. They are not direct observations of project arrival, scientific success, or route-specific legal and managerial costs."
"CW-17","planning_observed_boundary","paper/manuscript/mah_route_indicator_friction_model.tex","371","calibration-or-empirical;narrative-paragraph","","Equation \eqref{eq:observed_split_share} & Holder--producer split among comparable realized retained original drugs & Disciplines an aggregate route-realization composite, not a primitive $\tau_i^E$, $\mu_i^E$, or $\zeta_i^E$ separately. \\"
"CW-17","planning_observed_boundary","paper/manuscript/mah_route_indicator_friction_model.tex","372","calibration-or-empirical;narrative-paragraph","","$a_i x_i^*(M,\eta)$ and realization scale & Realized original-drug counts & Disciplines project-arrival and realization scale jointly, not planning-stage arrivals alone. \\"
"CW-17","planning_observed_boundary","paper/manuscript/mah_route_indicator_friction_model_appendix.tex","60","appendix;narrative-paragraph","","The model combines four standard blocks rather than importing one complete canonical model. The market-return interpretation follows the pharmaceutical innovation literature in which expected market size, revenue, or profit shapes drug R\&D incentives \citep{AcemogluLinn2004,DuboisDeMouzonScottMortonSeabright2015,BarwickXiaXia2026}. The innovation-stock and R\&D-arrival structure follows product-line innovation models \citep{KletteKortum2004}. The commercialization-route choice follows the markets-for-technology and complementary-assets literature, where innovators choose between internal commercialization, cooperation, licensing, transfer, or other external routes \citep{Teece1986,AroraFosfuriGambardella2001,GansStern2003}. The property-rights interpretation follows the idea that control rights and outside options shape ex ante investment incentives \citep{GrossmanHart1986,HartMoore1990}. The contribution here is to adapt these blocks to the MAH setting, where the key institutional change is a regulated holder--producer separation route. The approval-delay and review-capacity channel studied by \citet{JiaMaYangZhang2023} and the reimbursement-demand channel studied by \citet{BarwickXiaXia2026} are treated as economically distinct alternatives, not relabeled as MAH."
"CW-17","planning_observed_boundary","paper/manuscript/mah_route_indicator_friction_model_appendix.tex","93","appendix;narrative-paragraph","","Endogenous route and R\&D objects & $P_i(r\mid M,\eta,p_m^*)$, $\Gamma_i(M,\eta,p_m^*)$, $x_i^*(M,\eta)$, $\lambda_i^{plan,*}$, $\lambda_i^{obs,*}$ & Determined jointly by route payoffs, logit route choice, CMO support-market clearing, and the R\&D FOC & Observed output is downstream of route-planning-stage project arrival \\"
"CW-17","planning_observed_boundary","paper/manuscript/mah_route_indicator_friction_model_appendix.tex","95","appendix;narrative-paragraph","","Composite realization objects & $\zeta_i^r=s_i\chi_i^r$, $\bar R_i^E$, route-realization wedge & Compressed objects linking planning-stage projects to implementation and observed outcomes & Route-use and count moments discipline composites, not all primitives \\"
"CW-17","planning_observed_boundary","paper/manuscript/mah_route_indicator_friction_model_appendix.tex","152","appendix;narrative-paragraph","","R\&D intensity produces a random number of projects that reach the route-planning and manufacturing-preparation stage in the next period. Let $Y_{i,t+1}^{plan}$ denote that number. This object is downstream of raw laboratory ideas but upstream of final clinical success, approval, launch, and the observed holder--producer arrangement. The baseline therefore does not call $Y_{i,t+1}^{plan}$ a successful or approved drug. Common downstream clinical and regulatory success is kept in $s_i$, one component of the route-realization probability defined below, rather than absorbed a second time into effective research ability $a_i$. The planning-stage project production function is"
"CW-17","planning_observed_boundary","paper/manuscript/mah_route_indicator_friction_model_appendix.tex","159","appendix;narrative-paragraph","","Equation \eqref{eq:production} is the model's production function for the number of new route-planning-stage original-drug projects. It is not physical pill production and not an approval count. It says that research effort raises the expected number of projects that become ready for a manufacturing and commercialization plan, and higher research ability makes effort more productive. This is the simplest version of the stochastic innovation-arrival structure used in product-line innovation models \citep{KletteKortum2004}. A Poisson count interpretation is optional,"
"CW-17","planning_observed_boundary","paper/manuscript/mah_route_indicator_friction_model_appendix.tex","207","appendix;narrative-paragraph","","For each original-drug project that reaches the route-planning stage, the firm chooses one route $r\in\calR_i(M_{t+1})$ before final observed realization. This timing reflects that an innovative developer often must identify qualified production support for trial material, technology transfer, and manufacturing-readiness review before final clinical success, MAH authorization, and formal retained entrusted production are realized. Let $R^{event}_{i,t+1}$ be the gross commercialization-event payoff from a commercialized original drug in period $t+1$. It summarizes the non-stock payoff associated with converting a route-planning project into a marketed product, including market size, therapeutic value, reimbursement environment, and product demand. It is included because pharmaceutical innovation responds to expected market rewards \citep{AcemogluLinn2004,DuboisDeMouzonScottMortonSeabright2015,BarwickXiaXia2026}. The model does not require firm-product revenue data."
"CW-17","planning_observed_boundary","paper/manuscript/mah_route_indicator_friction_model_appendix.tex","262","appendix;narrative-paragraph","","Here $C^I(k_i)$, $p_m^*$, $\tau_i^E$, and $\mu_i^E$ are expected route-planning commitments or resource costs. They are not multiplied by $\zeta_i^r$; any success-contingent payment enters through its planning-stage expectation. This convention prevents realization risk from being counted twice. Internal production cost satisfies"
"CW-17","planning_observed_boundary","paper/manuscript/mah_route_indicator_friction_model_appendix.tex","409","appendix;narrative-paragraph","","The expected number of next-period route-planning-stage projects is"
"CW-17","planning_observed_boundary","paper/manuscript/mah_route_indicator_friction_model_appendix.tex","416","appendix;narrative-paragraph","","Observed outcomes additionally depend on route use, realization, and the data definition. Let $\omega_i^{r,d}\in[0,1]$ be the weight with which a realized route-$r$ project enters data outcome $d$. Then"
"CW-17","planning_observed_boundary","paper/manuscript/mah_route_indicator_friction_model_appendix.tex","512","appendix;proposition","eq:dLambdadtau_logit;eq:dxdtau_logit;prop:logit_weighted_response","Conditional on the entrusted route being feasible, a reduction in $\tau_i^E$ weakly raises firm $i$'s route-planning-stage project arrival:"
"CW-17","planning_observed_boundary","paper/manuscript/mah_route_indicator_friction_model_appendix.tex","671","appendix;narrative-paragraph","","Demand expansion & $R^{event}\uparrow$ & Does not specifically predict holder--producer split & Multiple commercialization routes become more attractive \\"
"CW-17","planning_observed_boundary","paper/manuscript/mah_route_indicator_friction_model_appendix.tex","674","appendix;narrative-paragraph","","MAH route-friction channel & $E$ route added, $\tau_i^E\downarrow$, $\zeta_i^E\uparrow$, $p_m^*$ adjusts & Holder--producer split rises among relevant retained products & Strongest for high-$a_i$, low-$k_i$, weak transfer option, high $\zeta_i^E$, and low $\mu_i^E$ firms \\"
"CW-17","planning_observed_boundary","paper/manuscript/mah_route_indicator_friction_model_appendix.tex","771","appendix;narrative-paragraph","","Holding the distribution of incumbent characteristics and the potential entrant pool fixed, the model-implied aggregate planning-stage project count is"
"CW-17","planning_observed_boundary","paper/manuscript/mah_route_indicator_friction_model_appendix.tex","848","appendix;calibration-or-empirical;narrative-paragraph","","Effective entrusted-route wedge containing $\tau^E$ & MAH-reducible policy, contractual, and regulatory friction embedded in the retained external route payoff & Holder--producer split among comparable original-drug records; post-MAH exposure-gradient in split shares & Enters a composite route-use wedge; does not separately identify legal cost, search cost, CMO support cost, or holder burden \\"
"CW-17","planning_observed_boundary","paper/manuscript/mah_route_indicator_friction_model_appendix.tex","849","appendix;calibration-or-empirical;narrative-paragraph","","$\zeta_i^r=s_i\chi_i^r$ & Composite realization probability for retained route $r$ & Application-to-approval conversion, approval-to-launch conversion, launch or realization conversion; split shares discipline relative realization jointly with route choice & Distinguishes planning-stage arrival from observed realization; $s_i$ and $\chi_i^r$ are not separately identified without additional data \\"
"CW-17","planning_observed_boundary","paper/manuscript/mah_route_indicator_friction_model_appendix.tex","853","appendix;calibration-or-empirical;narrative-paragraph","","$\lambda_i^{plan,*}$ and $\lambda_i^{obs,d,*}$ & Route-planning project arrival and data-specific observed realization & Original-drug applications, IND/CTA records, approvals, launches, or realized products, depending on data layer & Approval counts are downstream realizations, not planning-stage arrivals \\"
"CW-17","planning_observed_boundary","paper/manuscript/mah_route_indicator_friction_model_appendix.tex","874","appendix;calibration-or-empirical;narrative-paragraph","","where $s^{E,data}_{post}$ is the post-MAH holder--producer split share among comparable original-drug records and $\bar\lambda^{O,obs,data}_{0}$ is a baseline realized original-drug count. A research-oriented entry moment $N_E^{data}$ should be added only when a credible firm-year entry panel is available. The demand-side control vector $d_t^{data}$ can be reported alongside these moments or used in sensitivity checks for $R^{event}$ and $\bar R^E$."
"CW-17","planning_observed_boundary","paper/manuscript/mah_route_indicator_friction_model_appendix.tex","906","appendix;calibration-or-empirical;narrative-paragraph","","The baseline theory already uses the logit route-choice model in equation \eqref{eq:logit_prob}. The route-use block is therefore not an extra smoothing trick. The observed holder--producer split, however, is a share among realized products and is not itself the route-choice probability. For a comparable retained-product sample,"
"CW-17","planning_observed_boundary","paper/manuscript/mah_route_indicator_friction_model_appendix.tex","1003","appendix;calibration-or-empirical;narrative-paragraph","","\item Original-drug holder--producer split share:"
"CW-17","planning_observed_boundary","paper/manuscript/mah_route_indicator_friction_model_appendix.tex","1205","appendix;calibration-or-empirical;narrative-paragraph","","The moment $m$ can be a route-use share, an original-drug count, an entrant count, an original-drug share, or a holder--producer split. A moment is not a new structural variable. It is the empirical bridge between the model and the data."
"CW-17","planning_observed_boundary","paper/manuscript/mah_route_indicator_friction_model_appendix.tex","1220","appendix;calibration-or-empirical;narrative-paragraph","","Route-use data & Post-MAH holder--producer split share; exposure-gradient in split shares; pseudo-count sensitivity only & Cell-specific version of equation \eqref{eq:aggregate_observed_share}; exposure regression is auxiliary & Composite route-choice and relative-realization wedge \\"
"CW-17","planning_observed_boundary","paper/manuscript/mah_route_indicator_friction_model_appendix.tex","1246","appendix;calibration-or-empirical;narrative-paragraph","","Here $\tau^E$ is the MAH-reducible policy and contractual friction of the external commercialization route, $\mu^E$ is the residual holder-side monitoring and quality-control burden, $\zeta^r=s_i\chi_i^r$ is the composite realization probability, $\Gamma$ is the logit inclusive value of a route-planning original-drug project, $x^*$ is optimal original-drug R\&D intensity, $\lambda^{plan,*}$ is the planning-stage project arrival rate, $\lambda^{obs,d,*}$ is the data-specific realized-output counterpart, $\Lambda^{plan,agg}$ is aggregate expected planning-stage projects for a fixed incumbent distribution, and $N_E$ is research-oriented entry only in the optional entry module."
"CW-17","planning_observed_boundary","paper/manuscript/mah_route_indicator_friction_model_appendix.tex","1252","appendix;calibration-or-empirical;narrative-paragraph","","The central data object for route use is the holder--producer split. For product record $p$, define"
"CW-17","planning_observed_boundary","paper/manuscript/mah_route_indicator_friction_model_appendix.tex","1263","appendix;calibration-or-empirical;narrative-paragraph","","where $O_p=1$ if product $p$ is classified as an original drug or satisfies the paper's baseline original-drug proxy, and the summation sample excludes non-retained transfer and abandonment outcomes. This share is not the policy treatment. It is an observed outcome that proxies the use of an external commercialization route while retaining authorization."
"CW-17","planning_observed_boundary","paper/manuscript/mah_route_indicator_friction_model_appendix.tex","1350","appendix;calibration-or-empirical;narrative-paragraph","","This block can support the following statement: if the holder--producer split among original-drug records rises after MAH, or if higher-exposure segments show higher post-MAH split shares, and this pattern cannot be explained by changes in product composition, therapeutic class, region, or firm capability composition, the pattern is consistent with a higher relative route-realization value of the entrusted route."
"CW-17","planning_observed_boundary","paper/manuscript/mah_route_indicator_friction_model_appendix.tex","1358","appendix;calibration-or-empirical;narrative-paragraph","","The firm chooses original-drug R\&D intensity $x_i$. The route-planning-stage project arrival rate is"
"CW-17","planning_observed_boundary","paper/manuscript/mah_route_indicator_friction_model_appendix.tex","1366","appendix;calibration-or-empirical;narrative-paragraph","","Therefore, the optimal planning-stage arrival rate is"
"CW-17","planning_observed_boundary","paper/manuscript/mah_route_indicator_friction_model_appendix.tex","1372","appendix;calibration-or-empirical;narrative-paragraph","","Observed realized output further multiplies planning-stage arrival by route choice, realization, and the data-specific observation weight as in equation \eqref{eq:lambdaobs}."
"CW-17","planning_observed_boundary","paper/manuscript/mah_route_indicator_friction_model_appendix.tex","1397","appendix;calibration-or-empirical;narrative-paragraph","","If the current dataset is an approval-side realized-product file, this object should be interpreted as realized original-drug products, not planning-stage project arrival. If future data include CDE applications, IND/CTA records, or clinical-trial registrations, those objects can be used to construct moments closer to the planning stage."
"CW-17","planning_observed_boundary","paper/manuscript/mah_route_indicator_friction_model_appendix.tex","1441","appendix;calibration-or-empirical;narrative-paragraph","","The writing boundary is simple: approval-side data calibrate realized original-drug product counts; application and trial data may be closer to route-planning-stage arrival, depending on their exact status definition."
"CW-17","planning_observed_boundary","paper/manuscript/mah_route_indicator_friction_model_appendix.tex","1533","appendix;calibration-or-empirical;narrative-paragraph","","\item holder--producer split;"
"CW-17","planning_observed_boundary","research_notes/model_notes/00_model_closure_status.md","34","legacy-note","","Planning-stage costs are not multiplied by \(\zeta_i^E\). Logit route choice and the inclusive value are"
"CW-17","planning_observed_boundary","research_notes/model_notes/00_model_closure_status.md","79","legacy-note","","## Observed outcomes and calibration"
"CW-17","planning_observed_boundary","research_notes/model_notes/00_model_closure_status.md","81","legacy-note","","Observed retained output is downstream of planning-stage arrival:"
"CW-17","planning_observed_boundary","research_notes/model_notes/00_model_closure_status.md","89","legacy-note","","The observed holder--producer share is an aggregate realized-weighted ratio:"
"CW-17","planning_observed_boundary","research_notes/model_notes/01_symbols_and_objects.md","15","legacy-note","","| \(D_m^{tot}(p_m;M,\eta)\) | total demand for qualified support packages | Background demand plus planning-stage MAH-project demand |"
"CW-17","planning_observed_boundary","research_notes/model_notes/01_symbols_and_objects.md","22","legacy-note","","| \(a_i\) | productivity of R&D effort in generating route-planning-stage projects | Does not include downstream clinical or regulatory success |"
"CW-17","planning_observed_boundary","research_notes/model_notes/01_symbols_and_objects.md","28","legacy-note","","| \(C^I(k_i)\) | planning-stage internal production cost | Not multiplied by a realization probability |"
"CW-17","planning_observed_boundary","research_notes/model_notes/01_symbols_and_objects.md","44","legacy-note","","| \(G_i^r\) | planning-stage route payoff | Includes route-period payoff, retained continuation value where applicable, and planning costs |"
"CW-17","planning_observed_boundary","research_notes/model_notes/01_symbols_and_objects.md","46","legacy-note","","| \(\Gamma_i(M,\eta,p_m)\) | inclusive value of one route-planning-stage project | Enters the R&D first-order condition |"
"CW-17","planning_observed_boundary","research_notes/model_notes/01_symbols_and_objects.md","52","legacy-note","","| \(Y_{i,t+1}^{plan}\) | random number of projects reaching route planning | Upstream of final success, approval, launch, and observed holder--producer arrangement |"
"CW-17","planning_observed_boundary","research_notes/model_notes/01_symbols_and_objects.md","53","legacy-note","","| \(\lambda_i^{plan}=a_i x_i\) | conditional mean of planning-stage project arrivals | Never label as successful or approved output |"
"CW-17","planning_observed_boundary","research_notes/model_notes/01_symbols_and_objects.md","56","legacy-note","","| \(s_E^{obs}\) | holder--producer split among comparable realized retained products | Aggregate realized-weighted ratio, not a representative-firm product |"
"CW-17","planning_observed_boundary","research_notes/model_notes/01_symbols_and_objects.md","63","legacy-note","","2. Realized counts jointly discipline planning-stage arrival, route choice, realization, and observation definitions."
"CW-17","planning_observed_boundary","research_notes/model_notes/01_symbols_and_objects.md","64","legacy-note","","3. Aggregate holder--producer shares must be generated by integration or simulation over heterogeneity."
"CW-17","planning_observed_boundary","research_notes/model_notes/03_assumptions_and_scope.md","7","legacy-note","","3. \(a_i x_i\) is route-planning-stage project arrival. Common downstream clinical and regulatory success remains in \(s_i\), with \(\zeta_i^r=s_i\chi_i^r\)."
"CW-17","planning_observed_boundary","research_notes/model_notes/03_assumptions_and_scope.md","41","legacy-note","","- Planning-stage arrival is upstream of clinical success, approval, launch, and the observed holder--producer arrangement."
"CW-17","planning_observed_boundary","research_notes/model_notes/03_assumptions_and_scope.md","43","legacy-note","","- Approval-side counts and holder--producer splits are realized outcomes, not direct observations of project arrival or scientific productivity."
"CW-17","planning_observed_boundary","research_notes/model_notes/04_comparative_statics_checklist.md","115","legacy-note","","- route-use and realization terms do not offset planning-stage growth;"
"CW-17","planning_observed_boundary","research_notes/model_notes/04_comparative_statics_checklist.md","120","legacy-note","","- Use the aggregate realized-weighted holder--producer share, not an unweighted average and not a representative-firm product."
"CW-17","planning_observed_boundary","research_notes/model_notes/04_comparative_statics_checklist.md","131","legacy-note","","3. multiplies planning-stage CMO demand by \(\zeta_i^E\);"
"CW-17","planning_observed_boundary","research_notes/model_notes/05_calibration_mapping.md","5","calibration-or-empirical;legacy-note","","The baseline is a mechanism calibration. Match feasible realized-outcome moments to composite model objects, state normalizations, and report what the data cannot identify. Do not relabel approval-side records as planning-stage projects."
"CW-17","planning_observed_boundary","research_notes/model_notes/05_calibration_mapping.md","7","calibration-or-empirical;legacy-note","","## 1. Holder--producer split"
"CW-17","planning_observed_boundary","research_notes/model_notes/05_calibration_mapping.md","66","calibration-or-empirical;legacy-note","","Approval or launch counts therefore discipline a composite of \(\beta a_i^2/\kappa\), \(\Gamma_i\), route choice, realization, and the observation definition. They do not identify planning-stage arrivals alone."
"CW-17","planning_observed_boundary","research_notes/model_notes/05_calibration_mapping.md","86","calibration-or-empirical;legacy-note","","These moments discipline supply, background demand, or sensitivity values for \(p_m^*(M,\eta)\). They do not convert the support cost into a product-market price. Do not add \(\zeta_i^E\) to planning-stage support demand."
"CW-17","planning_observed_boundary","research_notes/model_notes/05_calibration_mapping.md","106","calibration-or-empirical;legacy-note","","| Relative entrusted route-realization wedge | Realized holder--producer split | Does not separately identify policy friction, holder burden, support cost, returns, or realization |"
"CW-17","planning_observed_boundary","research_notes/model_notes/06_bellman_accounting.md","45","legacy-note","","| \(G_i^r\) | planning-stage value of route \(r\) | Includes route payoff, continuation increment, and route-planning costs |"
"CW-17","planning_observed_boundary","research_notes/model_notes/06_bellman_accounting.md","46","legacy-note","","| \(\Gamma_{i,t+1}\) | logit inclusive value of one route-planning-stage project | Enters the R&D choice after taking the appropriate conditional expectation |"
"CW-17","planning_observed_boundary","research_notes/model_notes/06_bellman_accounting.md","61","legacy-note","","The planning-stage costs \(C^I\), \(p_m^*\), \(\tau_i^E\), and \(\mu_i^E\) are not multiplied by \(\zeta_i^r\). A success-contingent payment must first be converted to its planning-stage expected cost."
"CW-17","planning_observed_boundary","research_notes/model_notes/08_model_closure_audit.md","13","legacy-note","","| Planning-stage arrival | \(\lambda_i^{plan}=a_i x_i\), upstream of final success and approval | Pass |"
"CW-17","planning_observed_boundary","research_notes/model_notes/08_model_closure_audit.md","55","legacy-note","","| Calibration-facing | realized holder--producer share, realized counts, CMO capacity or support-cost proxies | Match to aggregate or data-specific equations |"
"CW-17","planning_observed_boundary","research_notes/model_notes/08_model_closure_audit.md","67","legacy-note","","6. uses realized output to define planning-stage support demand;"
"CW-17","planning_observed_boundary","research_notes/model_notes/10_main_appendix_consistency_audit.md","21","legacy-note","","| R&D production | \(a_i x_i\) is route-planning-stage project arrival | Consistent |"
"CW-17","planning_observed_boundary","research_notes/model_notes/10_main_appendix_consistency_audit.md","31","legacy-note","","| Observed share | Aggregate realized-weighted holder--producer ratio | Consistent |"
"CW-17","planning_observed_boundary","research_notes/model_notes/10_main_appendix_consistency_audit.md","84","legacy-note","","- no interpretation of approval-side counts as direct planning-stage arrivals."
"CW-17","planning_observed_boundary","research_notes/model_notes/11_proposition_dependency_audit.md","23","legacy-note","","| Logit-weighted R&D response | \(\beta\in(0,1)\), \(\kappa>0\), logit route choice, entrusted route feasible | Lower entrusted friction weakly raises effort and planning-stage arrival, weighted by \(P_i(E)\) | Does not directly sign observed approvals |"
"CW-17","planning_observed_boundary","research_notes/model_notes/11_proposition_dependency_audit.md","24","legacy-note","","| Entrusted realized-output decomposition | \(\lambda_i^{obs,E}=a_i x_i^*P_i(E)\zeta_i^E\) | Changes split into effort, route-choice, and realization components | Approval-side outcomes are not planning-stage arrival |"
"CW-17","planning_observed_boundary","research_notes/model_notes/11_proposition_dependency_audit.md","26","legacy-note","","| Aggregate implication | Fixed firm distribution, positive-measure affected set, no offsetting support-cost or realization movement | Aggregate planning-stage or observed outcomes may rise under explicit sufficient conditions | Private-value and realized-output result, not welfare or general equilibrium |"
"CW-17","planning_observed_boundary","research_notes/model_notes/11_proposition_dependency_audit.md","74","legacy-note","","An observed-output proposition must therefore state assumptions on all three margins. A positive planning-stage effect does not mechanically imply a positive realized-output effect."
"CW-17","planning_observed_boundary","research_notes/model_notes/11_proposition_dependency_audit.md","78","legacy-note","","The observed holder--producer share requires aggregate realized weights. The narrow-cell log-odds equation requires exactly comparable \(I\) and \(E\) retained routes and includes relative realization:"
"CW-17","planning_observed_boundary","research_notes/model_notes/11_proposition_dependency_audit.md","95","legacy-note","","4. inserts \(\zeta_i^E\) into planning-stage support demand;"
"CW-17","planning_observed_boundary","research_notes/model_notes/12_calibration_claim_audit.md","12","calibration-or-empirical;legacy-note","","2. maps holder--producer split to an aggregate realized-weighted ratio;"
"CW-17","planning_observed_boundary","research_notes/model_notes/12_calibration_claim_audit.md","16","calibration-or-empirical;legacy-note","","6. keeps \(D_m^B\) and planning-stage entrusted demand in CMO closure;"
"CW-17","planning_observed_boundary","research_notes/model_notes/12_calibration_claim_audit.md","26","calibration-or-empirical;legacy-note","","| Holder--producer split among comparable realized retained original drugs | Aggregate realized-weighted \(s_E^{obs}(M,\eta)\) | Composite route attractiveness and realization | A primitive policy friction or a representative-firm route probability |"
"CW-17","planning_observed_boundary","research_notes/model_notes/12_calibration_claim_audit.md","33","calibration-or-empirical;legacy-note","","## 4. Canonical holder--producer moment"
"CW-17","planning_observed_boundary","research_notes/model_notes/12_calibration_claim_audit.md","72","calibration-or-empirical;legacy-note","","- jointly disciplines planning-stage arrival and downstream realization;"
"CW-18","transfer_route","paper/manuscript/mah_route_indicator_friction_model.tex","84","narrative-paragraph","","\theta_i=(a_i,k_i,h_i^I,q_i^E,\mu_i^E,S_i,\tau_i^T),"
"CW-18","transfer_route","paper/manuscript/mah_route_indicator_friction_model.tex","86","narrative-paragraph","","where $a_i$ is effective research productivity in generating route-planning-stage projects, $k_i$ indexes internal manufacturing capability, $h_i^I$ indicates whether internal production is feasible, $q_i^E$ indicates technical and regulatory eligibility for qualified entrusted production, $\mu_i^E$ is the residual holder-side burden under entrusted production, $S_i$ is the gross non-retained transfer or out-licensing value, and $\tau_i^T$ is the transfer-route friction. The indicator $q_i^E$ does not mean that a producer match has already been secured; scarcity and matching pressure are summarized by the equilibrium support cost below. Project subscripts are suppressed in the main text."
"CW-18","transfer_route","paper/manuscript/mah_route_indicator_friction_model.tex","103","narrative-paragraph","","Here $I$ is internal production, $E$ is retained entrusted production, $T$ is a non-retained transfer, sale, or out-licensing option, and $A$ is abandonment or delay."
"CW-18","transfer_route","paper/manuscript/mah_route_indicator_friction_model.tex","121","equation","eq:GA;eq:GE;eq:GI;eq:GT","G_i^T&=S_i-\tau_i^T,"
"CW-18","transfer_route","paper/manuscript/mah_route_indicator_friction_model.tex","126","narrative-paragraph","","The costs $C^I(k_i)$, $p_m$, $\tau_i^E$, and $\mu_i^E$ are expected planning-stage commitments and resource costs, so they are not multiplied by $\zeta_i^r$. If a component is paid only after realization, its success-contingent expectation is included in the corresponding cost object. This convention prevents success probabilities from being counted twice. The transfer route is non-retained; abandonment or delay is the normalized outside option."
"CW-18","transfer_route","paper/manuscript/mah_route_indicator_friction_model.tex","135","narrative-paragraph","","The transfer value $S_i-\tau_i^T$ is kept exogenous in the baseline. A Grossman-Hart-Moore-style outside-option interpretation is useful, but it is not added as a main state variable \citep{GrossmanHart1986,HartMoore1990}."
"CW-18","transfer_route","paper/manuscript/mah_route_indicator_friction_model_appendix.tex","92","appendix;narrative-paragraph","","Firm primitives & $a_i,\kappa,k_i,h_i^I,q_i^E,\mu_i^E,S_i,\tau_i^T$ & Taken as firm characteristics or cost parameters & Not separately identified from approval records alone \\"
"CW-18","transfer_route","paper/manuscript/mah_route_indicator_friction_model_appendix.tex","129","appendix;narrative-paragraph","","(h_i^I,q_i^E,S_i,\tau_i^T,\mu_i^E)."
"CW-18","transfer_route","paper/manuscript/mah_route_indicator_friction_model_appendix.tex","131","appendix;narrative-paragraph","","The indicator $h_i^I\in\{0,1\}$ records whether the firm can feasibly use internal production for the opportunity. The indicator $q_i^E\in\{0,1\}$ records technical and regulatory eligibility for qualified entrusted production; it does not assert that a producer match has already been secured. Support scarcity and matching pressure operate through $p_m^*$. In a project-producer version this object can be written as $q_{im}^E$. The object $S_i-\tau_i^T$ is the net non-retained transfer outside option defined below. The object $\mu_i^E\ge0$ is the residual holder-side burden of using entrusted production after MAH makes the retained external route feasible: quality-control work, technical transfer, producer supervision, and cross-firm coordination that remain with the holder. This burden is not lowered mechanically by MAH in the baseline. The full incumbent distribution is therefore $H(\theta_i)$, where $\theta_i=(a_i,k_i,h_i^I,q_i^E,S_i,\tau_i^T,\mu_i^E)$."
"CW-18","transfer_route","paper/manuscript/mah_route_indicator_friction_model_appendix.tex","185","appendix;narrative-paragraph","","Here $I$ is internal production, $E$ is entrusted production while retaining MAH, $T$ is a non-retained outside option such as transfer, sale, or out-licensing that removes the opportunity from the innovating firm's retained stock, and $A$ is abandonment or delay. This discrete route set follows the commercialization-strategy logic in which innovators choose between internal development and external technology-market arrangements depending on the availability of a market for technology or ideas \citep{AroraFosfuriGambardella2001,GansStern2003}. The special case $h_i^I=0$ is important for research-oriented firms without internal manufacturing capacity, but it is not imposed as a universal theory assumption."
"CW-18","transfer_route","paper/manuscript/mah_route_indicator_friction_model_appendix.tex","213","appendix;narrative-paragraph","","$R^{event}_{i,t+1}$ and $\bar R^E_{ip,t+1}$ are route-period commercialization payoffs and exclude the continuation value of keeping the product in the innovating firm's retained stock. Continuation value is represented separately by $v_{t+1}$. The route $T$ is a non-retained outside option: after transfer, sale, or non-retained out-licensing, the innovating firm receives $S_i-\tau_i^T$ but does not add the product to its retained stock. A retained licensing arrangement would be a different route and is not modeled separately here."
"CW-18","transfer_route","paper/manuscript/mah_route_indicator_friction_model_appendix.tex","217","appendix;narrative-paragraph","","The route $T$ is a non-retained outside option. It includes transfer, sale, or non-retained out-licensing arrangements under which the innovating firm receives a net payment but does not add the product to its retained stock. We write this payoff as"
"CW-18","transfer_route","paper/manuscript/mah_route_indicator_friction_model_appendix.tex","219","appendix;equation","eq:transfer_payoff","b^T_i=S_i-\tau_i^T."
"CW-18","transfer_route","paper/manuscript/mah_route_indicator_friction_model_appendix.tex","222","appendix;narrative-paragraph","","The object $S_i$ is the gross expected non-retained transfer value, and $\tau_i^T$ is the transaction or contracting friction associated with that outside option. In the baseline, $S_i-\tau_i^T$ is taken as exogenous. This is conservative: MAH may also improve the innovator's transfer bargaining position by giving it a credible retained commercialization outside option. Appendix \ref{sec:ghm_extension} gives a reduced-form version of this Grossman-Hart-Moore-style hold-up channel. A useful special case is"
"CW-18","transfer_route","paper/manuscript/mah_route_indicator_friction_model_appendix.tex","259","appendix;equation","eq:GA;eq:GE;eq:GI;eq:GT","G^T_{i,t+1} &= S_i-\tau_i^T,\label{eq:GT}\\"
"CW-18","transfer_route","paper/manuscript/mah_route_indicator_friction_model_appendix.tex","267","appendix;narrative-paragraph","","so higher manufacturing ability lowers internal production cost. Here $p^*_{m,t+1}(M_{t+1},\eta_{t+1})$ is the equilibrium project-level effective cost of obtaining qualified entrusted manufacturing support. It summarizes support scarcity, production-readiness support, technology-transfer preparation, and capacity occupation at the level needed for the route decision; it is not a per-unit marginal cost inside the demand system. The separate object $\tau^E_{i,t+1}$ captures the MAH-reducible policy and contractual friction of the retained external route. The residual burden $\mu_i^E$ captures holder-side monitoring, quality-control, technical-transfer, and coordination costs that remain even when the route is legally supported. $S_i-\tau_i^T$ is the net value of the non-retained outside option."
"CW-18","transfer_route","paper/manuscript/mah_route_indicator_friction_model_appendix.tex","1164","appendix;calibration-or-empirical;narrative-paragraph","","The baseline treats the non-retained transfer value $S_i$ as exogenous. This is conservative because MAH may improve the innovator's bargaining position even when the innovator ultimately transfers, sells, or out-licenses the project. In the property-rights logic of \citet{GrossmanHart1986} and \citet{HartMoore1990}, control over an asset can strengthen outside options and reduce hold-up risk."
"CW-18","transfer_route","research_notes/model_notes/01_symbols_and_objects.md","31","legacy-note","","| \(S_i-\tau_i^T\) | net value of the non-retained transfer route | Exogenous outside option in the baseline |"
"CW-18","transfer_route","research_notes/model_notes/02_equation_dependency_map.md","43","legacy-note","","G_i^T=S_i-\tau_i^T,"
"CW-18","transfer_route","research_notes/model_notes/06_bellman_accounting.md","63","legacy-note","","The transfer route is non-retained:"
"CW-18","transfer_route","research_notes/model_notes/06_bellman_accounting.md","66","legacy-note","","G_i^T=S_i-\tau_i^T,"
"CW-18","transfer_route","research_notes/model_notes/08_model_closure_audit.md","51","legacy-note","","| Primitive or maintained | \(a_i,\kappa,k_i,h_i^I,q_i^E,\mu_i^E,S_i,\tau_i^T,\beta,\sigma_r\) | Do not claim approval-side identification |"
"CW-18","transfer_route","research_notes/model_notes/11_proposition_dependency_audit.md","9","legacy-note","","| Maintained primitives | \(a_i,\kappa,\beta,k_i,h_i^I,q_i^E,\mu_i^E,S_i,\tau_i^T,\sigma_r\) |"
"CW-19","entry","paper/manuscript/mah_route_indicator_friction_model.tex","60","narrative-paragraph","","The model is deliberately narrow. It is not a full dynamic structural model of the pharmaceutical industry. It does not solve product-market clearing, R\&D input-market clearing, free entry, exit, or an invariant firm distribution. The baseline closes only the market directly tied to the MAH mechanism: the market for qualified contract-manufacturing support. This single closure is important because MAH-induced demand for retained entrusted production support can raise the effective support cost $p_m^*(M,\eta)$, preventing the model from mechanically implying that MAH increases innovation for all firms."
"CW-19","entry","paper/manuscript/mah_route_indicator_friction_model.tex","374","calibration-or-empirical;narrative-paragraph","","Entry-cost distribution $F_e$ & Firm-year research-oriented entry panel & Future or sensitivity module unless credible entry data are merged. \\"
"CW-19","entry","paper/manuscript/mah_route_indicator_friction_model.tex","379","calibration-or-empirical;narrative-paragraph","","Three calibration boundaries follow. First, route-use moments should be interpreted as evidence about relative route attractiveness and realization among comparable retained products, not as a direct estimate of the MAH policy treatment. Second, original-drug counts discipline a composite scale combining R\&D effort, research productivity, route choice, and realization probabilities. Third, entry should not be a baseline calibrated outcome unless the data contain a credible firm-year entry panel and pre-reform capability measures."
"CW-19","entry","paper/manuscript/mah_route_indicator_friction_model.tex","381","calibration-or-empirical;narrative-paragraph","","The baseline empirical exercise should therefore focus on approval-side realized-product moments: realized original-drug counts, original-drug shares, holder-producer splits, and heterogeneity by pre-reform manufacturing capability where available. Application-to-approval conversion, true project-level success probabilities, CMO support-cost proxies, and research-oriented entry are natural future modules, but they should not be treated as already identified by approval-side records alone."
"CW-19","entry","paper/manuscript/mah_route_indicator_friction_model.tex","383","calibration-or-empirical;narrative-paragraph","","The formal appendix documents the corresponding moment equations, route-share log-odds mapping, and entry-module boundary. This separation is intentional: the main paper states what the feasible moments can support, while the appendix records the algebra behind that claim."
"CW-19","entry","paper/manuscript/mah_route_indicator_friction_model_appendix.tex","57","appendix;narrative-paragraph","","The baseline remains intentionally narrow: a partial-equilibrium dynamic route-choice model with one CMO support-market closure. The appendix does not convert the paper into a product-market GE model, an R\&D input-market GE model, a complete free-entry and exit model, a welfare model, or a full bargaining model."
"CW-19","entry","paper/manuscript/mah_route_indicator_friction_model_appendix.tex","64","appendix;narrative-paragraph","","The baseline model is a partial-equilibrium dynamic route-choice model with one market closure. It takes as given the market-return environment, the distributions of incumbent and potential entrant characteristics, the distribution of qualified producer characteristics, and the institutional regime. It endogenizes only the effective cost of qualified contract-manufacturing support through the market-clearing condition below. Firms choose original-drug R\&D intensity before successful projects are fully realized. A project that reaches the route-planning and manufacturing-preparation stage must identify a feasible manufacturing and commercialization route before final approval, MAH authorization, launch, or other observed realization occurs."
"CW-19","entry","paper/manuscript/mah_route_indicator_friction_model_appendix.tex","74","appendix;narrative-paragraph","","where $R_t$ is the market-return shifter, $H$ is the distribution of incumbent firm characteristics $\theta_i$, $G_N$ is the distribution of potential entrant characteristics, $H_C$ is the distribution of qualified contract-manufacturing capacity, $M_t\in\{0,1\}$ is the institutional regime, and $\eta_t\in[0,1]$ is post-MAH implementation intensity, with $\eta_t=0$ by convention when $M_t=0$. The equilibrium support cost $p_{m,t}^*(M_t,\eta_t)$ is determined by"
"CW-19","entry","paper/manuscript/mah_route_indicator_friction_model_appendix.tex","81","appendix;narrative-paragraph","","The model does not solve for product-market clearing, R\&D input-market clearing, free-entry zero-profit conditions, firm exit, or an invariant industry distribution. Its purpose is to characterize how MAH-induced route-set expansion, entrusted-route friction reduction, realization probabilities, and the contract-manufacturing support-cost response affect the private opportunity value $\Gamma_i$, R\&D intensity $x_i^*$, and observed realized original-drug outcomes."
"CW-19","entry","paper/manuscript/mah_route_indicator_friction_model_appendix.tex","96","appendix;narrative-paragraph","","Calibration-facing modules & Route use, realized original-drug counts, CMO capacity or price proxies, entry moments & Used according to data availability & Entry is a future or sensitivity module without a firm-year entry panel \\"
"CW-19","entry","paper/manuscript/mah_route_indicator_friction_model_appendix.tex","681","appendix;narrative-paragraph","","\section{Aggregate Response Modules: Incumbents, Potential Entrants, and Expected Drug Counts}"
"CW-19","entry","paper/manuscript/mah_route_indicator_friction_model_appendix.tex","683","appendix;narrative-paragraph","","Let $H_I(\theta,n)$ be the distribution of incumbents and let $G_N(\theta)$ be the distribution of potential entrants, where $\theta=(a,k,h^I,q^E,S,\tau^T,\mu^E)$. Let $f^e$ be an entry cost with conditional cumulative distribution $F_e(\cdot\mid\theta)$ and density $f_e(\cdot\mid\theta)$."
"CW-19","entry","paper/manuscript/mah_route_indicator_friction_model_appendix.tex","685","appendix;narrative-paragraph","","The entry block is not a full free-entry equilibrium condition in the baseline model. It is a response module that maps the post-entry value $A(\theta,M)$ into potential research-oriented entry through an entry-cost distribution $F_e$. In the current approval-side data environment, this module should be interpreted as a future calibration or sensitivity exercise unless a credible firm-year entry panel is available."
"CW-19","entry","paper/manuscript/mah_route_indicator_friction_model_appendix.tex","687","appendix;narrative-paragraph","","The stationary entrant value, excluding old stock, is"
"CW-19","entry","paper/manuscript/mah_route_indicator_friction_model_appendix.tex","693","appendix;equation","eq:entrant_value","\label{eq:entrant_value}"
"CW-19","entry","paper/manuscript/mah_route_indicator_friction_model_appendix.tex","695","appendix;narrative-paragraph","","A potential entrant enters if $A(\theta,M)\ge f^e$. Therefore the mass of entrants is"
"CW-19","entry","paper/manuscript/mah_route_indicator_friction_model_appendix.tex","697","appendix;equation","eq:entrymass","N_E(M)="
"CW-19","entry","paper/manuscript/mah_route_indicator_friction_model_appendix.tex","699","appendix;equation","eq:entrymass","F_e\!\left(A(\theta,M)\mid\theta\right)"
"CW-19","entry","paper/manuscript/mah_route_indicator_friction_model_appendix.tex","701","appendix;equation","eq:entrymass","\label{eq:entrymass}"
"CW-19","entry","paper/manuscript/mah_route_indicator_friction_model_appendix.tex","703","appendix;narrative-paragraph","","For a potential entrant with fixed $\theta_i$ and entry cost $f_i^e$, MAH strictly changes the entry decision only when"
"CW-19","entry","paper/manuscript/mah_route_indicator_friction_model_appendix.tex","705","appendix;equation","eq:entry_threshold","\Delta Entry_i>0"
"CW-19","entry","paper/manuscript/mah_route_indicator_friction_model_appendix.tex","710","appendix;equation","eq:entry_threshold","\label{eq:entry_threshold}"
"CW-19","entry","paper/manuscript/mah_route_indicator_friction_model_appendix.tex","712","appendix;narrative-paragraph","","Thus MAH does not make all potential entrants enter. It pushes across the entry threshold only those potential entrants whose entry costs lie between the pre-MAH and post-MAH operation values."
"CW-19","entry","paper/manuscript/mah_route_indicator_friction_model_appendix.tex","727","appendix;equation","eq:dEntrydtau","\frac{\partial N_E(1)}{\partial \tau^E}"
"CW-19","entry","paper/manuscript/mah_route_indicator_friction_model_appendix.tex","730","appendix;equation","eq:dEntrydtau","f_e\!\left(A(\theta,1)\mid\theta\right)"
"CW-19","entry","paper/manuscript/mah_route_indicator_friction_model_appendix.tex","734","appendix;equation","eq:dEntrydtau","\label{eq:dEntrydtau}"
"CW-19","entry","paper/manuscript/mah_route_indicator_friction_model_appendix.tex","736","appendix;narrative-paragraph","","This is the standard entry logic that higher post-entry value attracts additional entrants \citep{BresnahanReiss1991,Berry1992}, here applied to research-oriented entry."
"CW-19","entry","paper/manuscript/mah_route_indicator_friction_model_appendix.tex","760","appendix;narrative-paragraph","","Holding the potential entrant pool fixed, the model-implied route-planning project count from entrants is"
"CW-19","entry","paper/manuscript/mah_route_indicator_friction_model_appendix.tex","765","appendix;equation","eq:LambdaN","F_e\!\left(A(\theta,M)\mid\theta\right)"
"CW-19","entry","paper/manuscript/mah_route_indicator_friction_model_appendix.tex","771","appendix;narrative-paragraph","","Holding the distribution of incumbent characteristics and the potential entrant pool fixed, the model-implied aggregate planning-stage project count is"
"CW-19","entry","paper/manuscript/mah_route_indicator_friction_model_appendix.tex","788","appendix;narrative-paragraph","","The entrant-margin derivative is"
"CW-19","entry","paper/manuscript/mah_route_indicator_friction_model_appendix.tex","793","appendix;equation","eq:dLambdaN","F_e\!\left(A(\theta,1)\mid\theta\right)"
"CW-19","entry","paper/manuscript/mah_route_indicator_friction_model_appendix.tex","802","appendix;equation","eq:dLambdaN","f_e\!\left(A(\theta,1)\mid\theta\right)"
"CW-19","entry","paper/manuscript/mah_route_indicator_friction_model_appendix.tex","808","appendix;narrative-paragraph","","If the optional entry module is activated, both entrant-margin terms are weakly negative by equation \eqref{eq:dGammadTau_logit} and equation \eqref{eq:dAdtau}. Therefore, within that extended module,"
"CW-19","entry","paper/manuscript/mah_route_indicator_friction_model_appendix.tex","813","appendix;narrative-paragraph","","A reduction in entrusted-production friction weakly increases the fixed-distribution aggregate response through incumbent intensity, and through potential entrant response only when the entry module is explicitly used."
"CW-19","entry","paper/manuscript/mah_route_indicator_friction_model_appendix.tex","821","appendix;proposition","eq:agg_prop_derivative","so $\dd\tau^E<0$ implies $\dd\Lambda_I^{plan}\ge0$ through the friction channel. With endogenous CMO pricing, the same conclusion requires the response in $p_m^*(M,\eta)$ not to offset the entrusted-route value gain. The increase is strict if a positive-measure set of incumbents has $a>0$, positive inclusive-value response, and positive entrusted-route probability. If a credible firm-year entry panel is available and the optional entry module is activated, the same sign logic can be extended to potential entrants through $F_e$, but that is not a baseline empirical conclusion."
"CW-19","entry","paper/manuscript/mah_route_indicator_friction_model_appendix.tex","825","appendix;narrative-paragraph","","Equation \eqref{eq:dLambdaI} implies equation \eqref{eq:agg_prop_derivative}. Strictness follows when $\partial\Gamma^1/\partial\tau^E<0$ on a positive-measure set of incumbent firms. Equation \eqref{eq:dLambdaN} gives the analogous optional entry-module term."
"CW-19","entry","paper/manuscript/mah_route_indicator_friction_model_appendix.tex","855","appendix;calibration-or-empirical;narrative-paragraph","","$N_E$ and $F_e$ & Research-oriented entry and entry-cost distribution & First appearance in original-drug applications, clinical-trial sponsorship, or holder records & Future or sensitivity module unless firm-year entry data are merged \\"
"CW-19","entry","paper/manuscript/mah_route_indicator_friction_model_appendix.tex","874","appendix;calibration-or-empirical;narrative-paragraph","","where $s^{E,data}_{post}$ is the post-MAH holder--producer split share among comparable original-drug records and $\bar\lambda^{O,obs,data}_{0}$ is a baseline realized original-drug count. A research-oriented entry moment $N_E^{data}$ should be added only when a credible firm-year entry panel is available. The demand-side control vector $d_t^{data}$ can be reported alongside these moments or used in sensitivity checks for $R^{event}$ and $\bar R^E$."
"CW-19","entry","paper/manuscript/mah_route_indicator_friction_model_appendix.tex","885","appendix;calibration-or-empirical;narrative-paragraph","","where $\omega_E$ denotes a composite route-realization wedge that includes $p_m^*$, $\tau^E$, $\mu^E$, $\zeta^E$, and the route-choice scale $\sigma_r$ relative to internal production or another retained route, and $\alpha_O$ denotes the composite innovation-arrival scale $\beta a^2/\kappa$. If a credible research-oriented entry panel is available, the parameter vector can be augmented with $\mu_e$, which indexes a parsimonious entry-cost distribution. Without such a panel, $\mu_e$ is not part of the baseline approval-side calibration."
"CW-19","entry","paper/manuscript/mah_route_indicator_friction_model_appendix.tex","956","appendix;calibration-or-empirical;narrative-paragraph","","\subsection{Count and entry blocks}"
"CW-19","entry","paper/manuscript/mah_route_indicator_friction_model_appendix.tex","971","appendix;calibration-or-empirical;narrative-paragraph","","Entrant counts discipline the entry-cost distribution only when the data contain a credible firm-year measure of research-oriented entry. From equation \eqref{eq:entrymass},"
"CW-19","entry","paper/manuscript/mah_route_indicator_friction_model_appendix.tex","973","appendix;calibration-or-empirical;equation","eq:entry_calib","N_E(M)="
"CW-19","entry","paper/manuscript/mah_route_indicator_friction_model_appendix.tex","975","appendix;calibration-or-empirical;equation","eq:entry_calib","F_e\!\left(A(\theta,M)\mid\theta\right)"
"CW-19","entry","paper/manuscript/mah_route_indicator_friction_model_appendix.tex","977","appendix;calibration-or-empirical;equation","eq:entry_calib","\label{eq:entry_calib}"
"CW-19","entry","paper/manuscript/mah_route_indicator_friction_model_appendix.tex","979","appendix;calibration-or-empirical;narrative-paragraph","","With only approval-side records, the entry block should be kept as a future module or sensitivity exercise."
"CW-19","entry","paper/manuscript/mah_route_indicator_friction_model_appendix.tex","1033","appendix;calibration-or-empirical;narrative-paragraph","","\item Research-oriented entry:"
"CW-19","entry","paper/manuscript/mah_route_indicator_friction_model_appendix.tex","1037","appendix;calibration-or-empirical;narrative-paragraph","","This disciplines the entry-cost distribution only when a credible firm-year entry panel is available."
"CW-19","entry","paper/manuscript/mah_route_indicator_friction_model_appendix.tex","1056","appendix;calibration-or-empirical;narrative-paragraph","","These moments are not all available in the current approval-side data. The current baseline should use feasible approval-side moments and reserve conversion, entry, and detailed producer-side moments for future merged data modules or sensitivity checks."
"CW-19","entry","paper/manuscript/mah_route_indicator_friction_model_appendix.tex","1159","appendix;calibration-or-empirical;narrative-paragraph","","The complete CMO market is stated once in Section \ref{sec:cm_market_baseline}: equation \eqref{eq:cm_demand_baseline} defines background plus MAH-project demand, equation \eqref{eq:cm_supply_baseline} defines supply, Lemma \ref{lem:cmo_existence} establishes existence and uniqueness, and equations \eqref{eq:D_eta_expanded}--\eqref{eq:dGammadeta_appendix} derive the price feedback. This auxiliary section deliberately does not restate a second market-clearing system. The model closes no product market, R\&D input market, entry margin, or invariant firm distribution."
"CW-19","entry","paper/manuscript/mah_route_indicator_friction_model_appendix.tex","1180","appendix;calibration-or-empirical;narrative-paragraph","","\item the distribution of research-oriented entry costs, kept as a future or sensitivity module when the current data do not contain a firm-entry panel."
"CW-19","entry","paper/manuscript/mah_route_indicator_friction_model_appendix.tex","1205","appendix;calibration-or-empirical;narrative-paragraph","","The moment $m$ can be a route-use share, an original-drug count, an entrant count, an original-drug share, or a holder--producer split. A moment is not a new structural variable. It is the empirical bridge between the model and the data."
"CW-19","entry","paper/manuscript/mah_route_indicator_friction_model_appendix.tex","1222","appendix;calibration-or-empirical;narrative-paragraph","","Entrant counts & Research-oriented entrant counts or proxies, only with a credible firm-year panel & $N_E(M)=\int F_e(A(\theta,M)\mid\theta)dG_N(\theta)$ & Future module: entry-cost distribution $F_e$ \\"
"CW-19","entry","paper/manuscript/mah_route_indicator_friction_model_appendix.tex","1241","appendix;calibration-or-empirical;narrative-paragraph","","&\Rightarrow\ N_E"
"CW-19","entry","paper/manuscript/mah_route_indicator_friction_model_appendix.tex","1242","appendix;calibration-or-empirical;narrative-paragraph","","\text{ remains an optional entry-module response}."
"CW-19","entry","paper/manuscript/mah_route_indicator_friction_model_appendix.tex","1246","appendix;calibration-or-empirical;narrative-paragraph","","Here $\tau^E$ is the MAH-reducible policy and contractual friction of the external commercialization route, $\mu^E$ is the residual holder-side monitoring and quality-control burden, $\zeta^r=s_i\chi_i^r$ is the composite realization probability, $\Gamma$ is the logit inclusive value of a route-planning original-drug project, $x^*$ is optimal original-drug R\&D intensity, $\lambda^{plan,*}$ is the planning-stage project arrival rate, $\lambda^{obs,d,*}$ is the data-specific realized-output counterpart, $\Lambda^{plan,agg}$ is aggregate expected planning-stage projects for a fixed incumbent distribution, and $N_E$ is research-oriented entry only in the optional entry module."
"CW-19","entry","paper/manuscript/mah_route_indicator_friction_model_appendix.tex","1443","appendix;calibration-or-empirical;narrative-paragraph","","\section{Entry Counts and Entry-Cost Distribution}"
"CW-19","entry","paper/manuscript/mah_route_indicator_friction_model_appendix.tex","1447","appendix;calibration-or-empirical;narrative-paragraph","","A potential entrant enters if post-entry value exceeds entry cost:"
"CW-19","entry","paper/manuscript/mah_route_indicator_friction_model_appendix.tex","1449","appendix;calibration-or-empirical;narrative-paragraph","","A(\theta,M)\ge f_e."
"CW-19","entry","paper/manuscript/mah_route_indicator_friction_model_appendix.tex","1451","appendix;calibration-or-empirical;narrative-paragraph","","The post-entry value is"
"CW-19","entry","paper/manuscript/mah_route_indicator_friction_model_appendix.tex","1458","appendix;calibration-or-empirical;narrative-paragraph","","If $f_e$ has conditional distribution function $F_e(\cdot\mid\theta)$, the entry probability is"
"CW-19","entry","paper/manuscript/mah_route_indicator_friction_model_appendix.tex","1460","appendix;calibration-or-empirical;narrative-paragraph","","\Pr(f_e\le A(\theta,M)\mid\theta)"
"CW-19","entry","paper/manuscript/mah_route_indicator_friction_model_appendix.tex","1462","appendix;calibration-or-empirical;narrative-paragraph","","F_e(A(\theta,M)\mid\theta)."
"CW-19","entry","paper/manuscript/mah_route_indicator_friction_model_appendix.tex","1464","appendix;calibration-or-empirical;narrative-paragraph","","Aggregating over potential entrants gives"
"CW-19","entry","paper/manuscript/mah_route_indicator_friction_model_appendix.tex","1466","appendix;calibration-or-empirical;narrative-paragraph","","N_E(M)="
"CW-19","entry","paper/manuscript/mah_route_indicator_friction_model_appendix.tex","1468","appendix;calibration-or-empirical;narrative-paragraph","","F_e(A(\theta,M)\mid\theta)"
"CW-19","entry","paper/manuscript/mah_route_indicator_friction_model_appendix.tex","1471","appendix;calibration-or-empirical;narrative-paragraph","","For a fixed potential entrant, the strict entry-response region is"
"CW-19","entry","paper/manuscript/mah_route_indicator_friction_model_appendix.tex","1477","appendix;calibration-or-empirical;narrative-paragraph","","This threshold statement mirrors the firm-level route-choice result: MAH changes entry only for potential entrants whose entry costs are between the pre-MAH and post-MAH values. In the logit baseline, $\Gamma^M$ is the inclusive value rather than a deterministic maximum."
"CW-19","entry","paper/manuscript/mah_route_indicator_friction_model_appendix.tex","1481","appendix;calibration-or-empirical;narrative-paragraph","","The ideal data moment is the number of research-oriented entrants, not the number of all newly registered pharmaceutical firms. Examples include:"
"CW-19","entry","paper/manuscript/mah_route_indicator_friction_model_appendix.tex","1491","appendix;calibration-or-empirical;narrative-paragraph","","Entry_{it}^{R}=1"
"CW-19","entry","paper/manuscript/mah_route_indicator_friction_model_appendix.tex","1495","appendix;calibration-or-empirical;narrative-paragraph","","N_{E,t}^{data}=\sum_i Entry_{it}^{R}."
"CW-19","entry","paper/manuscript/mah_route_indicator_friction_model_appendix.tex","1500","appendix;calibration-or-empirical;narrative-paragraph","","A current approval-side realized-product file is typically not a firm-entry panel. Observing that a firm first appears in an approval record is not equivalent to observing true firm entry or research-oriented entry. There are three reasons:"
"CW-19","entry","paper/manuscript/mah_route_indicator_friction_model_appendix.tex","1507","appendix;calibration-or-empirical;narrative-paragraph","","Therefore, entrant-count calibration should not be a baseline result in the current data environment. It should be kept as a future data module or as a sensitivity appendix. A serious calibration of $F_e$ requires a merged firm-year entry panel, business registration data, CDE application data, and firm-capability data."
"CW-19","entry","paper/manuscript/mah_route_indicator_friction_model_appendix.tex","1509","appendix;calibration-or-empirical;narrative-paragraph","","\subsection{How to Calibrate Entry Costs}"
"CW-19","entry","paper/manuscript/mah_route_indicator_friction_model_appendix.tex","1513","appendix;calibration-or-empirical;narrative-paragraph","","f_e\sim \text{Exponential}(\mu_e),"
"CW-19","entry","paper/manuscript/mah_route_indicator_friction_model_appendix.tex","1517","appendix;calibration-or-empirical;narrative-paragraph","","F_e(A)=1-\exp(-A/\mu_e)."
"CW-19","entry","paper/manuscript/mah_route_indicator_friction_model_appendix.tex","1519","appendix;calibration-or-empirical;narrative-paragraph","","With a credible firm-year entry panel, the pre-MAH entry rate can be used to match $\mu_e$, and the post-MAH change in $\Gamma^M$ can then be used to predict the post-MAH entry response. Without such a panel, $\mu_e$ is only a sensitivity parameter. A lognormal distribution is also possible, but if the data are thin, it is better not to introduce too many shape parameters."
"CW-19","entry","paper/manuscript/mah_route_indicator_friction_model_appendix.tex","1521","appendix;calibration-or-empirical;narrative-paragraph","","The interpretation should be modest: this step does not estimate each potential entrant's true entry cost. It checks whether the entry margin moves in the direction predicted by a lower external commercialization wedge."
"CW-19","entry","paper/manuscript/mah_route_indicator_friction_model_appendix.tex","1549","appendix;calibration-or-empirical;narrative-paragraph","","\subsection{Module C: Future Firm-Capability and Entry Panel}"
"CW-19","entry","paper/manuscript/mah_route_indicator_friction_model_appendix.tex","1555","appendix;calibration-or-empirical;narrative-paragraph","","\item research-oriented entry;"
"CW-19","entry","paper/manuscript/mah_route_indicator_friction_model_appendix.tex","1558","appendix;calibration-or-empirical;narrative-paragraph","","These moments are needed to calibrate the firm-characteristic distribution, $F_e$, and heterogeneous responses more credibly."
"CW-19","entry","research_notes/model_notes/00_model_closure_status.md","10","legacy-note","","The baseline is a partial-equilibrium commercialization-route model. It closes only the market for qualified contract-manufacturing support. Product markets, R&D input markets, entry, exit, and the firm distribution remain exogenous or outside the baseline."
"CW-19","entry","research_notes/model_notes/03_assumptions_and_scope.md","37","legacy-note","","No product-market, R&D-input, labor, capital, entry, exit, or invariant-distribution equilibrium is added."
"CW-19","entry","research_notes/model_notes/03_assumptions_and_scope.md","59","legacy-note","","- free entry and an entry-cost distribution;"
"CW-19","entry","research_notes/model_notes/05_calibration_mapping.md","96","calibration-or-empirical;legacy-note","","## 5. Entry"
"CW-19","entry","research_notes/model_notes/05_calibration_mapping.md","98","calibration-or-empirical;legacy-note","","An entry-cost distribution can be disciplined only with a credible firm-year measure of research-oriented entry, such as first application, trial sponsorship, or holder activity with a defensible timing rule. With approval-side product records alone, entry remains a future or sensitivity module."
"CW-19","entry","research_notes/model_notes/05_calibration_mapping.md","109","calibration-or-empirical;legacy-note","","| Entry-cost distribution | Credible firm-year research-entry panel | Exclude from baseline when such data are absent |"
"CW-19","entry","research_notes/model_notes/08_model_closure_audit.md","56","legacy-note","","| Out of scope | product-market equilibrium, free entry, exit, invariant distribution, welfare | Add only as explicit extensions |"
"CW-19","entry","research_notes/model_notes/08_model_closure_audit.md","79","legacy-note","","- Entry, producer matching, cross-cell substitution, and welfare require additional modules."
"CW-19","entry","research_notes/model_notes/10_main_appendix_consistency_audit.md","80","legacy-note","","- no baseline free entry, exit, or invariant distribution;"
"CW-19","entry","research_notes/model_notes/12_calibration_claim_audit.md","20","calibration-or-empirical;legacy-note","","10. keeps entry and welfare outside the baseline claim."
"CW-19","entry","research_notes/model_notes/12_calibration_claim_audit.md","31","calibration-or-empirical;legacy-note","","| Firm-year research entry | Entry module, if credibly measured | Entry-cost distribution | Baseline identification from product approvals alone |"
"CW-19","entry","research_notes/model_notes/12_calibration_claim_audit.md","82","calibration-or-empirical;legacy-note","","- approval-side data identify entry costs;"
"CW-20","x_semantics","paper/manuscript/mah_route_indicator_friction_model.tex","44","narrative-paragraph","","This paper develops a partial-equilibrium mechanism model of how China's Marketing Authorization Holder (MAH) system can affect original-drug innovation. Firms choose original-drug R\&D while anticipating the manufacturing and commercialization route available if a project advances. Before final clinical success and marketing approval are realized, a developer without sufficient internal manufacturing capacity must form a manufacturing plan and identify qualified production support, even though the formal entrusted-production arrangement and MAH approval are realized only later. MAH affects expected R\&D value by adding a regulated holder--producer separation route, lowering the route-specific policy and contractual friction of that retained external route, and changing the composite probability that a route-planning project becomes an observed approval or launch. The baseline closes only the qualified contract-manufacturing support market, generating an endogenous effective service cost $p_m^*(M,\eta)$ that can attenuate the reform's effect. The model does not treat MAH as a demand shock, a scientific-productivity shock, a removal of holder responsibility, or a universal reduction in all commercialization costs. It delivers comparative statics for route value, R\&D intensity, and observed realized original-drug outcomes, and it clarifies which data moments can discipline composite objects in a mechanism calibration."
"CW-20","x_semantics","paper/manuscript/mah_route_indicator_friction_model.tex","78","narrative-paragraph","","There are two periods within the firm problem. In period $t$, firm $i$ chooses original-drug R\&D effort $x_i$ while anticipating future route feasibility. In period $t+1$, a random set of projects reaches the route-planning and manufacturing-preparation stage. Each such project chooses a route and, if it plans to use entrusted production, demands qualified production support before final clinical, regulatory, and implementation outcomes are known. Final approval, launch, and the observed holder--producer arrangement are realized only afterward."
"CW-20","x_semantics","paper/manuscript/mah_route_indicator_friction_model.tex","210","narrative-paragraph","","R\&D effort produces projects that reach the route-planning stage according to"
"CW-20","x_semantics","paper/manuscript/mah_route_indicator_friction_model.tex","215","narrative-paragraph","","This is not a count of already approved or clinically successful drugs. Downstream success is represented by $\zeta_i^r$. R\&D effort has cost"
"CW-20","x_semantics","paper/manuscript/mah_route_indicator_friction_model.tex","379","calibration-or-empirical;narrative-paragraph","","Three calibration boundaries follow. First, route-use moments should be interpreted as evidence about relative route attractiveness and realization among comparable retained products, not as a direct estimate of the MAH policy treatment. Second, original-drug counts discipline a composite scale combining R\&D effort, research productivity, route choice, and realization probabilities. Third, entry should not be a baseline calibrated outcome unless the data contain a credible firm-year entry panel and pre-reform capability measures."
"CW-20","x_semantics","paper/manuscript/mah_route_indicator_friction_model_appendix.tex","64","appendix;narrative-paragraph","","The baseline model is a partial-equilibrium dynamic route-choice model with one market closure. It takes as given the market-return environment, the distributions of incumbent and potential entrant characteristics, the distribution of qualified producer characteristics, and the institutional regime. It endogenizes only the effective cost of qualified contract-manufacturing support through the market-clearing condition below. Firms choose original-drug R\&D intensity before successful projects are fully realized. A project that reaches the route-planning and manufacturing-preparation stage must identify a feasible manufacturing and commercialization route before final approval, MAH authorization, launch, or other observed realization occurs."
"CW-20","x_semantics","paper/manuscript/mah_route_indicator_friction_model_appendix.tex","81","appendix;narrative-paragraph","","The model does not solve for product-market clearing, R\&D input-market clearing, free-entry zero-profit conditions, firm exit, or an invariant industry distribution. Its purpose is to characterize how MAH-induced route-set expansion, entrusted-route friction reduction, realization probabilities, and the contract-manufacturing support-cost response affect the private opportunity value $\Gamma_i$, R\&D intensity $x_i^*$, and observed realized original-drug outcomes."
"CW-20","x_semantics","paper/manuscript/mah_route_indicator_friction_model_appendix.tex","147","appendix;narrative-paragraph","","The firm chooses original-drug R\&D intensity"
"CW-20","x_semantics","paper/manuscript/mah_route_indicator_friction_model_appendix.tex","152","appendix;narrative-paragraph","","R\&D intensity produces a random number of projects that reach the route-planning and manufacturing-preparation stage in the next period. Let $Y_{i,t+1}^{plan}$ denote that number. This object is downstream of raw laboratory ideas but upstream of final clinical success, approval, launch, and the observed holder--producer arrangement. The baseline therefore does not call $Y_{i,t+1}^{plan}$ a successful or approved drug. Common downstream clinical and regulatory success is kept in $s_i$, one component of the route-realization probability defined below, rather than absorbed a second time into effective research ability $a_i$. The planning-stage project production function is"
"CW-20","x_semantics","paper/manuscript/mah_route_indicator_friction_model_appendix.tex","165","appendix;narrative-paragraph","","but the comparative statics below require only the conditional mean in equation \eqref{eq:production}. The timing boundary is substantive: downstream clinical, regulatory, and route-specific implementation success enters $\zeta_i^r$, while $a_i$ maps R\&D effort into projects reaching route planning."
"CW-20","x_semantics","paper/manuscript/mah_route_indicator_friction_model_appendix.tex","167","appendix;narrative-paragraph","","R\&D effort has convex cost,"
"CW-20","x_semantics","paper/manuscript/mah_route_indicator_friction_model_appendix.tex","404","appendix;narrative-paragraph","","Since abandonment gives value zero, $\Gamma_{i,t+1}\ge0$. The optimal R\&D intensity is"
"CW-20","x_semantics","paper/manuscript/mah_route_indicator_friction_model_appendix.tex","555","appendix;proposition","eq:obsE_decomposition;prop:observed_output_decomposition","Thus observed entrusted-route outcomes can rise because MAH raises R\&D intensity, shifts route probability toward $E$, or improves route realization. Approval-side realized outcomes should therefore not be interpreted as direct observations of route-planning arrival."
"CW-20","x_semantics","paper/manuscript/mah_route_indicator_friction_model_appendix.tex","852","appendix;calibration-or-empirical;narrative-paragraph","","$x_i^*$ & Original-drug R\&D intensity & Usually unobserved in approval-side data; may be proxied by R\&D spending, patents, or clinical-trial sponsorship in future modules & Not identified from approval records alone \\"
"CW-20","x_semantics","paper/manuscript/mah_route_indicator_friction_model_appendix.tex","1179","appendix;calibration-or-empirical;narrative-paragraph","","\item the composite scale that converts R\&D intensity into route-planning projects and then into observed realizations;"
"CW-20","x_semantics","paper/manuscript/mah_route_indicator_friction_model_appendix.tex","1246","appendix;calibration-or-empirical;narrative-paragraph","","Here $\tau^E$ is the MAH-reducible policy and contractual friction of the external commercialization route, $\mu^E$ is the residual holder-side monitoring and quality-control burden, $\zeta^r=s_i\chi_i^r$ is the composite realization probability, $\Gamma$ is the logit inclusive value of a route-planning original-drug project, $x^*$ is optimal original-drug R\&D intensity, $\lambda^{plan,*}$ is the planning-stage project arrival rate, $\lambda^{obs,d,*}$ is the data-specific realized-output counterpart, $\Lambda^{plan,agg}$ is aggregate expected planning-stage projects for a fixed incumbent distribution, and $N_E$ is research-oriented entry only in the optional entry module."
"CW-20","x_semantics","paper/manuscript/mah_route_indicator_friction_model_appendix.tex","1358","appendix;calibration-or-empirical;narrative-paragraph","","The firm chooses original-drug R\&D intensity $x_i$. The route-planning-stage project arrival rate is"
"CW-20","x_semantics","paper/manuscript/mah_route_indicator_friction_model_appendix.tex","1410","appendix;calibration-or-empirical;narrative-paragraph","","\item $\kappa$: the marginal cost scale of R\&D effort;"
"CW-20","x_semantics","paper/manuscript/mah_route_indicator_friction_model_appendix.tex","1415","appendix;calibration-or-empirical;narrative-paragraph","","If the data only reveal realized original-drug counts, the model cannot separately identify $a_i$, $\kappa$, $\Gamma_i$, and $\zeta_i^r$. High original-drug counts may reflect strong scientific capability, low R\&D effort costs, high commercialization value, high route-use probability, or high realization probability. Without project-level R\&D costs, project success rates, project values, application-to-approval status, or rich firm-capability data, these objects cannot be separately recovered."
"CW-20","x_semantics","paper/manuscript/mah_route_indicator_friction_model_appendix.tex","1486","appendix;calibration-or-empirical;narrative-paragraph","","\item firms without traditional production capacity that enter original-drug R\&D or commercialization records."
"CW-20","x_semantics","paper/manuscript/mah_route_indicator_friction_model_appendix.tex","1493","appendix;calibration-or-empirical;narrative-paragraph","","if firm $i$ first enters observable original-drug R\&D or original-drug realization activity in year $t$. Then the data moment is"
"CW-20","x_semantics","research_notes/model_notes/01_symbols_and_objects.md","22","legacy-note","","| \(a_i\) | productivity of R&D effort in generating route-planning-stage projects | Does not include downstream clinical or regulatory success |"
"CW-20","x_semantics","research_notes/model_notes/01_symbols_and_objects.md","23","legacy-note","","| \(x_i\) | original-drug R&D effort | Chosen before route planning and final realization |"
"CW-20","x_semantics","research_notes/model_notes/03_assumptions_and_scope.md","68","legacy-note","","The model may claim private route-option value, route sorting, R&D effort responses, CMO support-cost attenuation, and realized-output implications under stated conditions. It may not claim universal innovation gains, separately identified primitive frictions, a representative-firm interpretation of aggregate shares, or a general-equilibrium welfare result."
"CW-20","x_semantics","research_notes/model_notes/08_model_closure_audit.md","20","legacy-note","","| R&D effort | \(x_i^*=\beta a_i\Gamma_i(M,\eta,p_m^*(M,\eta))/\kappa\) | Pass |"
"CW-21","innovation_arrival","paper/manuscript/mah_route_indicator_friction_model.tex","62","narrative-paragraph","","The contribution is to organize the mechanism in a way that is internally consistent with feasible data. The theory separates route-planning-stage project arrival from observed approvals or launches, keeps residual holder responsibility in the entrusted-route payoff, and treats route-use data as a proxy for realized holder--producer separation rather than as the policy treatment itself. The empirical role of the model is correspondingly modest: it maps feasible approval-side moments to composite objects such as route-realization value and innovation-realization scale, without claiming to identify every primitive friction separately."
"CW-21","innovation_arrival","paper/manuscript/mah_route_indicator_friction_model.tex","212","equation","eq:planning_arrival","\lambda_i^{plan}=a_i x_i."
"CW-21","innovation_arrival","paper/manuscript/mah_route_indicator_friction_model.tex","233","narrative-paragraph","","Let $\calR_i^{ret}(M)=\calR_i(M)\cap\{I,E\}$. Observed retained output differs from planning-stage project arrival:"
"CW-21","innovation_arrival","paper/manuscript/mah_route_indicator_friction_model.tex","335","proposition","","For a fixed firm distribution, aggregate route-planning-stage project arrivals rise when the positive $\Gamma_i(M,\eta,p_m^*)$ response among relevant firms is not offset by CMO support-cost feedback and the affected set has positive measure. Aggregate observed outcomes additionally require that route-use and realization terms do not fall enough to offset the planning-stage gain. This is a private-value and realized-output implication, not a welfare theorem."
"CW-21","innovation_arrival","paper/manuscript/mah_route_indicator_friction_model.tex","342","calibration-or-empirical;narrative-paragraph","","The model is intended to discipline a mechanism calibration, not to identify every primitive friction. The key empirical distinction is between route-planning-stage project arrival and observed realized outcomes. Approval data, holder--producer links, and original-drug counts are close to realized outcomes. They are not direct observations of project arrival, scientific success, or route-specific legal and managerial costs."
"CW-21","innovation_arrival","paper/manuscript/mah_route_indicator_friction_model.tex","372","calibration-or-empirical;narrative-paragraph","","$a_i x_i^*(M,\eta)$ and realization scale & Realized original-drug counts & Disciplines project-arrival and realization scale jointly, not planning-stage arrivals alone. \\"
"CW-21","innovation_arrival","paper/manuscript/mah_route_indicator_friction_model_appendix.tex","93","appendix;narrative-paragraph","","Endogenous route and R\&D objects & $P_i(r\mid M,\eta,p_m^*)$, $\Gamma_i(M,\eta,p_m^*)$, $x_i^*(M,\eta)$, $\lambda_i^{plan,*}$, $\lambda_i^{obs,*}$ & Determined jointly by route payoffs, logit route choice, CMO support-market clearing, and the R\&D FOC & Observed output is downstream of route-planning-stage project arrival \\"
"CW-21","innovation_arrival","paper/manuscript/mah_route_indicator_friction_model_appendix.tex","159","appendix;narrative-paragraph","","Equation \eqref{eq:production} is the model's production function for the number of new route-planning-stage original-drug projects. It is not physical pill production and not an approval count. It says that research effort raises the expected number of projects that become ready for a manufacturing and commercialization plan, and higher research ability makes effort more productive. This is the simplest version of the stochastic innovation-arrival structure used in product-line innovation models \citep{KletteKortum2004}. A Poisson count interpretation is optional,"
"CW-21","innovation_arrival","paper/manuscript/mah_route_indicator_friction_model_appendix.tex","162","appendix;equation","eq:poisson","\sim \operatorname{Poisson}(a_i x_{it}),"
"CW-21","innovation_arrival","paper/manuscript/mah_route_indicator_friction_model_appendix.tex","163","appendix;equation","eq:poisson","\label{eq:poisson}"
"CW-21","innovation_arrival","paper/manuscript/mah_route_indicator_friction_model_appendix.tex","457","appendix;equation","eq:lambdastationary;eq:Vstationary;eq:xstationary","\lambda_i^{plan,*}(M,\eta)&=\frac{\beta a_i^2}{\kappa}\Gamma_i^{M,\eta},\label{eq:lambdastationary}\\"
"CW-21","innovation_arrival","paper/manuscript/mah_route_indicator_friction_model_appendix.tex","512","appendix;proposition","eq:dLambdadtau_logit;eq:dxdtau_logit;prop:logit_weighted_response","Conditional on the entrusted route being feasible, a reduction in $\tau_i^E$ weakly raises firm $i$'s route-planning-stage project arrival:"
"CW-21","innovation_arrival","paper/manuscript/mah_route_indicator_friction_model_appendix.tex","520","appendix;equation;proposition","eq:dLambdadtau_logit;eq:dxdtau_logit;prop:logit_weighted_response","\frac{\partial \lambda_i^{plan,*}}{\partial \tau_i^E}"
"CW-21","innovation_arrival","paper/manuscript/mah_route_indicator_friction_model_appendix.tex","740","appendix;equation","eq:LambdaI","\Lambda_I^{plan}(M)"
"CW-21","innovation_arrival","paper/manuscript/mah_route_indicator_friction_model_appendix.tex","773","appendix;equation","eq:LambdaAgg","\Lambda^{plan,agg}(M)=\Lambda_I^{plan}(M)+\Lambda_N^{plan}(M)."
"CW-21","innovation_arrival","paper/manuscript/mah_route_indicator_friction_model_appendix.tex","779","appendix;equation","eq:dLambdaI","\frac{\partial \Lambda_I^{plan}(1)}{\partial\tau^E}"
"CW-21","innovation_arrival","paper/manuscript/mah_route_indicator_friction_model_appendix.tex","818","appendix;equation;proposition","eq:agg_prop_derivative","\frac{\partial \Lambda_I^{plan}(1)}{\partial\tau^E}\le0,"
"CW-21","innovation_arrival","paper/manuscript/mah_route_indicator_friction_model_appendix.tex","821","appendix;proposition","eq:agg_prop_derivative","so $\dd\tau^E<0$ implies $\dd\Lambda_I^{plan}\ge0$ through the friction channel. With endogenous CMO pricing, the same conclusion requires the response in $p_m^*(M,\eta)$ not to offset the entrusted-route value gain. The increase is strict if a positive-measure set of incumbents has $a>0$, positive inclusive-value response, and positive entrusted-route probability. If a credible firm-year entry panel is available and the optional entry module is activated, the same sign logic can be extended to potential entrants through $F_e$, but that is not a baseline empirical conclusion."
"CW-21","innovation_arrival","paper/manuscript/mah_route_indicator_friction_model_appendix.tex","853","appendix;calibration-or-empirical;narrative-paragraph","","$\lambda_i^{plan,*}$ and $\lambda_i^{obs,d,*}$ & Route-planning project arrival and data-specific observed realization & Original-drug applications, IND/CTA records, approvals, launches, or realized products, depending on data layer & Approval counts are downstream realizations, not planning-stage arrivals \\"
"CW-21","innovation_arrival","paper/manuscript/mah_route_indicator_friction_model_appendix.tex","1221","appendix;calibration-or-empirical;narrative-paragraph","","Original-drug counts & Baseline original-drug approvals, realized products, or applications & $\bar\lambda_0^{O,obs}=\E[\frac{\beta a^2}{\kappa}\Gamma^0(\theta)\sum_rP_i(r\mid0,0,p_m^*(0,0))\zeta_i^r\omega_i^{r,d}]$ & Composite project-arrival scale plus realization mapping \\"
"CW-21","innovation_arrival","paper/manuscript/mah_route_indicator_friction_model_appendix.tex","1246","appendix;calibration-or-empirical;narrative-paragraph","","Here $\tau^E$ is the MAH-reducible policy and contractual friction of the external commercialization route, $\mu^E$ is the residual holder-side monitoring and quality-control burden, $\zeta^r=s_i\chi_i^r$ is the composite realization probability, $\Gamma$ is the logit inclusive value of a route-planning original-drug project, $x^*$ is optimal original-drug R\&D intensity, $\lambda^{plan,*}$ is the planning-stage project arrival rate, $\lambda^{obs,d,*}$ is the data-specific realized-output counterpart, $\Lambda^{plan,agg}$ is aggregate expected planning-stage projects for a fixed incumbent distribution, and $N_E$ is research-oriented entry only in the optional entry module."
"CW-21","innovation_arrival","paper/manuscript/mah_route_indicator_friction_model_appendix.tex","1358","appendix;calibration-or-empirical;narrative-paragraph","","The firm chooses original-drug R\&D intensity $x_i$. The route-planning-stage project arrival rate is"
"CW-21","innovation_arrival","paper/manuscript/mah_route_indicator_friction_model_appendix.tex","1360","appendix;calibration-or-empirical;narrative-paragraph","","\lambda_i^{plan}(x_i)=a_i x_i."
"CW-21","innovation_arrival","paper/manuscript/mah_route_indicator_friction_model_appendix.tex","1366","appendix;calibration-or-empirical;narrative-paragraph","","Therefore, the optimal planning-stage arrival rate is"
"CW-21","innovation_arrival","paper/manuscript/mah_route_indicator_friction_model_appendix.tex","1368","appendix;calibration-or-empirical;narrative-paragraph","","\lambda_i^{plan,*}(M,\eta)=a_i x_i^*(M,\eta)"
"CW-21","innovation_arrival","paper/manuscript/mah_route_indicator_friction_model_appendix.tex","1397","appendix;calibration-or-empirical;narrative-paragraph","","If the current dataset is an approval-side realized-product file, this object should be interpreted as realized original-drug products, not planning-stage project arrival. If future data include CDE applications, IND/CTA records, or clinical-trial registrations, those objects can be used to construct moments closer to the planning stage."
"CW-21","innovation_arrival","paper/manuscript/mah_route_indicator_friction_model_appendix.tex","1429","appendix;calibration-or-empirical;narrative-paragraph","","is interpreted as a composite project-arrival scale, while realized-product counts also require assumptions on route use, realization, and the data definition."
"CW-21","innovation_arrival","research_notes/model_notes/01_symbols_and_objects.md","53","legacy-note","","| \(\lambda_i^{plan}=a_i x_i\) | conditional mean of planning-stage project arrivals | Never label as successful or approved output |"
"CW-21","innovation_arrival","research_notes/model_notes/02_equation_dependency_map.md","23","legacy-note","","\lambda_i^{plan}(x_i)=a_i x_i,"
"CW-21","innovation_arrival","research_notes/model_notes/02_equation_dependency_map.md","119","legacy-note","","\lambda_i^{plan,*}(M,\eta)=a_i x_i^*(M,\eta),"
"CW-21","innovation_arrival","research_notes/model_notes/02_equation_dependency_map.md","175","legacy-note","","(x_i^*,\lambda_i^{plan,*},\lambda_i^{obs})"
"CW-21","innovation_arrival","research_notes/model_notes/03_assumptions_and_scope.md","7","legacy-note","","3. \(a_i x_i\) is route-planning-stage project arrival. Common downstream clinical and regulatory success remains in \(s_i\), with \(\zeta_i^r=s_i\chi_i^r\)."
"CW-21","innovation_arrival","research_notes/model_notes/03_assumptions_and_scope.md","43","legacy-note","","- Approval-side counts and holder--producer splits are realized outcomes, not direct observations of project arrival or scientific productivity."
"CW-21","innovation_arrival","research_notes/model_notes/05_calibration_mapping.md","53","calibration-or-empirical;legacy-note","","\lambda_i^{plan,*}=a_i x_i^*"
"CW-21","innovation_arrival","research_notes/model_notes/05_calibration_mapping.md","107","calibration-or-empirical;legacy-note","","| Project-arrival scale \(\beta a^2/\kappa\) | Baseline realized original-drug counts plus normalizations | Realized counts are downstream of route choice and realization |"
"CW-21","innovation_arrival","research_notes/model_notes/08_model_closure_audit.md","13","legacy-note","","| Planning-stage arrival | \(\lambda_i^{plan}=a_i x_i\), upstream of final success and approval | Pass |"
"CW-21","innovation_arrival","research_notes/model_notes/08_model_closure_audit.md","40","legacy-note","","(x_i^*,\lambda_i^{plan,*},\lambda_i^{obs})"
"CW-21","innovation_arrival","research_notes/model_notes/10_main_appendix_consistency_audit.md","21","legacy-note","","| R&D production | \(a_i x_i\) is route-planning-stage project arrival | Consistent |"
"CW-21","innovation_arrival","research_notes/model_notes/11_proposition_dependency_audit.md","12","legacy-note","","| Endogenous firm objects | \(P_i(r),\Gamma_i,x_i^*,\lambda_i^{plan,*},\lambda_i^{obs}\) |"
"CW-21","innovation_arrival","research_notes/model_notes/12_calibration_claim_audit.md","79","calibration-or-empirical;legacy-note","","- directly measures successful project arrival;"
"CW-22","patent_outcome","paper/manuscript/mah_route_indicator_friction_model_appendix.tex","852","appendix;calibration-or-empirical;narrative-paragraph","","$x_i^*$ & Original-drug R\&D intensity & Usually unobserved in approval-side data; may be proxied by R\&D spending, patents, or clinical-trial sponsorship in future modules & Not identified from approval records alone \\"
"CW-22","patent_outcome","paper/manuscript/mah_route_indicator_friction_model_appendix.tex","987","appendix;calibration-or-empirical;narrative-paragraph","","The minimum firm-level data are legal-entity identifiers, founding date, location, ownership, business scope, observed first drug project, and proxies for research and manufacturing ability. Research ability $a_i$ can be proxied by pre-reform original-drug applications, patents, clinical trial sponsorship, or R\&D expenditure where available. Manufacturing ability $k_i$ can be proxied by Drug Manufacturing Certificates, GMP or manufacturing-site information, dosage-form scope, production license records, or manufacturing assets. Firm registries such as the National Enterprise Credit Information Publicity System and commercial databases such as Tianyancha or Qichacha can help standardize firm identities."
"CW-22","patent_outcome","paper/manuscript/mah_route_indicator_friction_model_appendix.tex","996","appendix;calibration-or-empirical;narrative-paragraph","","Useful additional data include CDE clinical trial or IND/CTA records, CNIPA patent data, centralized procurement data, hospital procurement or sales databases where accessible, and regional policy exposure measures. These data help separate the MAH commercialization channel from broader market-size or demand-side changes, but they are not required for the theoretical mechanism itself."
"CW-22","patent_outcome","paper/manuscript/mah_route_indicator_friction_model_appendix.tex","1551","appendix;calibration-or-empirical;narrative-paragraph","","Once business-registration records, production licenses, GMP or dosage-form scope, R\&D expenditure, patents, and clinical-trial sponsorship are merged, one can construct:"
"CW-23","original_innovation_claim","paper/manuscript/mah_route_indicator_friction_model.tex","34","narrative-paragraph","","\title{MAH, Commercialization Frictions, and Original-Drug Innovation}"
"CW-23","original_innovation_claim","paper/manuscript/mah_route_indicator_friction_model.tex","44","narrative-paragraph","","This paper develops a partial-equilibrium mechanism model of how China's Marketing Authorization Holder (MAH) system can affect original-drug innovation. Firms choose original-drug R\&D while anticipating the manufacturing and commercialization route available if a project advances. Before final clinical success and marketing approval are realized, a developer without sufficient internal manufacturing capacity must form a manufacturing plan and identify qualified production support, even though the formal entrusted-production arrangement and MAH approval are realized only later. MAH affects expected R\&D value by adding a regulated holder--producer separation route, lowering the route-specific policy and contractual friction of that retained external route, and changing the composite probability that a route-planning project becomes an observed approval or launch. The baseline closes only the qualified contract-manufacturing support market, generating an endogenous effective service cost $p_m^*(M,\eta)$ that can attenuate the reform's effect. The model does not treat MAH as a demand shock, a scientific-productivity shock, a removal of holder responsibility, or a universal reduction in all commercialization costs. It delivers comparative statics for route value, R\&D intensity, and observed realized original-drug outcomes, and it clarifies which data moments can discipline composite objects in a mechanism calibration."
"CW-23","original_innovation_claim","paper/manuscript/mah_route_indicator_friction_model.tex","47","narrative-paragraph","","\noindent\textit{Keywords:} MAH; original-drug innovation; commercialization frictions; entrusted production; route choice.\\"
"CW-23","original_innovation_claim","paper/manuscript/mah_route_indicator_friction_model.tex","52","narrative-paragraph","","China's MAH system separates the right to hold marketing authorization from a strict requirement of in-house production. This institutional change is potentially important for original-drug innovation because many research-originating firms can generate valuable projects but lack complete manufacturing capacity. The central mechanism studied here is therefore not demand expansion or scientific productivity. It is an expected-commercialization-value channel: when a firm anticipates that an advancing project can be developed with qualified manufacturing support and later commercialized through an additional retained route, current R\&D becomes more valuable."
"CW-23","original_innovation_claim","paper/manuscript/mah_route_indicator_friction_model_appendix.tex","41","appendix;narrative-paragraph","","\title{Technical Appendix: MAH, Commercialization Frictions, and Original-Drug Innovation}"
"CW-24","novelty_classes","paper/manuscript/mah_route_indicator_friction_model_appendix.tex","105","appendix;narrative-paragraph","","The baseline model uses a route-independent gross commercialization return rather than a full product-market demand system. Let $R^{event}_{it}$ denote the gross event payoff received when a route-planning original-drug project is successfully converted into a marketed product, before route-level implementation costs are paid. This object summarizes market size, therapeutic value, reimbursement environment, procurement exposure, and the quality or novelty composition of the opportunity. It is not the continuation value of keeping the drug in the innovating firm's future portfolio; that continuation value is represented separately by $v_t$."
"CW-24","novelty_classes","paper/manuscript/mah_route_indicator_friction_model_appendix.tex","387","appendix;narrative-paragraph","","The reduced problem keeps the payoff accounting transparent: $\Gamma$ already contains the route-period payoff and the incremental continuation value of retained realized products, while $\pi n$ is the flow payoff from the pre-existing retained stock."
