file,line,token,scope,context
paper/model_rebuild/revision_20260907/01_primitives_and_timing.tex,20,a_i,baseline or explicit boundary prose,"There is a continuum \(\mathcal I\) of drug developers.  Developer \(i\) has research capability \(a_i>0\), measured in \(\mathsf P/\mathsf X\), and"
paper/model_rebuild/revision_20260907/01_primitives_and_timing.tex,21,k_i,baseline or explicit boundary prose,"internal manufacturing capability \(k_i>0\), measured in \(\mathsf K\).  Its"
paper/model_rebuild/revision_20260907/01_primitives_and_timing.tex,25,a_i,baseline or explicit boundary prose,"\theta_i=(a_i,k_i)."
paper/model_rebuild/revision_20260907/01_primitives_and_timing.tex,25,a_i,baseline or explicit boundary prose,"\theta_i=(a_i,k_i)."
paper/model_rebuild/revision_20260907/01_primitives_and_timing.tex,25,k_i,baseline or explicit boundary prose,"\theta_i=(a_i,k_i)."
paper/model_rebuild/revision_20260907/01_primitives_and_timing.tex,39,q,baseline or explicit boundary prose,scientific value shifter \(q>0\) and manufacturing requirement \(m>0\).  The
paper/model_rebuild/revision_20260907/01_primitives_and_timing.tex,39,m,baseline or explicit boundary prose,scientific value shifter \(q>0\) and manufacturing requirement \(m>0\).  The
paper/model_rebuild/revision_20260907/01_primitives_and_timing.tex,40,k_i,baseline or explicit boundary prose,latter is measured on the same \(\mathsf K\) scale as \(k_i\). Let
paper/model_rebuild/revision_20260907/01_primitives_and_timing.tex,43,q,baseline or explicit boundary prose,"\omega=(q,m)\sim F(q,m),"
paper/model_rebuild/revision_20260907/01_primitives_and_timing.tex,43,m,baseline or explicit boundary prose,"\omega=(q,m)\sim F(q,m),"
paper/model_rebuild/revision_20260907/01_primitives_and_timing.tex,43,q,baseline or explicit boundary prose,"\omega=(q,m)\sim F(q,m),"
paper/model_rebuild/revision_20260907/01_primitives_and_timing.tex,43,m,baseline or explicit boundary prose,"\omega=(q,m)\sim F(q,m),"
paper/model_rebuild/revision_20260907/01_primitives_and_timing.tex,46,q,baseline or explicit boundary prose,where \(F\) is an exogenous joint distribution.  Thus \(q\) governs the
paper/model_rebuild/revision_20260907/01_primitives_and_timing.tex,47,m,baseline or explicit boundary prose,"project's value side, while the pair \((m,k_i)\) governs the manufacturing"
paper/model_rebuild/revision_20260907/01_primitives_and_timing.tex,47,k_i,baseline or explicit boundary prose,"project's value side, while the pair \((m,k_i)\) governs the manufacturing"
paper/model_rebuild/revision_20260907/01_primitives_and_timing.tex,48,q,baseline or explicit boundary prose,"mismatch.  The institutional regime does not directly alter \(q\), \(m\), or"
paper/model_rebuild/revision_20260907/01_primitives_and_timing.tex,48,m,baseline or explicit boundary prose,"mismatch.  The institutional regime does not directly alter \(q\), \(m\), or"
paper/model_rebuild/revision_20260907/01_primitives_and_timing.tex,55,q,baseline or explicit boundary prose,"\(\rho_g\geq0\) be the class share and \(F_g(q,m)\) the conditional project"
paper/model_rebuild/revision_20260907/01_primitives_and_timing.tex,55,m,baseline or explicit boundary prose,"\(\rho_g\geq0\) be the class share and \(F_g(q,m)\) the conditional project"
paper/model_rebuild/revision_20260907/01_primitives_and_timing.tex,60,q,baseline or explicit boundary prose,"F(q,m)="
paper/model_rebuild/revision_20260907/01_primitives_and_timing.tex,60,m,baseline or explicit boundary prose,"F(q,m)="
paper/model_rebuild/revision_20260907/01_primitives_and_timing.tex,61,q,baseline or explicit boundary prose,"\sum_{g\in\{O,\mathrm{Inc}\}}\rho_gF_g(q,m)."
paper/model_rebuild/revision_20260907/01_primitives_and_timing.tex,61,m,baseline or explicit boundary prose,"\sum_{g\in\{O,\mathrm{Inc}\}}\rho_gF_g(q,m)."
paper/model_rebuild/revision_20260907/01_primitives_and_timing.tex,70,M,baseline or explicit boundary prose,"Let the exogenous institutional regime be \(M\in\{0,1\}\).  The value \(M=0\)"
paper/model_rebuild/revision_20260907/01_primitives_and_timing.tex,70,M,baseline or explicit boundary prose,"Let the exogenous institutional regime be \(M\in\{0,1\}\).  The value \(M=0\)"
paper/model_rebuild/revision_20260907/01_primitives_and_timing.tex,71,M,baseline or explicit boundary prose,denotes the pre-MAH regime.  The value \(M=1\) means that a developer may
paper/model_rebuild/revision_20260907/01_primitives_and_timing.tex,73,\tau_E,baseline or explicit boundary prose,"the product.  Let \(\tau_E(M)\), measured in \(\mathsf C\) per project, denote"
paper/model_rebuild/revision_20260907/01_primitives_and_timing.tex,73,M,baseline or explicit boundary prose,"the product.  Let \(\tau_E(M)\), measured in \(\mathsf C\) per project, denote"
paper/model_rebuild/revision_20260907/01_primitives_and_timing.tex,75,\tau_E,baseline or explicit boundary prose,finite post-MAH burden is denoted by \(\bar\tau_E\geq0\). The baseline
paper/model_rebuild/revision_20260907/01_primitives_and_timing.tex,78,\tau_E,baseline or explicit boundary prose,"\tau_E(0)=+\infty,"
paper/model_rebuild/revision_20260907/01_primitives_and_timing.tex,80,\tau_E,baseline or explicit boundary prose,"\tau_E(1)=\bar\tau_E<+\infty,"
paper/model_rebuild/revision_20260907/01_primitives_and_timing.tex,80,\tau_E,baseline or explicit boundary prose,"\tau_E(1)=\bar\tau_E<+\infty,"
paper/model_rebuild/revision_20260907/01_primitives_and_timing.tex,82,\tau_E,baseline or explicit boundary prose,\bar\tau_E\geq0.
paper/model_rebuild/revision_20260907/01_primitives_and_timing.tex,87,p_m,baseline or explicit boundary prose,"Let \(p_m\), measured in \(\mathsf C/\mathsf B\), denote a conjectured price"
paper/model_rebuild/revision_20260907/01_primitives_and_timing.tex,88,p_m,baseline or explicit boundary prose,of qualified manufacturing service and let \(p_m^*\) denote its future
paper/model_rebuild/revision_20260907/01_primitives_and_timing.tex,89,\Omega_i,baseline or explicit boundary prose,"market-consistent value.  Let \(\Omega_i(M,p_m)\), measured in \(\mathsf C\)"
paper/model_rebuild/revision_20260907/01_primitives_and_timing.tex,89,M,baseline or explicit boundary prose,"market-consistent value.  Let \(\Omega_i(M,p_m)\), measured in \(\mathsf C\)"
paper/model_rebuild/revision_20260907/01_primitives_and_timing.tex,89,p_m,baseline or explicit boundary prose,"market-consistent value.  Let \(\Omega_i(M,p_m)\), measured in \(\mathsf C\)"
paper/model_rebuild/revision_20260907/01_primitives_and_timing.tex,104,\tau_E,baseline or explicit boundary prose,"\(\tau_E(0)=+\infty\), which makes the entrusted route unavailable when values are assembled.  Thus the common label domain is not a second policy channel."
paper/model_rebuild/revision_20260907/01_primitives_and_timing.tex,107,q,baseline or explicit boundary prose,"\(r_i^*(q,m;M,p_m)\), but route values and the argmax are defined in the"
paper/model_rebuild/revision_20260907/01_primitives_and_timing.tex,107,m,baseline or explicit boundary prose,"\(r_i^*(q,m;M,p_m)\), but route values and the argmax are defined in the"
paper/model_rebuild/revision_20260907/01_primitives_and_timing.tex,107,M,baseline or explicit boundary prose,"\(r_i^*(q,m;M,p_m)\), but route values and the argmax are defined in the"
paper/model_rebuild/revision_20260907/01_primitives_and_timing.tex,107,p_m,baseline or explicit boundary prose,"\(r_i^*(q,m;M,p_m)\), but route values and the argmax are defined in the"
paper/model_rebuild/revision_20260907/01_primitives_and_timing.tex,113,x_i,baseline or explicit boundary prose,"Developer \(i\) chooses one common control \(x_i\geq0\), measured in"
paper/model_rebuild/revision_20260907/01_primitives_and_timing.tex,114,x_i,baseline or explicit boundary prose,"\(\mathsf X\).  Canonically, \(x_i\) is"
paper/model_rebuild/revision_20260907/01_primitives_and_timing.tex,119,x_i,baseline or explicit boundary prose,Let \(x_i^*\) reserve the optimal value of this common control; its
paper/model_rebuild/revision_20260907/01_primitives_and_timing.tex,125,a_i,baseline or explicit boundary prose,\lambda_i^{\mathrm{plan}}=a_ix_i.
paper/model_rebuild/revision_20260907/01_primitives_and_timing.tex,125,a_i,baseline or explicit boundary prose,\lambda_i^{\mathrm{plan}}=a_ix_i.
paper/model_rebuild/revision_20260907/01_primitives_and_timing.tex,125,x_i,baseline or explicit boundary prose,\lambda_i^{\mathrm{plan}}=a_ix_i.
paper/model_rebuild/revision_20260907/01_primitives_and_timing.tex,128,x_i,baseline or explicit boundary prose,"The control \(x_i\) has units \(\mathsf X\), so"
paper/model_rebuild/revision_20260907/01_primitives_and_timing.tex,129,a_i,baseline or explicit boundary prose,\(\lambda_i^{\mathrm{plan}}\) has units \(\mathsf P\).
paper/model_rebuild/revision_20260907/01_primitives_and_timing.tex,131,s(q),baseline or explicit boundary prose,"Finally, let \(s(q)\in[0,1]\) be the exogenous, route-independent probability"
paper/model_rebuild/revision_20260907/01_primitives_and_timing.tex,134,q,baseline or explicit boundary prose,\Pr\{\text{downstream realization}\mid q\}=s(q).
paper/model_rebuild/revision_20260907/01_primitives_and_timing.tex,134,s(q),baseline or explicit boundary prose,\Pr\{\text{downstream realization}\mid q\}=s(q).
paper/model_rebuild/revision_20260907/01_primitives_and_timing.tex,137,s(q),baseline or explicit boundary prose,The reform does not shift \(s(q)\).  If typed observed outcomes later require a
paper/model_rebuild/revision_20260907/01_primitives_and_timing.tex,138,q,baseline or explicit boundary prose,"class-specific probability \(s_g(q)\), it is likewise exogenous and"
paper/model_rebuild/revision_20260907/01_primitives_and_timing.tex,145,M,baseline or explicit boundary prose,\item[Stage 0.] \textbf{Institutional regime.}  The value of \(M\) is
paper/model_rebuild/revision_20260907/01_primitives_and_timing.tex,151,a_i,baseline or explicit boundary prose,"observes \((a_i,k_i,M)\), anticipates the market-consistent service price"
paper/model_rebuild/revision_20260907/01_primitives_and_timing.tex,151,k_i,baseline or explicit boundary prose,"observes \((a_i,k_i,M)\), anticipates the market-consistent service price"
paper/model_rebuild/revision_20260907/01_primitives_and_timing.tex,151,M,baseline or explicit boundary prose,"observes \((a_i,k_i,M)\), anticipates the market-consistent service price"
paper/model_rebuild/revision_20260907/01_primitives_and_timing.tex,152,p_m,baseline or explicit boundary prose,"\(p_m^*\) and future route opportunities, and chooses \(x_i\).  Equation"
paper/model_rebuild/revision_20260907/01_primitives_and_timing.tex,152,x_i,baseline or explicit boundary prose,"\(p_m^*\) and future route opportunities, and chooses \(x_i\).  Equation"
paper/model_rebuild/revision_20260907/01_primitives_and_timing.tex,157,q,baseline or explicit boundary prose,"project draws \((q,m)\) according to \eqref{eq:p01-project-draw}.  The"
paper/model_rebuild/revision_20260907/01_primitives_and_timing.tex,157,m,baseline or explicit boundary prose,"project draws \((q,m)\) according to \eqref{eq:p01-project-draw}.  The"
paper/model_rebuild/revision_20260907/01_primitives_and_timing.tex,162,q,baseline or explicit boundary prose,"\((q,m)\) and the manufacturing-service price, the project chooses a route"
paper/model_rebuild/revision_20260907/01_primitives_and_timing.tex,162,m,baseline or explicit boundary prose,"\((q,m)\) and the manufacturing-service price, the project chooses a route"
paper/model_rebuild/revision_20260907/01_primitives_and_timing.tex,174,p_m,baseline or explicit boundary prose,\(p_m^*\) that developers anticipated.  This is a simultaneous equilibrium
paper/model_rebuild/revision_20260907/01_primitives_and_timing.tex,179,a_i,baseline or explicit boundary prose,Stage~0 and may help explain predetermined \(a_i\).  They are outside the
paper/model_rebuild/revision_20260907/01_primitives_and_timing.tex,187,M,baseline or explicit boundary prose,M\longrightarrow \tau_E(M)
paper/model_rebuild/revision_20260907/01_primitives_and_timing.tex,187,\tau_E,baseline or explicit boundary prose,M\longrightarrow \tau_E(M)
paper/model_rebuild/revision_20260907/01_primitives_and_timing.tex,187,M,baseline or explicit boundary prose,M\longrightarrow \tau_E(M)
paper/model_rebuild/revision_20260907/01_primitives_and_timing.tex,194,M,baseline or explicit boundary prose,M
paper/model_rebuild/revision_20260907/01_primitives_and_timing.tex,198,\Omega_i,baseline or explicit boundary prose,\Omega_i
paper/model_rebuild/revision_20260907/01_primitives_and_timing.tex,200,x_i,baseline or explicit boundary prose,x_i^*.
paper/model_rebuild/revision_20260907/01_primitives_and_timing.tex,206,x_i,baseline or explicit boundary prose,x_i^*
paper/model_rebuild/revision_20260907/01_primitives_and_timing.tex,221,M,baseline or explicit boundary prose,"In particular, \(M\) does not directly change \(a_i\), \(k_i\), \(z_j\),"
paper/model_rebuild/revision_20260907/01_primitives_and_timing.tex,221,a_i,baseline or explicit boundary prose,"In particular, \(M\) does not directly change \(a_i\), \(k_i\), \(z_j\),"
paper/model_rebuild/revision_20260907/01_primitives_and_timing.tex,221,k_i,baseline or explicit boundary prose,"In particular, \(M\) does not directly change \(a_i\), \(k_i\), \(z_j\),"
paper/model_rebuild/revision_20260907/01_primitives_and_timing.tex,222,q,baseline or explicit boundary prose,"\(q\), \(m\), \(F\), \(\rho_g\), \(F_g\), \(s(q)\), or \(s_g(q)\).  It does"
paper/model_rebuild/revision_20260907/01_primitives_and_timing.tex,222,m,baseline or explicit boundary prose,"\(q\), \(m\), \(F\), \(\rho_g\), \(F_g\), \(s(q)\), or \(s_g(q)\).  It does"
paper/model_rebuild/revision_20260907/01_primitives_and_timing.tex,222,s(q),baseline or explicit boundary prose,"\(q\), \(m\), \(F\), \(\rho_g\), \(F_g\), \(s(q)\), or \(s_g(q)\).  It does"
paper/model_rebuild/revision_20260907/01_primitives_and_timing.tex,222,q,baseline or explicit boundary prose,"\(q\), \(m\), \(F\), \(\rho_g\), \(F_g\), \(s(q)\), or \(s_g(q)\).  It does"
paper/model_rebuild/revision_20260907/01_primitives_and_timing.tex,223,p_m,baseline or explicit boundary prose,not directly lower \(p_m^*\).  Nothing in this section implies an increase in
paper/model_rebuild/revision_20260907/02_demand_profit_derivation.tex,6,q,baseline or explicit boundary prose,routes. It conditions on a project value shifter \(q>0\) and a positive
paper/model_rebuild/revision_20260907/02_demand_profit_derivation.tex,9,p_m,baseline or explicit boundary prose,from the qualified manufacturing-service price \(p_m\).
paper/model_rebuild/revision_20260907/02_demand_profit_derivation.tex,25,q,baseline or explicit boundary prose,\(\mathsf C^{\varepsilon}\mathsf Y^{1-\varepsilon}\); \(q\) is
paper/model_rebuild/revision_20260907/02_demand_profit_derivation.tex,29,q,baseline or explicit boundary prose,"y(p;q)=Aq p^{-\varepsilon},"
paper/model_rebuild/revision_20260907/02_demand_profit_derivation.tex,30,q,baseline or explicit boundary prose,"\qquad A>0,\quad q>0,\quad \varepsilon>1."
paper/model_rebuild/revision_20260907/02_demand_profit_derivation.tex,33,q,baseline or explicit boundary prose,"The scale \(A\), project shifter \(q\), and elasticity \(\varepsilon\) are"
paper/model_rebuild/revision_20260907/02_demand_profit_derivation.tex,34,q,baseline or explicit boundary prose,"exogenous to the institutional regime. Conditional on \(q\) and \(c\), the"
paper/model_rebuild/revision_20260907/02_demand_profit_derivation.tex,40,q,baseline or explicit boundary prose,"Holding \(A,q,c,\varepsilon\) fixed, the derivative with respect to the"
paper/model_rebuild/revision_20260907/02_demand_profit_derivation.tex,80,q,baseline or explicit boundary prose,"Let \(\pi(q,c)\) denote optimized one-period operating profit."
paper/model_rebuild/revision_20260907/02_demand_profit_derivation.tex,83,q,baseline or explicit boundary prose,"\pi(q,c)"
paper/model_rebuild/revision_20260907/02_demand_profit_derivation.tex,99,q,baseline or explicit boundary prose,"\frac{\partial\pi(q,c)}{\partial q}"
paper/model_rebuild/revision_20260907/02_demand_profit_derivation.tex,99,q,baseline or explicit boundary prose,"\frac{\partial\pi(q,c)}{\partial q}"
paper/model_rebuild/revision_20260907/02_demand_profit_derivation.tex,100,q,baseline or explicit boundary prose,"=\frac{\pi(q,c)}{q}>0,"
paper/model_rebuild/revision_20260907/02_demand_profit_derivation.tex,100,q,baseline or explicit boundary prose,"=\frac{\pi(q,c)}{q}>0,"
paper/model_rebuild/revision_20260907/02_demand_profit_derivation.tex,102,q,baseline or explicit boundary prose,"\frac{\partial\pi(q,c)}{\partial c}"
paper/model_rebuild/revision_20260907/02_demand_profit_derivation.tex,103,q,baseline or explicit boundary prose,"=(1-\varepsilon)\frac{\pi(q,c)}{c}<0."
paper/model_rebuild/revision_20260907/02_demand_profit_derivation.tex,107,q,baseline or explicit boundary prose,"These are continuous conditional derivatives in \(q\) and \(c\), not a"
paper/model_rebuild/revision_20260907/02_demand_profit_derivation.tex,116,s(q),baseline or explicit boundary prose,\(\varphi\) is not the downstream realization probability \(s(q)\): the
paper/model_rebuild/revision_20260907/02_demand_profit_derivation.tex,121,q,baseline or explicit boundary prose,"payment at \(t=0\), and let \(R(q,c)\) denote expected operating present"
paper/model_rebuild/revision_20260907/02_demand_profit_derivation.tex,125,q,baseline or explicit boundary prose,"R(q,c)"
paper/model_rebuild/revision_20260907/02_demand_profit_derivation.tex,126,q,baseline or explicit boundary prose,"&=\sum_{t=0}^{\infty}(\beta\varphi)^t\pi(q,c) \notag\\"
paper/model_rebuild/revision_20260907/02_demand_profit_derivation.tex,127,q,baseline or explicit boundary prose,"&=\frac{\pi(q,c)}{1-\beta\varphi},"
paper/model_rebuild/revision_20260907/02_demand_profit_derivation.tex,134,q,baseline or explicit boundary prose,"\frac{\partial R(q,c)}{\partial q}"
paper/model_rebuild/revision_20260907/02_demand_profit_derivation.tex,134,q,baseline or explicit boundary prose,"\frac{\partial R(q,c)}{\partial q}"
paper/model_rebuild/revision_20260907/02_demand_profit_derivation.tex,135,q,baseline or explicit boundary prose,"=\frac{R(q,c)}{q}>0,"
paper/model_rebuild/revision_20260907/02_demand_profit_derivation.tex,135,q,baseline or explicit boundary prose,"=\frac{R(q,c)}{q}>0,"
paper/model_rebuild/revision_20260907/02_demand_profit_derivation.tex,137,q,baseline or explicit boundary prose,"\frac{\partial R(q,c)}{\partial c}"
paper/model_rebuild/revision_20260907/02_demand_profit_derivation.tex,138,q,baseline or explicit boundary prose,"=(1-\varepsilon)\frac{R(q,c)}{c}<0."
paper/model_rebuild/revision_20260907/02_demand_profit_derivation.tex,147,q,baseline or explicit boundary prose,"\item As \(q\downarrow0\), both \(\pi(q,c)\) and \(R(q,c)\) converge to"
paper/model_rebuild/revision_20260907/02_demand_profit_derivation.tex,147,q,baseline or explicit boundary prose,"\item As \(q\downarrow0\), both \(\pi(q,c)\) and \(R(q,c)\) converge to"
paper/model_rebuild/revision_20260907/02_demand_profit_derivation.tex,147,q,baseline or explicit boundary prose,"\item As \(q\downarrow0\), both \(\pi(q,c)\) and \(R(q,c)\) converge to"
paper/model_rebuild/revision_20260907/02_demand_profit_derivation.tex,152,q,baseline or explicit boundary prose,"expectation and \(R(q,c)=\pi(q,c)\)."
paper/model_rebuild/revision_20260907/02_demand_profit_derivation.tex,152,q,baseline or explicit boundary prose,"expectation and \(R(q,c)=\pi(q,c)\)."
paper/model_rebuild/revision_20260907/02_demand_profit_derivation.tex,154,q,baseline or explicit boundary prose,"\(R(q,c)\to\pi(q,c)/(1-\beta)\), which remains finite because"
paper/model_rebuild/revision_20260907/02_demand_profit_derivation.tex,154,q,baseline or explicit boundary prose,"\(R(q,c)\to\pi(q,c)/(1-\beta)\), which remains finite because"
paper/model_rebuild/revision_20260907/02_demand_profit_derivation.tex,162,q,baseline or explicit boundary prose,"\item As \(c\downarrow0\) at fixed \(q>0\), optimized profit"
paper/model_rebuild/revision_20260907/02_demand_profit_derivation.tex,168,q,baseline or explicit boundary prose,"The object \(R(q,c)\) is gross operating present value. The marginal cost"
paper/model_rebuild/revision_20260907/02_demand_profit_derivation.tex,178,q,baseline or explicit boundary prose,"Nothing in this section gives MAH a direct effect on \(A\), \(q\),"
paper/model_rebuild/revision_20260907/03_internal_external_technologies.tex,9,\tau_E,baseline or explicit boundary prose,\(\tau_E(M)\).
paper/model_rebuild/revision_20260907/03_internal_external_technologies.tex,9,M,baseline or explicit boundary prose,\(\tau_E(M)\).
paper/model_rebuild/revision_20260907/03_internal_external_technologies.tex,14,m,baseline or explicit boundary prose,For a project with manufacturing requirement \(m>0\) and a developer with
paper/model_rebuild/revision_20260907/03_internal_external_technologies.tex,15,k_i,baseline or explicit boundary prose,"internal manufacturing capability \(k_i>0\), let"
paper/model_rebuild/revision_20260907/03_internal_external_technologies.tex,17,m,baseline or explicit boundary prose,"c_I(m,k_i)>0,"
paper/model_rebuild/revision_20260907/03_internal_external_technologies.tex,17,k_i,baseline or explicit boundary prose,"c_I(m,k_i)>0,"
paper/model_rebuild/revision_20260907/03_internal_external_technologies.tex,19,m,baseline or explicit boundary prose,"c_{I,m}(m,k_i)>0,"
paper/model_rebuild/revision_20260907/03_internal_external_technologies.tex,19,m,baseline or explicit boundary prose,"c_{I,m}(m,k_i)>0,"
paper/model_rebuild/revision_20260907/03_internal_external_technologies.tex,19,k_i,baseline or explicit boundary prose,"c_{I,m}(m,k_i)>0,"
paper/model_rebuild/revision_20260907/03_internal_external_technologies.tex,21,m,baseline or explicit boundary prose,"c_{I,k}(m,k_i)<0"
paper/model_rebuild/revision_20260907/03_internal_external_technologies.tex,21,k_i,baseline or explicit boundary prose,"c_{I,k}(m,k_i)<0"
paper/model_rebuild/revision_20260907/03_internal_external_technologies.tex,30,m,baseline or explicit boundary prose,"cost \(F_I(m,k_i)\), measured in \(\mathsf C\). Let"
paper/model_rebuild/revision_20260907/03_internal_external_technologies.tex,30,k_i,baseline or explicit boundary prose,"cost \(F_I(m,k_i)\), measured in \(\mathsf C\). Let"
paper/model_rebuild/revision_20260907/03_internal_external_technologies.tex,31,m,baseline or explicit boundary prose,\(\underline{k}(m)>0\) be the minimum capability needed for an internally
paper/model_rebuild/revision_20260907/03_internal_external_technologies.tex,32,m,baseline or explicit boundary prose,produced project with requirement \(m\). The feasibility convention is
paper/model_rebuild/revision_20260907/03_internal_external_technologies.tex,35,m,baseline or explicit boundary prose,"0\leq F_I(m,k_i)<+\infty,\quad"
paper/model_rebuild/revision_20260907/03_internal_external_technologies.tex,35,k_i,baseline or explicit boundary prose,"0\leq F_I(m,k_i)<+\infty,\quad"
paper/model_rebuild/revision_20260907/03_internal_external_technologies.tex,36,k_i,baseline or explicit boundary prose,"\quad\text{if }k_i\geq\underline{k}(m),\\"
paper/model_rebuild/revision_20260907/03_internal_external_technologies.tex,36,m,baseline or explicit boundary prose,"\quad\text{if }k_i\geq\underline{k}(m),\\"
paper/model_rebuild/revision_20260907/03_internal_external_technologies.tex,37,m,baseline or explicit boundary prose,"F_I(m,k_i)=+\infty"
paper/model_rebuild/revision_20260907/03_internal_external_technologies.tex,37,k_i,baseline or explicit boundary prose,"F_I(m,k_i)=+\infty"
paper/model_rebuild/revision_20260907/03_internal_external_technologies.tex,38,k_i,baseline or explicit boundary prose,\quad\text{if }k_i<\underline{k}(m).
paper/model_rebuild/revision_20260907/03_internal_external_technologies.tex,38,m,baseline or explicit boundary prose,\quad\text{if }k_i<\underline{k}(m).
paper/model_rebuild/revision_20260907/03_internal_external_technologies.tex,43,m,baseline or explicit boundary prose,"\(F_{I,m}>0\) and \(F_{I,k}<0\). Derivatives are not taken across the"
paper/model_rebuild/revision_20260907/03_internal_external_technologies.tex,54,m,baseline or explicit boundary prose,"c_E(m)>0,"
paper/model_rebuild/revision_20260907/03_internal_external_technologies.tex,58,k_i,baseline or explicit boundary prose,developer's internal capability \(k_i\): manufacturing is performed by the
paper/model_rebuild/revision_20260907/03_internal_external_technologies.tex,63,m,baseline or explicit boundary prose,"b(m)>0,"
paper/model_rebuild/revision_20260907/03_internal_external_technologies.tex,64,m,baseline or explicit boundary prose,"\qquad b'(m)>0,"
paper/model_rebuild/revision_20260907/03_internal_external_technologies.tex,67,m,baseline or explicit boundary prose,units of qualified manufacturing-service capacity. The object \(b(m)\) is a
paper/model_rebuild/revision_20260907/03_internal_external_technologies.tex,73,m,baseline or explicit boundary prose,"F_E(m)\geq0,"
paper/model_rebuild/revision_20260907/03_internal_external_technologies.tex,84,m,baseline or explicit boundary prose,The accounting roles are distinct. The technological marginal cost \(c_E(m)\)
paper/model_rebuild/revision_20260907/03_internal_external_technologies.tex,86,p_m,baseline or explicit boundary prose,"monetary capacity payment \(p_m b(m)\), the readiness cost \(F_E(m)\), the"
paper/model_rebuild/revision_20260907/03_internal_external_technologies.tex,86,m,baseline or explicit boundary prose,"monetary capacity payment \(p_m b(m)\), the readiness cost \(F_E(m)\), the"
paper/model_rebuild/revision_20260907/03_internal_external_technologies.tex,86,m,baseline or explicit boundary prose,"monetary capacity payment \(p_m b(m)\), the readiness cost \(F_E(m)\), the"
paper/model_rebuild/revision_20260907/03_internal_external_technologies.tex,87,\tau_E,baseline or explicit boundary prose,"holder burden \(\mu_E\), and the institutional barrier \(\tau_E(M)\) are not"
paper/model_rebuild/revision_20260907/03_internal_external_technologies.tex,87,M,baseline or explicit boundary prose,"holder burden \(\mu_E\), and the institutional barrier \(\tau_E(M)\) are not"
paper/model_rebuild/revision_20260907/03_internal_external_technologies.tex,88,m,baseline or explicit boundary prose,embedded in \(c_E(m)\). Each can therefore enter a later route value at most
paper/model_rebuild/revision_20260907/03_internal_external_technologies.tex,97,k_i,baseline or explicit boundary prose,its own capability \(k_i\);
paper/model_rebuild/revision_20260907/03_internal_external_technologies.tex,106,M,baseline or explicit boundary prose,"M\in\{0,1\},"
paper/model_rebuild/revision_20260907/03_internal_external_technologies.tex,108,\tau_E,baseline or explicit boundary prose,"\tau_E(0)=+\infty,"
paper/model_rebuild/revision_20260907/03_internal_external_technologies.tex,110,\tau_E,baseline or explicit boundary prose,\tau_E(1)=\bar\tau_E<+\infty.
paper/model_rebuild/revision_20260907/03_internal_external_technologies.tex,110,\tau_E,baseline or explicit boundary prose,\tau_E(1)=\bar\tau_E<+\infty.
paper/model_rebuild/revision_20260907/03_internal_external_technologies.tex,114,a_i,baseline or explicit boundary prose,"\(b\), \(F_E\), \(\mu_E\), \(a_i\), \(k_i\), \(q\), \(m\), \(s(q)\), or"
paper/model_rebuild/revision_20260907/03_internal_external_technologies.tex,114,k_i,baseline or explicit boundary prose,"\(b\), \(F_E\), \(\mu_E\), \(a_i\), \(k_i\), \(q\), \(m\), \(s(q)\), or"
paper/model_rebuild/revision_20260907/03_internal_external_technologies.tex,114,q,baseline or explicit boundary prose,"\(b\), \(F_E\), \(\mu_E\), \(a_i\), \(k_i\), \(q\), \(m\), \(s(q)\), or"
paper/model_rebuild/revision_20260907/03_internal_external_technologies.tex,114,m,baseline or explicit boundary prose,"\(b\), \(F_E\), \(\mu_E\), \(a_i\), \(k_i\), \(q\), \(m\), \(s(q)\), or"
paper/model_rebuild/revision_20260907/03_internal_external_technologies.tex,114,s(q),baseline or explicit boundary prose,"\(b\), \(F_E\), \(\mu_E\), \(a_i\), \(k_i\), \(q\), \(m\), \(s(q)\), or"
paper/model_rebuild/revision_20260907/03_internal_external_technologies.tex,115,q,baseline or explicit boundary prose,"\(s_g(q)\). In particular, this technology block does not posit a fall in"
paper/model_rebuild/revision_20260907/03_internal_external_technologies.tex,116,p_m,baseline or explicit boundary prose,\(p_m^*\) or an outward shift of CMO supply. Price and capacity are equilibrium
paper/model_rebuild/revision_20260907/03_internal_external_technologies.tex,122,k_i,baseline or explicit boundary prose,"If \(k_i<\underline{k}(m)\), internal production is infeasible because"
paper/model_rebuild/revision_20260907/03_internal_external_technologies.tex,122,m,baseline or explicit boundary prose,"If \(k_i<\underline{k}(m)\), internal production is infeasible because"
paper/model_rebuild/revision_20260907/03_internal_external_technologies.tex,124,k_i,baseline or explicit boundary prose,\(k_i\) within the feasible domain lowers both internal marginal and setup
paper/model_rebuild/revision_20260907/03_internal_external_technologies.tex,125,m,baseline or explicit boundary prose,"costs, while increasing \(m\) raises both. The entrusted technology does not"
paper/model_rebuild/revision_20260907/03_internal_external_technologies.tex,126,k_i,baseline or explicit boundary prose,"use \(k_i\), but a larger \(m\) strictly raises its qualified-capacity"
paper/model_rebuild/revision_20260907/03_internal_external_technologies.tex,126,m,baseline or explicit boundary prose,"use \(k_i\), but a larger \(m\) strictly raises its qualified-capacity"
paper/model_rebuild/revision_20260907/03_internal_external_technologies.tex,127,m,baseline or explicit boundary prose,requirement \(b(m)\). None of these statements is a route-choice result:
paper/model_rebuild/revision_20260907/04_route_values_and_sorting.tex,7,p_m,baseline or explicit boundary prose,manufacturing-service price \(p_m\) as fixed and conjectured. Market
paper/model_rebuild/revision_20260907/04_route_values_and_sorting.tex,8,p_m,baseline or explicit boundary prose,consistency for \(p_m^*\) is imposed in the capacity-market section below.
paper/model_rebuild/revision_20260907/04_route_values_and_sorting.tex,15,W_i^,baseline or explicit boundary prose,"W_i^I(q,m)"
paper/model_rebuild/revision_20260907/04_route_values_and_sorting.tex,15,q,baseline or explicit boundary prose,"W_i^I(q,m)"
paper/model_rebuild/revision_20260907/04_route_values_and_sorting.tex,15,m,baseline or explicit boundary prose,"W_i^I(q,m)"
paper/model_rebuild/revision_20260907/04_route_values_and_sorting.tex,17,s(q),baseline or explicit boundary prose,"s(q)R\!\left(q,c_I(m,k_i)\right)"
paper/model_rebuild/revision_20260907/04_route_values_and_sorting.tex,17,q,baseline or explicit boundary prose,"s(q)R\!\left(q,c_I(m,k_i)\right)"
paper/model_rebuild/revision_20260907/04_route_values_and_sorting.tex,17,m,baseline or explicit boundary prose,"s(q)R\!\left(q,c_I(m,k_i)\right)"
paper/model_rebuild/revision_20260907/04_route_values_and_sorting.tex,17,k_i,baseline or explicit boundary prose,"s(q)R\!\left(q,c_I(m,k_i)\right)"
paper/model_rebuild/revision_20260907/04_route_values_and_sorting.tex,19,m,baseline or explicit boundary prose,"F_I(m,k_i)."
paper/model_rebuild/revision_20260907/04_route_values_and_sorting.tex,19,k_i,baseline or explicit boundary prose,"F_I(m,k_i)."
paper/model_rebuild/revision_20260907/04_route_values_and_sorting.tex,22,k_i,baseline or explicit boundary prose,"If \(k_i<\underline{k}(m)\), then \(F_I=+\infty\) and"
paper/model_rebuild/revision_20260907/04_route_values_and_sorting.tex,22,m,baseline or explicit boundary prose,"If \(k_i<\underline{k}(m)\), then \(F_I=+\infty\) and"
paper/model_rebuild/revision_20260907/04_route_values_and_sorting.tex,23,W_i^,baseline or explicit boundary prose,"\(W_i^I=-\infty\), so internal production is unavailable. This is an extended-value convention;"
paper/model_rebuild/revision_20260907/04_route_values_and_sorting.tex,26,p_m,baseline or explicit boundary prose,"At a conjectured CMO capacity price \(p_m\), retained entrusted manufacturing"
paper/model_rebuild/revision_20260907/04_route_values_and_sorting.tex,30,W_i^,baseline or explicit boundary prose,"W_i^E(q,m;M,p_m)"
paper/model_rebuild/revision_20260907/04_route_values_and_sorting.tex,30,q,baseline or explicit boundary prose,"W_i^E(q,m;M,p_m)"
paper/model_rebuild/revision_20260907/04_route_values_and_sorting.tex,30,m,baseline or explicit boundary prose,"W_i^E(q,m;M,p_m)"
paper/model_rebuild/revision_20260907/04_route_values_and_sorting.tex,30,M,baseline or explicit boundary prose,"W_i^E(q,m;M,p_m)"
paper/model_rebuild/revision_20260907/04_route_values_and_sorting.tex,30,p_m,baseline or explicit boundary prose,"W_i^E(q,m;M,p_m)"
paper/model_rebuild/revision_20260907/04_route_values_and_sorting.tex,32,s(q),baseline or explicit boundary prose,"s(q)R\!\left(q,c_E(m)\right)"
paper/model_rebuild/revision_20260907/04_route_values_and_sorting.tex,32,q,baseline or explicit boundary prose,"s(q)R\!\left(q,c_E(m)\right)"
paper/model_rebuild/revision_20260907/04_route_values_and_sorting.tex,32,m,baseline or explicit boundary prose,"s(q)R\!\left(q,c_E(m)\right)"
paper/model_rebuild/revision_20260907/04_route_values_and_sorting.tex,33,m,baseline or explicit boundary prose,-F_E(m)-p_m b(m)\\
paper/model_rebuild/revision_20260907/04_route_values_and_sorting.tex,33,p_m,baseline or explicit boundary prose,-F_E(m)-p_m b(m)\\
paper/model_rebuild/revision_20260907/04_route_values_and_sorting.tex,33,m,baseline or explicit boundary prose,-F_E(m)-p_m b(m)\\
paper/model_rebuild/revision_20260907/04_route_values_and_sorting.tex,34,\tau_E,baseline or explicit boundary prose,&-\mu_E-\tau_E(M).
paper/model_rebuild/revision_20260907/04_route_values_and_sorting.tex,34,M,baseline or explicit boundary prose,&-\mu_E-\tau_E(M).
paper/model_rebuild/revision_20260907/04_route_values_and_sorting.tex,40,p_m,baseline or explicit boundary prose,"In particular, \(p_m b(m)\) is not contained in \(c_E(m)\)."
paper/model_rebuild/revision_20260907/04_route_values_and_sorting.tex,40,m,baseline or explicit boundary prose,"In particular, \(p_m b(m)\) is not contained in \(c_E(m)\)."
paper/model_rebuild/revision_20260907/04_route_values_and_sorting.tex,40,m,baseline or explicit boundary prose,"In particular, \(p_m b(m)\) is not contained in \(c_E(m)\)."
paper/model_rebuild/revision_20260907/04_route_values_and_sorting.tex,43,q,baseline or explicit boundary prose,"function \(T(q,m)\), and normalize abandonment or indefinite delay to zero:"
paper/model_rebuild/revision_20260907/04_route_values_and_sorting.tex,43,m,baseline or explicit boundary prose,"function \(T(q,m)\), and normalize abandonment or indefinite delay to zero:"
paper/model_rebuild/revision_20260907/04_route_values_and_sorting.tex,45,W^,baseline or explicit boundary prose,"W^T(q,m)=T(q,m),"
paper/model_rebuild/revision_20260907/04_route_values_and_sorting.tex,45,q,baseline or explicit boundary prose,"W^T(q,m)=T(q,m),"
paper/model_rebuild/revision_20260907/04_route_values_and_sorting.tex,45,m,baseline or explicit boundary prose,"W^T(q,m)=T(q,m),"
paper/model_rebuild/revision_20260907/04_route_values_and_sorting.tex,45,q,baseline or explicit boundary prose,"W^T(q,m)=T(q,m),"
paper/model_rebuild/revision_20260907/04_route_values_and_sorting.tex,45,m,baseline or explicit boundary prose,"W^T(q,m)=T(q,m),"
paper/model_rebuild/revision_20260907/04_route_values_and_sorting.tex,47,W^,baseline or explicit boundary prose,W^A=0.
paper/model_rebuild/revision_20260907/04_route_values_and_sorting.tex,57,q,baseline or explicit boundary prose,"W_i(q,m;M,p_m)"
paper/model_rebuild/revision_20260907/04_route_values_and_sorting.tex,57,m,baseline or explicit boundary prose,"W_i(q,m;M,p_m)"
paper/model_rebuild/revision_20260907/04_route_values_and_sorting.tex,57,M,baseline or explicit boundary prose,"W_i(q,m;M,p_m)"
paper/model_rebuild/revision_20260907/04_route_values_and_sorting.tex,57,p_m,baseline or explicit boundary prose,"W_i(q,m;M,p_m)"
paper/model_rebuild/revision_20260907/04_route_values_and_sorting.tex,60,W_i^,baseline or explicit boundary prose,"W_i^I(q,m),"
paper/model_rebuild/revision_20260907/04_route_values_and_sorting.tex,60,q,baseline or explicit boundary prose,"W_i^I(q,m),"
paper/model_rebuild/revision_20260907/04_route_values_and_sorting.tex,60,m,baseline or explicit boundary prose,"W_i^I(q,m),"
paper/model_rebuild/revision_20260907/04_route_values_and_sorting.tex,61,W_i^,baseline or explicit boundary prose,"W_i^E(q,m;M,p_m),"
paper/model_rebuild/revision_20260907/04_route_values_and_sorting.tex,61,q,baseline or explicit boundary prose,"W_i^E(q,m;M,p_m),"
paper/model_rebuild/revision_20260907/04_route_values_and_sorting.tex,61,m,baseline or explicit boundary prose,"W_i^E(q,m;M,p_m),"
paper/model_rebuild/revision_20260907/04_route_values_and_sorting.tex,61,M,baseline or explicit boundary prose,"W_i^E(q,m;M,p_m),"
paper/model_rebuild/revision_20260907/04_route_values_and_sorting.tex,61,p_m,baseline or explicit boundary prose,"W_i^E(q,m;M,p_m),"
paper/model_rebuild/revision_20260907/04_route_values_and_sorting.tex,62,W^,baseline or explicit boundary prose,"W^T(q,m),"
paper/model_rebuild/revision_20260907/04_route_values_and_sorting.tex,62,q,baseline or explicit boundary prose,"W^T(q,m),"
paper/model_rebuild/revision_20260907/04_route_values_and_sorting.tex,62,m,baseline or explicit boundary prose,"W^T(q,m),"
paper/model_rebuild/revision_20260907/04_route_values_and_sorting.tex,63,W^,baseline or explicit boundary prose,W^A
paper/model_rebuild/revision_20260907/04_route_values_and_sorting.tex,69,q,baseline or explicit boundary prose,"r_i^*(q,m;M,p_m)"
paper/model_rebuild/revision_20260907/04_route_values_and_sorting.tex,69,m,baseline or explicit boundary prose,"r_i^*(q,m;M,p_m)"
paper/model_rebuild/revision_20260907/04_route_values_and_sorting.tex,69,M,baseline or explicit boundary prose,"r_i^*(q,m;M,p_m)"
paper/model_rebuild/revision_20260907/04_route_values_and_sorting.tex,69,p_m,baseline or explicit boundary prose,"r_i^*(q,m;M,p_m)"
paper/model_rebuild/revision_20260907/04_route_values_and_sorting.tex,73,W_i^,baseline or explicit boundary prose,"W_i^I(q,m), & r=I,\\"
paper/model_rebuild/revision_20260907/04_route_values_and_sorting.tex,73,q,baseline or explicit boundary prose,"W_i^I(q,m), & r=I,\\"
paper/model_rebuild/revision_20260907/04_route_values_and_sorting.tex,73,m,baseline or explicit boundary prose,"W_i^I(q,m), & r=I,\\"
paper/model_rebuild/revision_20260907/04_route_values_and_sorting.tex,74,W_i^,baseline or explicit boundary prose,"W_i^E(q,m;M,p_m), & r=E,\\"
paper/model_rebuild/revision_20260907/04_route_values_and_sorting.tex,74,q,baseline or explicit boundary prose,"W_i^E(q,m;M,p_m), & r=E,\\"
paper/model_rebuild/revision_20260907/04_route_values_and_sorting.tex,74,m,baseline or explicit boundary prose,"W_i^E(q,m;M,p_m), & r=E,\\"
paper/model_rebuild/revision_20260907/04_route_values_and_sorting.tex,74,M,baseline or explicit boundary prose,"W_i^E(q,m;M,p_m), & r=E,\\"
paper/model_rebuild/revision_20260907/04_route_values_and_sorting.tex,74,p_m,baseline or explicit boundary prose,"W_i^E(q,m;M,p_m), & r=E,\\"
paper/model_rebuild/revision_20260907/04_route_values_and_sorting.tex,75,W^,baseline or explicit boundary prose,"W^T(q,m), & r=T,\\"
paper/model_rebuild/revision_20260907/04_route_values_and_sorting.tex,75,q,baseline or explicit boundary prose,"W^T(q,m), & r=T,\\"
paper/model_rebuild/revision_20260907/04_route_values_and_sorting.tex,75,m,baseline or explicit boundary prose,"W^T(q,m), & r=T,\\"
paper/model_rebuild/revision_20260907/04_route_values_and_sorting.tex,76,W^,baseline or explicit boundary prose,"W^A, & r=A."
paper/model_rebuild/revision_20260907/04_route_values_and_sorting.tex,87,M,baseline or explicit boundary prose,"When \(M=0\), \(\tau_E(0)=+\infty\) implies \(W_i^E=-\infty\)."
paper/model_rebuild/revision_20260907/04_route_values_and_sorting.tex,87,\tau_E,baseline or explicit boundary prose,"When \(M=0\), \(\tau_E(0)=+\infty\) implies \(W_i^E=-\infty\)."
paper/model_rebuild/revision_20260907/04_route_values_and_sorting.tex,87,W_i^,baseline or explicit boundary prose,"When \(M=0\), \(\tau_E(0)=+\infty\) implies \(W_i^E=-\infty\)."
paper/model_rebuild/revision_20260907/04_route_values_and_sorting.tex,88,p_m,baseline or explicit boundary prose,"At fixed \(p_m\), the binary reform comparison is therefore"
paper/model_rebuild/revision_20260907/04_route_values_and_sorting.tex,91,q,baseline or explicit boundary prose,"&W_i(q,m;1,p_m)-W_i(q,m;0,p_m)\\"
paper/model_rebuild/revision_20260907/04_route_values_and_sorting.tex,91,m,baseline or explicit boundary prose,"&W_i(q,m;1,p_m)-W_i(q,m;0,p_m)\\"
paper/model_rebuild/revision_20260907/04_route_values_and_sorting.tex,91,p_m,baseline or explicit boundary prose,"&W_i(q,m;1,p_m)-W_i(q,m;0,p_m)\\"
paper/model_rebuild/revision_20260907/04_route_values_and_sorting.tex,91,q,baseline or explicit boundary prose,"&W_i(q,m;1,p_m)-W_i(q,m;0,p_m)\\"
paper/model_rebuild/revision_20260907/04_route_values_and_sorting.tex,91,m,baseline or explicit boundary prose,"&W_i(q,m;1,p_m)-W_i(q,m;0,p_m)\\"
paper/model_rebuild/revision_20260907/04_route_values_and_sorting.tex,91,p_m,baseline or explicit boundary prose,"&W_i(q,m;1,p_m)-W_i(q,m;0,p_m)\\"
paper/model_rebuild/revision_20260907/04_route_values_and_sorting.tex,94,W_i^,baseline or explicit boundary prose,"W_i^E(q,m;1,p_m),W_i^I(q,m),W^T(q,m),0"
paper/model_rebuild/revision_20260907/04_route_values_and_sorting.tex,94,q,baseline or explicit boundary prose,"W_i^E(q,m;1,p_m),W_i^I(q,m),W^T(q,m),0"
paper/model_rebuild/revision_20260907/04_route_values_and_sorting.tex,94,m,baseline or explicit boundary prose,"W_i^E(q,m;1,p_m),W_i^I(q,m),W^T(q,m),0"
paper/model_rebuild/revision_20260907/04_route_values_and_sorting.tex,94,p_m,baseline or explicit boundary prose,"W_i^E(q,m;1,p_m),W_i^I(q,m),W^T(q,m),0"
paper/model_rebuild/revision_20260907/04_route_values_and_sorting.tex,94,W_i^,baseline or explicit boundary prose,"W_i^E(q,m;1,p_m),W_i^I(q,m),W^T(q,m),0"
paper/model_rebuild/revision_20260907/04_route_values_and_sorting.tex,94,q,baseline or explicit boundary prose,"W_i^E(q,m;1,p_m),W_i^I(q,m),W^T(q,m),0"
paper/model_rebuild/revision_20260907/04_route_values_and_sorting.tex,94,m,baseline or explicit boundary prose,"W_i^E(q,m;1,p_m),W_i^I(q,m),W^T(q,m),0"
paper/model_rebuild/revision_20260907/04_route_values_and_sorting.tex,94,W^,baseline or explicit boundary prose,"W_i^E(q,m;1,p_m),W_i^I(q,m),W^T(q,m),0"
paper/model_rebuild/revision_20260907/04_route_values_and_sorting.tex,94,q,baseline or explicit boundary prose,"W_i^E(q,m;1,p_m),W_i^I(q,m),W^T(q,m),0"
paper/model_rebuild/revision_20260907/04_route_values_and_sorting.tex,94,m,baseline or explicit boundary prose,"W_i^E(q,m;1,p_m),W_i^I(q,m),W^T(q,m),0"
paper/model_rebuild/revision_20260907/04_route_values_and_sorting.tex,96,W_i^,baseline or explicit boundary prose,"&\qquad\quad-\max\!\left\{W_i^I(q,m),W^T(q,m),0\right\}"
paper/model_rebuild/revision_20260907/04_route_values_and_sorting.tex,96,q,baseline or explicit boundary prose,"&\qquad\quad-\max\!\left\{W_i^I(q,m),W^T(q,m),0\right\}"
paper/model_rebuild/revision_20260907/04_route_values_and_sorting.tex,96,m,baseline or explicit boundary prose,"&\qquad\quad-\max\!\left\{W_i^I(q,m),W^T(q,m),0\right\}"
paper/model_rebuild/revision_20260907/04_route_values_and_sorting.tex,96,W^,baseline or explicit boundary prose,"&\qquad\quad-\max\!\left\{W_i^I(q,m),W^T(q,m),0\right\}"
paper/model_rebuild/revision_20260907/04_route_values_and_sorting.tex,96,q,baseline or explicit boundary prose,"&\qquad\quad-\max\!\left\{W_i^I(q,m),W^T(q,m),0\right\}"
paper/model_rebuild/revision_20260907/04_route_values_and_sorting.tex,96,m,baseline or explicit boundary prose,"&\qquad\quad-\max\!\left\{W_i^I(q,m),W^T(q,m),0\right\}"
paper/model_rebuild/revision_20260907/04_route_values_and_sorting.tex,109,q,baseline or explicit boundary prose,"For fixed \(q,m,M,p_m\) with finite \(\tau_E(M)\) and internal"
paper/model_rebuild/revision_20260907/04_route_values_and_sorting.tex,109,m,baseline or explicit boundary prose,"For fixed \(q,m,M,p_m\) with finite \(\tau_E(M)\) and internal"
paper/model_rebuild/revision_20260907/04_route_values_and_sorting.tex,109,M,baseline or explicit boundary prose,"For fixed \(q,m,M,p_m\) with finite \(\tau_E(M)\) and internal"
paper/model_rebuild/revision_20260907/04_route_values_and_sorting.tex,109,p_m,baseline or explicit boundary prose,"For fixed \(q,m,M,p_m\) with finite \(\tau_E(M)\) and internal"
paper/model_rebuild/revision_20260907/04_route_values_and_sorting.tex,109,\tau_E,baseline or explicit boundary prose,"For fixed \(q,m,M,p_m\) with finite \(\tau_E(M)\) and internal"
paper/model_rebuild/revision_20260907/04_route_values_and_sorting.tex,109,M,baseline or explicit boundary prose,"For fixed \(q,m,M,p_m\) with finite \(\tau_E(M)\) and internal"
paper/model_rebuild/revision_20260907/04_route_values_and_sorting.tex,112,k_i,baseline or explicit boundary prose,"\Delta_{IE}(k_i;q,m,M,p_m)"
paper/model_rebuild/revision_20260907/04_route_values_and_sorting.tex,112,q,baseline or explicit boundary prose,"\Delta_{IE}(k_i;q,m,M,p_m)"
paper/model_rebuild/revision_20260907/04_route_values_and_sorting.tex,112,m,baseline or explicit boundary prose,"\Delta_{IE}(k_i;q,m,M,p_m)"
paper/model_rebuild/revision_20260907/04_route_values_and_sorting.tex,112,M,baseline or explicit boundary prose,"\Delta_{IE}(k_i;q,m,M,p_m)"
paper/model_rebuild/revision_20260907/04_route_values_and_sorting.tex,112,p_m,baseline or explicit boundary prose,"\Delta_{IE}(k_i;q,m,M,p_m)"
paper/model_rebuild/revision_20260907/04_route_values_and_sorting.tex,114,W_i^,baseline or explicit boundary prose,"W_i^I(q,m)-W_i^E(q,m;M,p_m) \notag\\"
paper/model_rebuild/revision_20260907/04_route_values_and_sorting.tex,114,q,baseline or explicit boundary prose,"W_i^I(q,m)-W_i^E(q,m;M,p_m) \notag\\"
paper/model_rebuild/revision_20260907/04_route_values_and_sorting.tex,114,m,baseline or explicit boundary prose,"W_i^I(q,m)-W_i^E(q,m;M,p_m) \notag\\"
paper/model_rebuild/revision_20260907/04_route_values_and_sorting.tex,114,W_i^,baseline or explicit boundary prose,"W_i^I(q,m)-W_i^E(q,m;M,p_m) \notag\\"
paper/model_rebuild/revision_20260907/04_route_values_and_sorting.tex,114,q,baseline or explicit boundary prose,"W_i^I(q,m)-W_i^E(q,m;M,p_m) \notag\\"
paper/model_rebuild/revision_20260907/04_route_values_and_sorting.tex,114,m,baseline or explicit boundary prose,"W_i^I(q,m)-W_i^E(q,m;M,p_m) \notag\\"
paper/model_rebuild/revision_20260907/04_route_values_and_sorting.tex,114,M,baseline or explicit boundary prose,"W_i^I(q,m)-W_i^E(q,m;M,p_m) \notag\\"
paper/model_rebuild/revision_20260907/04_route_values_and_sorting.tex,114,p_m,baseline or explicit boundary prose,"W_i^I(q,m)-W_i^E(q,m;M,p_m) \notag\\"
paper/model_rebuild/revision_20260907/04_route_values_and_sorting.tex,116,s(q),baseline or explicit boundary prose,s(q)\!\left[
paper/model_rebuild/revision_20260907/04_route_values_and_sorting.tex,117,q,baseline or explicit boundary prose,"R\!\left(q,c_I(m,k_i)\right)"
paper/model_rebuild/revision_20260907/04_route_values_and_sorting.tex,117,m,baseline or explicit boundary prose,"R\!\left(q,c_I(m,k_i)\right)"
paper/model_rebuild/revision_20260907/04_route_values_and_sorting.tex,117,k_i,baseline or explicit boundary prose,"R\!\left(q,c_I(m,k_i)\right)"
paper/model_rebuild/revision_20260907/04_route_values_and_sorting.tex,118,q,baseline or explicit boundary prose,"-R\!\left(q,c_E(m)\right)"
paper/model_rebuild/revision_20260907/04_route_values_and_sorting.tex,118,m,baseline or explicit boundary prose,"-R\!\left(q,c_E(m)\right)"
paper/model_rebuild/revision_20260907/04_route_values_and_sorting.tex,120,m,baseline or explicit boundary prose,"-F_I(m,k_i) \notag\\"
paper/model_rebuild/revision_20260907/04_route_values_and_sorting.tex,120,k_i,baseline or explicit boundary prose,"-F_I(m,k_i) \notag\\"
paper/model_rebuild/revision_20260907/04_route_values_and_sorting.tex,122,m,baseline or explicit boundary prose,+F_E(m)+p_m b(m)+\mu_E+\tau_E(M).
paper/model_rebuild/revision_20260907/04_route_values_and_sorting.tex,122,p_m,baseline or explicit boundary prose,+F_E(m)+p_m b(m)+\mu_E+\tau_E(M).
paper/model_rebuild/revision_20260907/04_route_values_and_sorting.tex,122,m,baseline or explicit boundary prose,+F_E(m)+p_m b(m)+\mu_E+\tau_E(M).
paper/model_rebuild/revision_20260907/04_route_values_and_sorting.tex,122,\tau_E,baseline or explicit boundary prose,+F_E(m)+p_m b(m)+\mu_E+\tau_E(M).
paper/model_rebuild/revision_20260907/04_route_values_and_sorting.tex,122,M,baseline or explicit boundary prose,+F_E(m)+p_m b(m)+\mu_E+\tau_E(M).
paper/model_rebuild/revision_20260907/04_route_values_and_sorting.tex,126,k_i,baseline or explicit boundary prose,"with \(k_i\). Holding \(q,m,M,p_m\) fixed,"
paper/model_rebuild/revision_20260907/04_route_values_and_sorting.tex,126,q,baseline or explicit boundary prose,"with \(k_i\). Holding \(q,m,M,p_m\) fixed,"
paper/model_rebuild/revision_20260907/04_route_values_and_sorting.tex,126,m,baseline or explicit boundary prose,"with \(k_i\). Holding \(q,m,M,p_m\) fixed,"
paper/model_rebuild/revision_20260907/04_route_values_and_sorting.tex,126,M,baseline or explicit boundary prose,"with \(k_i\). Holding \(q,m,M,p_m\) fixed,"
paper/model_rebuild/revision_20260907/04_route_values_and_sorting.tex,126,p_m,baseline or explicit boundary prose,"with \(k_i\). Holding \(q,m,M,p_m\) fixed,"
paper/model_rebuild/revision_20260907/04_route_values_and_sorting.tex,128,k_i,baseline or explicit boundary prose,\frac{\partial\Delta_{IE}}{\partial k_i}
paper/model_rebuild/revision_20260907/04_route_values_and_sorting.tex,130,s(q),baseline or explicit boundary prose,"s(q)R_c\!\left(q,c_I(m,k_i)\right)c_{I,k}(m,k_i)"
paper/model_rebuild/revision_20260907/04_route_values_and_sorting.tex,130,q,baseline or explicit boundary prose,"s(q)R_c\!\left(q,c_I(m,k_i)\right)c_{I,k}(m,k_i)"
paper/model_rebuild/revision_20260907/04_route_values_and_sorting.tex,130,m,baseline or explicit boundary prose,"s(q)R_c\!\left(q,c_I(m,k_i)\right)c_{I,k}(m,k_i)"
paper/model_rebuild/revision_20260907/04_route_values_and_sorting.tex,130,k_i,baseline or explicit boundary prose,"s(q)R_c\!\left(q,c_I(m,k_i)\right)c_{I,k}(m,k_i)"
paper/model_rebuild/revision_20260907/04_route_values_and_sorting.tex,130,m,baseline or explicit boundary prose,"s(q)R_c\!\left(q,c_I(m,k_i)\right)c_{I,k}(m,k_i)"
paper/model_rebuild/revision_20260907/04_route_values_and_sorting.tex,130,k_i,baseline or explicit boundary prose,"s(q)R_c\!\left(q,c_I(m,k_i)\right)c_{I,k}(m,k_i)"
paper/model_rebuild/revision_20260907/04_route_values_and_sorting.tex,132,m,baseline or explicit boundary prose,"F_{I,k}(m,k_i)"
paper/model_rebuild/revision_20260907/04_route_values_and_sorting.tex,132,k_i,baseline or explicit boundary prose,"F_{I,k}(m,k_i)"
paper/model_rebuild/revision_20260907/04_route_values_and_sorting.tex,136,s(q),baseline or explicit boundary prose,"The first term is weakly positive because \(s(q)\geq0\),"
paper/model_rebuild/revision_20260907/04_route_values_and_sorting.tex,139,s(q),baseline or explicit boundary prose,the boundary case \(s(q)=0\).
paper/model_rebuild/revision_20260907/04_route_values_and_sorting.tex,147,m,baseline or explicit boundary prose,"\lim_{k\downarrow\underline{k}(m)}\Delta_{IE}(k)<0,"
paper/model_rebuild/revision_20260907/04_route_values_and_sorting.tex,155,q,baseline or explicit boundary prose,"\Delta_{IE}\!\left(k^*(q,m;p_m,M);q,m,M,p_m\right)=0."
paper/model_rebuild/revision_20260907/04_route_values_and_sorting.tex,155,m,baseline or explicit boundary prose,"\Delta_{IE}\!\left(k^*(q,m;p_m,M);q,m,M,p_m\right)=0."
paper/model_rebuild/revision_20260907/04_route_values_and_sorting.tex,155,p_m,baseline or explicit boundary prose,"\Delta_{IE}\!\left(k^*(q,m;p_m,M);q,m,M,p_m\right)=0."
paper/model_rebuild/revision_20260907/04_route_values_and_sorting.tex,155,M,baseline or explicit boundary prose,"\Delta_{IE}\!\left(k^*(q,m;p_m,M);q,m,M,p_m\right)=0."
paper/model_rebuild/revision_20260907/04_route_values_and_sorting.tex,155,q,baseline or explicit boundary prose,"\Delta_{IE}\!\left(k^*(q,m;p_m,M);q,m,M,p_m\right)=0."
paper/model_rebuild/revision_20260907/04_route_values_and_sorting.tex,155,m,baseline or explicit boundary prose,"\Delta_{IE}\!\left(k^*(q,m;p_m,M);q,m,M,p_m\right)=0."
paper/model_rebuild/revision_20260907/04_route_values_and_sorting.tex,155,M,baseline or explicit boundary prose,"\Delta_{IE}\!\left(k^*(q,m;p_m,M);q,m,M,p_m\right)=0."
paper/model_rebuild/revision_20260907/04_route_values_and_sorting.tex,155,p_m,baseline or explicit boundary prose,"\Delta_{IE}\!\left(k^*(q,m;p_m,M);q,m,M,p_m\right)=0."
paper/model_rebuild/revision_20260907/04_route_values_and_sorting.tex,160,k_i,baseline or explicit boundary prose,"k_i<k^*\Rightarrow r_i^*=E,"
paper/model_rebuild/revision_20260907/04_route_values_and_sorting.tex,162,k_i,baseline or explicit boundary prose,k_i>k^*\Rightarrow r_i^*=I.
paper/model_rebuild/revision_20260907/04_route_values_and_sorting.tex,168,\tau_E,baseline or explicit boundary prose,"For a finite wedge, let the arguments \(\tau_E\) and \(p_m\) vary locally"
paper/model_rebuild/revision_20260907/04_route_values_and_sorting.tex,168,p_m,baseline or explicit boundary prose,"For a finite wedge, let the arguments \(\tau_E\) and \(p_m\) vary locally"
paper/model_rebuild/revision_20260907/04_route_values_and_sorting.tex,169,q,baseline or explicit boundary prose,"while holding \(q,m\) fixed. Since"
paper/model_rebuild/revision_20260907/04_route_values_and_sorting.tex,169,m,baseline or explicit boundary prose,"while holding \(q,m\) fixed. Since"
paper/model_rebuild/revision_20260907/04_route_values_and_sorting.tex,171,\tau_E,baseline or explicit boundary prose,"\frac{\partial\Delta_{IE}}{\partial\tau_E}=1,"
paper/model_rebuild/revision_20260907/04_route_values_and_sorting.tex,173,p_m,baseline or explicit boundary prose,"\frac{\partial\Delta_{IE}}{\partial p_m}=b(m)>0,"
paper/model_rebuild/revision_20260907/04_route_values_and_sorting.tex,173,m,baseline or explicit boundary prose,"\frac{\partial\Delta_{IE}}{\partial p_m}=b(m)>0,"
paper/model_rebuild/revision_20260907/04_route_values_and_sorting.tex,177,\tau_E,baseline or explicit boundary prose,\frac{\partial k^*}{\partial\tau_E}
paper/model_rebuild/revision_20260907/04_route_values_and_sorting.tex,181,p_m,baseline or explicit boundary prose,\frac{\partial k^*}{\partial p_m}
paper/model_rebuild/revision_20260907/04_route_values_and_sorting.tex,183,m,baseline or explicit boundary prose,"-\frac{b(m)}{\Delta_{IE,k}(k^*)}<0."
paper/model_rebuild/revision_20260907/04_route_values_and_sorting.tex,187,k_i,baseline or explicit boundary prose,entrusted-production region \(k_i<k^*\). A higher fixed CMO price lowers
paper/model_rebuild/revision_20260907/04_route_values_and_sorting.tex,189,p_m,baseline or explicit boundary prose,"comparative static, not an equilibrium derivative through \(p_m^*\)."
paper/model_rebuild/revision_20260907/05_rd_problem.tex,6,p_m,baseline or explicit boundary prose,qualified manufacturing-service price \(p_m\). It uses the deterministic
paper/model_rebuild/revision_20260907/05_rd_problem.tex,8,p_m,baseline or explicit boundary prose,that selects \(p_m^*\) are imposed in the capacity-market section below.
paper/model_rebuild/revision_20260907/05_rd_problem.tex,13,x_i,baseline or explicit boundary prose,Developer \(i\) chooses one common control \(x_i\geq0\). Its canonical meaning
paper/model_rebuild/revision_20260907/05_rd_problem.tex,19,a_i,baseline or explicit boundary prose,Predetermined project-advancement productivity \(a_i>0\) converts the control
paper/model_rebuild/revision_20260907/05_rd_problem.tex,22,a_i,baseline or explicit boundary prose,\lambda_i^{\mathrm{plan}}=a_ix_i.
paper/model_rebuild/revision_20260907/05_rd_problem.tex,22,a_i,baseline or explicit boundary prose,\lambda_i^{\mathrm{plan}}=a_ix_i.
paper/model_rebuild/revision_20260907/05_rd_problem.tex,22,x_i,baseline or explicit boundary prose,\lambda_i^{\mathrm{plan}}=a_ix_i.
paper/model_rebuild/revision_20260907/05_rd_problem.tex,25,a_i,baseline or explicit boundary prose,"The control has units \(\mathsf X\), and \(a_i\) has units"
paper/model_rebuild/revision_20260907/05_rd_problem.tex,27,a_i,baseline or explicit boundary prose,\(\lambda_i^{\mathrm{plan}}\) has units \(\mathsf P\).
paper/model_rebuild/revision_20260907/05_rd_problem.tex,32,x_i,baseline or explicit boundary prose,C_X(x_i)
paper/model_rebuild/revision_20260907/05_rd_problem.tex,34,x_i,baseline or explicit boundary prose,"\frac{\kappa}{1+\nu}x_i^{1+\nu},"
paper/model_rebuild/revision_20260907/05_rd_problem.tex,42,x_i,baseline or explicit boundary prose,\(C_X'(x_i)=\kappa x_i^\nu\). The boundary \(\nu=1\) gives a quadratic
paper/model_rebuild/revision_20260907/05_rd_problem.tex,42,x_i,baseline or explicit boundary prose,\(C_X'(x_i)=\kappa x_i^\nu\). The boundary \(\nu=1\) gives a quadratic
paper/model_rebuild/revision_20260907/05_rd_problem.tex,48,M,baseline or explicit boundary prose,"For developer \(i\), institutional regime \(M\), and fixed conjectured price"
paper/model_rebuild/revision_20260907/05_rd_problem.tex,49,p_m,baseline or explicit boundary prose,"\(p_m\), define"
paper/model_rebuild/revision_20260907/05_rd_problem.tex,52,\Omega_i,baseline or explicit boundary prose,"\Omega_i(M,p_m)"
paper/model_rebuild/revision_20260907/05_rd_problem.tex,52,M,baseline or explicit boundary prose,"\Omega_i(M,p_m)"
paper/model_rebuild/revision_20260907/05_rd_problem.tex,52,p_m,baseline or explicit boundary prose,"\Omega_i(M,p_m)"
paper/model_rebuild/revision_20260907/05_rd_problem.tex,55,q,baseline or explicit boundary prose,"W_i(q,m;M,p_m)"
paper/model_rebuild/revision_20260907/05_rd_problem.tex,55,m,baseline or explicit boundary prose,"W_i(q,m;M,p_m)"
paper/model_rebuild/revision_20260907/05_rd_problem.tex,55,M,baseline or explicit boundary prose,"W_i(q,m;M,p_m)"
paper/model_rebuild/revision_20260907/05_rd_problem.tex,55,p_m,baseline or explicit boundary prose,"W_i(q,m;M,p_m)"
paper/model_rebuild/revision_20260907/05_rd_problem.tex,58,q,baseline or explicit boundary prose,"\int W_i(q,m;M,p_m)\,dF(q,m)."
paper/model_rebuild/revision_20260907/05_rd_problem.tex,58,m,baseline or explicit boundary prose,"\int W_i(q,m;M,p_m)\,dF(q,m)."
paper/model_rebuild/revision_20260907/05_rd_problem.tex,58,M,baseline or explicit boundary prose,"\int W_i(q,m;M,p_m)\,dF(q,m)."
paper/model_rebuild/revision_20260907/05_rd_problem.tex,58,p_m,baseline or explicit boundary prose,"\int W_i(q,m;M,p_m)\,dF(q,m)."
paper/model_rebuild/revision_20260907/05_rd_problem.tex,58,q,baseline or explicit boundary prose,"\int W_i(q,m;M,p_m)\,dF(q,m)."
paper/model_rebuild/revision_20260907/05_rd_problem.tex,58,m,baseline or explicit boundary prose,"\int W_i(q,m;M,p_m)\,dF(q,m)."
paper/model_rebuild/revision_20260907/05_rd_problem.tex,63,k_i,baseline or explicit boundary prose,"characteristics, especially manufacturing capability \(k_i\). Because the"
paper/model_rebuild/revision_20260907/05_rd_problem.tex,65,q,baseline or explicit boundary prose,"\(W_i(q,m;M,p_m)\geq0\). Assume measurable route values and finite expected optimized value. A"
paper/model_rebuild/revision_20260907/05_rd_problem.tex,65,m,baseline or explicit boundary prose,"\(W_i(q,m;M,p_m)\geq0\). Assume measurable route values and finite expected optimized value. A"
paper/model_rebuild/revision_20260907/05_rd_problem.tex,65,M,baseline or explicit boundary prose,"\(W_i(q,m;M,p_m)\geq0\). Assume measurable route values and finite expected optimized value. A"
paper/model_rebuild/revision_20260907/05_rd_problem.tex,65,p_m,baseline or explicit boundary prose,"\(W_i(q,m;M,p_m)\geq0\). Assume measurable route values and finite expected optimized value. A"
paper/model_rebuild/revision_20260907/05_rd_problem.tex,69,\Omega_i,baseline or explicit boundary prose,"0\leq\Omega_i(M,p_m)<+\infty."
paper/model_rebuild/revision_20260907/05_rd_problem.tex,69,M,baseline or explicit boundary prose,"0\leq\Omega_i(M,p_m)<+\infty."
paper/model_rebuild/revision_20260907/05_rd_problem.tex,69,p_m,baseline or explicit boundary prose,"0\leq\Omega_i(M,p_m)<+\infty."
paper/model_rebuild/revision_20260907/05_rd_problem.tex,78,x_i,baseline or explicit boundary prose,\max_{x_i\geq0}
paper/model_rebuild/revision_20260907/05_rd_problem.tex,80,a_i,baseline or explicit boundary prose,"\beta a_ix_i\Omega_i(M,p_m)"
paper/model_rebuild/revision_20260907/05_rd_problem.tex,80,x_i,baseline or explicit boundary prose,"\beta a_ix_i\Omega_i(M,p_m)"
paper/model_rebuild/revision_20260907/05_rd_problem.tex,80,\Omega_i,baseline or explicit boundary prose,"\beta a_ix_i\Omega_i(M,p_m)"
paper/model_rebuild/revision_20260907/05_rd_problem.tex,80,M,baseline or explicit boundary prose,"\beta a_ix_i\Omega_i(M,p_m)"
paper/model_rebuild/revision_20260907/05_rd_problem.tex,80,p_m,baseline or explicit boundary prose,"\beta a_ix_i\Omega_i(M,p_m)"
paper/model_rebuild/revision_20260907/05_rd_problem.tex,82,x_i,baseline or explicit boundary prose,\frac{\kappa}{1+\nu}x_i^{1+\nu}
paper/model_rebuild/revision_20260907/05_rd_problem.tex,86,q,baseline or explicit boundary prose,"The decision precedes the \((q,m)\) draw and downstream route choice."
paper/model_rebuild/revision_20260907/05_rd_problem.tex,86,m,baseline or explicit boundary prose,"The decision precedes the \((q,m)\) draw and downstream route choice."
paper/model_rebuild/revision_20260907/05_rd_problem.tex,87,M,baseline or explicit boundary prose,"Conditional on \(M,p_m,a_i,k_i\), the expected value"
paper/model_rebuild/revision_20260907/05_rd_problem.tex,87,p_m,baseline or explicit boundary prose,"Conditional on \(M,p_m,a_i,k_i\), the expected value"
paper/model_rebuild/revision_20260907/05_rd_problem.tex,87,a_i,baseline or explicit boundary prose,"Conditional on \(M,p_m,a_i,k_i\), the expected value"
paper/model_rebuild/revision_20260907/05_rd_problem.tex,87,k_i,baseline or explicit boundary prose,"Conditional on \(M,p_m,a_i,k_i\), the expected value"
paper/model_rebuild/revision_20260907/05_rd_problem.tex,88,\Omega_i,baseline or explicit boundary prose,"\(\Omega_i(M,p_m)\) is therefore fixed with respect to the individual"
paper/model_rebuild/revision_20260907/05_rd_problem.tex,88,M,baseline or explicit boundary prose,"\(\Omega_i(M,p_m)\) is therefore fixed with respect to the individual"
paper/model_rebuild/revision_20260907/05_rd_problem.tex,88,p_m,baseline or explicit boundary prose,"\(\Omega_i(M,p_m)\) is therefore fixed with respect to the individual"
paper/model_rebuild/revision_20260907/05_rd_problem.tex,89,x_i,baseline or explicit boundary prose,choice \(x_i\).
paper/model_rebuild/revision_20260907/05_rd_problem.tex,94,x_i,baseline or explicit boundary prose,"x_i\geq0,\qquad"
paper/model_rebuild/revision_20260907/05_rd_problem.tex,95,x_i,baseline or explicit boundary prose,"\kappa x_i^\nu-\beta a_i\Omega_i(M,p_m)\geq0,\\"
paper/model_rebuild/revision_20260907/05_rd_problem.tex,95,a_i,baseline or explicit boundary prose,"\kappa x_i^\nu-\beta a_i\Omega_i(M,p_m)\geq0,\\"
paper/model_rebuild/revision_20260907/05_rd_problem.tex,95,\Omega_i,baseline or explicit boundary prose,"\kappa x_i^\nu-\beta a_i\Omega_i(M,p_m)\geq0,\\"
paper/model_rebuild/revision_20260907/05_rd_problem.tex,95,M,baseline or explicit boundary prose,"\kappa x_i^\nu-\beta a_i\Omega_i(M,p_m)\geq0,\\"
paper/model_rebuild/revision_20260907/05_rd_problem.tex,95,p_m,baseline or explicit boundary prose,"\kappa x_i^\nu-\beta a_i\Omega_i(M,p_m)\geq0,\\"
paper/model_rebuild/revision_20260907/05_rd_problem.tex,96,x_i,baseline or explicit boundary prose,x_i\left[
paper/model_rebuild/revision_20260907/05_rd_problem.tex,97,x_i,baseline or explicit boundary prose,"\kappa x_i^\nu-\beta a_i\Omega_i(M,p_m)"
paper/model_rebuild/revision_20260907/05_rd_problem.tex,97,a_i,baseline or explicit boundary prose,"\kappa x_i^\nu-\beta a_i\Omega_i(M,p_m)"
paper/model_rebuild/revision_20260907/05_rd_problem.tex,97,\Omega_i,baseline or explicit boundary prose,"\kappa x_i^\nu-\beta a_i\Omega_i(M,p_m)"
paper/model_rebuild/revision_20260907/05_rd_problem.tex,97,M,baseline or explicit boundary prose,"\kappa x_i^\nu-\beta a_i\Omega_i(M,p_m)"
paper/model_rebuild/revision_20260907/05_rd_problem.tex,97,p_m,baseline or explicit boundary prose,"\kappa x_i^\nu-\beta a_i\Omega_i(M,p_m)"
paper/model_rebuild/revision_20260907/05_rd_problem.tex,104,x_i,baseline or explicit boundary prose,\kappa x_i^\nu
paper/model_rebuild/revision_20260907/05_rd_problem.tex,106,a_i,baseline or explicit boundary prose,"\beta a_i\Omega_i(M,p_m)."
paper/model_rebuild/revision_20260907/05_rd_problem.tex,106,\Omega_i,baseline or explicit boundary prose,"\beta a_i\Omega_i(M,p_m)."
paper/model_rebuild/revision_20260907/05_rd_problem.tex,106,M,baseline or explicit boundary prose,"\beta a_i\Omega_i(M,p_m)."
paper/model_rebuild/revision_20260907/05_rd_problem.tex,106,p_m,baseline or explicit boundary prose,"\beta a_i\Omega_i(M,p_m)."
paper/model_rebuild/revision_20260907/05_rd_problem.tex,109,x_i,baseline or explicit boundary prose,"For \(x_i>0\), the objective's second derivative is"
paper/model_rebuild/revision_20260907/05_rd_problem.tex,111,x_i,baseline or explicit boundary prose,-\kappa\nu x_i^{\nu-1}<0.
paper/model_rebuild/revision_20260907/05_rd_problem.tex,114,x_i,baseline or explicit boundary prose,"More generally, \(x_i^{1+\nu}\) is strictly convex on the nonnegative"
paper/model_rebuild/revision_20260907/05_rd_problem.tex,116,x_i,baseline or explicit boundary prose,"Its superlinear cost dominates the linear benefit as \(x_i\to\infty\), so a"
paper/model_rebuild/revision_20260907/05_rd_problem.tex,121,x_i,baseline or explicit boundary prose,"x_i^*(M,p_m)"
paper/model_rebuild/revision_20260907/05_rd_problem.tex,121,M,baseline or explicit boundary prose,"x_i^*(M,p_m)"
paper/model_rebuild/revision_20260907/05_rd_problem.tex,121,p_m,baseline or explicit boundary prose,"x_i^*(M,p_m)"
paper/model_rebuild/revision_20260907/05_rd_problem.tex,124,a_i,baseline or explicit boundary prose,\frac{\beta a_i}{\kappa}
paper/model_rebuild/revision_20260907/05_rd_problem.tex,125,\Omega_i,baseline or explicit boundary prose,"\Omega_i(M,p_m)"
paper/model_rebuild/revision_20260907/05_rd_problem.tex,125,M,baseline or explicit boundary prose,"\Omega_i(M,p_m)"
paper/model_rebuild/revision_20260907/05_rd_problem.tex,125,p_m,baseline or explicit boundary prose,"\Omega_i(M,p_m)"
paper/model_rebuild/revision_20260907/05_rd_problem.tex,129,\Omega_i,baseline or explicit boundary prose,"If \(\Omega_i=0\), the formula gives the unique corner \(x_i^*=0\)."
paper/model_rebuild/revision_20260907/05_rd_problem.tex,129,x_i,baseline or explicit boundary prose,"If \(\Omega_i=0\), the formula gives the unique corner \(x_i^*=0\)."
paper/model_rebuild/revision_20260907/05_rd_problem.tex,130,\Omega_i,baseline or explicit boundary prose,"If \(\Omega_i>0\), the solution is interior. Dimensionally,"
paper/model_rebuild/revision_20260907/05_rd_problem.tex,131,a_i,baseline or explicit boundary prose,"\(\beta a_i\Omega_i/\kappa\) has units \(\mathsf X^\nu\), so the"
paper/model_rebuild/revision_20260907/05_rd_problem.tex,131,\Omega_i,baseline or explicit boundary prose,"\(\beta a_i\Omega_i/\kappa\) has units \(\mathsf X^\nu\), so the"
paper/model_rebuild/revision_20260907/05_rd_problem.tex,137,p_m,baseline or explicit boundary prose,"At a fixed \(p_m\), deterministic route choice implies the pointwise weak ordering"
paper/model_rebuild/revision_20260907/05_rd_problem.tex,139,q,baseline or explicit boundary prose,"W_i(q,m;1,p_m)\geq W_i(q,m;0,p_m)."
paper/model_rebuild/revision_20260907/05_rd_problem.tex,139,m,baseline or explicit boundary prose,"W_i(q,m;1,p_m)\geq W_i(q,m;0,p_m)."
paper/model_rebuild/revision_20260907/05_rd_problem.tex,139,p_m,baseline or explicit boundary prose,"W_i(q,m;1,p_m)\geq W_i(q,m;0,p_m)."
paper/model_rebuild/revision_20260907/05_rd_problem.tex,139,q,baseline or explicit boundary prose,"W_i(q,m;1,p_m)\geq W_i(q,m;0,p_m)."
paper/model_rebuild/revision_20260907/05_rd_problem.tex,139,m,baseline or explicit boundary prose,"W_i(q,m;1,p_m)\geq W_i(q,m;0,p_m)."
paper/model_rebuild/revision_20260907/05_rd_problem.tex,139,p_m,baseline or explicit boundary prose,"W_i(q,m;1,p_m)\geq W_i(q,m;0,p_m)."
paper/model_rebuild/revision_20260907/05_rd_problem.tex,143,\Omega_i,baseline or explicit boundary prose,"\Omega_i(1,p_m)-\Omega_i(0,p_m)"
paper/model_rebuild/revision_20260907/05_rd_problem.tex,143,p_m,baseline or explicit boundary prose,"\Omega_i(1,p_m)-\Omega_i(0,p_m)"
paper/model_rebuild/revision_20260907/05_rd_problem.tex,143,\Omega_i,baseline or explicit boundary prose,"\Omega_i(1,p_m)-\Omega_i(0,p_m)"
paper/model_rebuild/revision_20260907/05_rd_problem.tex,143,p_m,baseline or explicit boundary prose,"\Omega_i(1,p_m)-\Omega_i(0,p_m)"
paper/model_rebuild/revision_20260907/05_rd_problem.tex,147,q,baseline or explicit boundary prose,"W_i(q,m;1,p_m)-W_i(q,m;0,p_m)"
paper/model_rebuild/revision_20260907/05_rd_problem.tex,147,m,baseline or explicit boundary prose,"W_i(q,m;1,p_m)-W_i(q,m;0,p_m)"
paper/model_rebuild/revision_20260907/05_rd_problem.tex,147,p_m,baseline or explicit boundary prose,"W_i(q,m;1,p_m)-W_i(q,m;0,p_m)"
paper/model_rebuild/revision_20260907/05_rd_problem.tex,147,q,baseline or explicit boundary prose,"W_i(q,m;1,p_m)-W_i(q,m;0,p_m)"
paper/model_rebuild/revision_20260907/05_rd_problem.tex,147,m,baseline or explicit boundary prose,"W_i(q,m;1,p_m)-W_i(q,m;0,p_m)"
paper/model_rebuild/revision_20260907/05_rd_problem.tex,147,p_m,baseline or explicit boundary prose,"W_i(q,m;1,p_m)-W_i(q,m;0,p_m)"
paper/model_rebuild/revision_20260907/05_rd_problem.tex,148,q,baseline or explicit boundary prose,"\right]dF(q,m)"
paper/model_rebuild/revision_20260907/05_rd_problem.tex,148,m,baseline or explicit boundary prose,"\right]dF(q,m)"
paper/model_rebuild/revision_20260907/05_rd_problem.tex,152,\Omega_i,baseline or explicit boundary prose,"For positive \(\Omega_i\),"
paper/model_rebuild/revision_20260907/05_rd_problem.tex,154,x_i,baseline or explicit boundary prose,\frac{\partial x_i^*}{\partial\Omega_i}
paper/model_rebuild/revision_20260907/05_rd_problem.tex,154,\Omega_i,baseline or explicit boundary prose,\frac{\partial x_i^*}{\partial\Omega_i}
paper/model_rebuild/revision_20260907/05_rd_problem.tex,157,a_i,baseline or explicit boundary prose,\left(\frac{\beta a_i}{\kappa}\right)^{1/\nu}
paper/model_rebuild/revision_20260907/05_rd_problem.tex,158,\Omega_i,baseline or explicit boundary prose,\Omega_i^{1/\nu-1}
paper/model_rebuild/revision_20260907/05_rd_problem.tex,161,p_m,baseline or explicit boundary prose,"Thus, at fixed \(p_m\),"
paper/model_rebuild/revision_20260907/05_rd_problem.tex,163,\Omega_i,baseline or explicit boundary prose,"\Omega_i(1,p_m)>\Omega_i(0,p_m)"
paper/model_rebuild/revision_20260907/05_rd_problem.tex,163,p_m,baseline or explicit boundary prose,"\Omega_i(1,p_m)>\Omega_i(0,p_m)"
paper/model_rebuild/revision_20260907/05_rd_problem.tex,163,\Omega_i,baseline or explicit boundary prose,"\Omega_i(1,p_m)>\Omega_i(0,p_m)"
paper/model_rebuild/revision_20260907/05_rd_problem.tex,163,p_m,baseline or explicit boundary prose,"\Omega_i(1,p_m)>\Omega_i(0,p_m)"
paper/model_rebuild/revision_20260907/05_rd_problem.tex,165,x_i,baseline or explicit boundary prose,"x_i^*(1,p_m)>x_i^*(0,p_m)."
paper/model_rebuild/revision_20260907/05_rd_problem.tex,165,p_m,baseline or explicit boundary prose,"x_i^*(1,p_m)>x_i^*(0,p_m)."
paper/model_rebuild/revision_20260907/05_rd_problem.tex,165,x_i,baseline or explicit boundary prose,"x_i^*(1,p_m)>x_i^*(0,p_m)."
paper/model_rebuild/revision_20260907/05_rd_problem.tex,165,p_m,baseline or explicit boundary prose,"x_i^*(1,p_m)>x_i^*(0,p_m)."
paper/model_rebuild/revision_20260907/05_rd_problem.tex,172,M,baseline or explicit boundary prose,"This is a binary finite comparison, not a derivative with respect to \(M\)."
paper/model_rebuild/revision_20260907/05_rd_problem.tex,174,p_m,baseline or explicit boundary prose,"through \(p_m^*\). The regime changes neither \(a_i\), \(\kappa\), \(\nu\),"
paper/model_rebuild/revision_20260907/05_rd_problem.tex,174,a_i,baseline or explicit boundary prose,"through \(p_m^*\). The regime changes neither \(a_i\), \(\kappa\), \(\nu\),"
paper/model_rebuild/revision_20260907/05_rd_problem.tex,176,x_i,baseline or explicit boundary prose,\(x_i^*\) only through \(\Omega_i\). Manufacturing capability \(k_i\) affects
paper/model_rebuild/revision_20260907/05_rd_problem.tex,176,\Omega_i,baseline or explicit boundary prose,\(x_i^*\) only through \(\Omega_i\). Manufacturing capability \(k_i\) affects
paper/model_rebuild/revision_20260907/05_rd_problem.tex,176,k_i,baseline or explicit boundary prose,\(x_i^*\) only through \(\Omega_i\). Manufacturing capability \(k_i\) affects
paper/model_rebuild/revision_20260907/05_rd_problem.tex,177,\Omega_i,baseline or explicit boundary prose,"\(\Omega_i\) through route values and sorting, not through"
paper/model_rebuild/revision_20260907/05_rd_problem.tex,178,a_i,baseline or explicit boundary prose,\(a_ix_i\) or \(C_X(x_i)\).
paper/model_rebuild/revision_20260907/05_rd_problem.tex,178,x_i,baseline or explicit boundary prose,\(a_ix_i\) or \(C_X(x_i)\).
paper/model_rebuild/revision_20260907/05_rd_problem.tex,178,x_i,baseline or explicit boundary prose,\(a_ix_i\) or \(C_X(x_i)\).
paper/model_rebuild/revision_20260907/05_rd_problem.tex,187,\Omega_i,baseline or explicit boundary prose,"K_i=B_i+\Omega_i,"
paper/model_rebuild/revision_20260907/05_rd_problem.tex,189,\Omega_i,baseline or explicit boundary prose,K_i-B_i=\Omega_i.
paper/model_rebuild/revision_20260907/05_rd_problem.tex,194,x_i,baseline or explicit boundary prose,C_X'(x_i)
paper/model_rebuild/revision_20260907/05_rd_problem.tex,196,a_i,baseline or explicit boundary prose,\beta a_i(K_i-B_i).
paper/model_rebuild/revision_20260907/05_rd_problem.tex,207,x_i,baseline or explicit boundary prose,"The baseline contains one common \(x_i\), one cost function \(C_X\), and one"
paper/model_rebuild/revision_20260907/05_rd_problem.tex,208,\Omega_i,baseline or explicit boundary prose,expected optimized project value \(\Omega_i\). It contains no separate
paper/model_rebuild/revision_20260907/06_cmo_supply_demand_equilibrium.tex,6,p_m,baseline or explicit boundary prose,capacity. Developers and qualified suppliers take a conjectured price \(p_m\)
paper/model_rebuild/revision_20260907/06_cmo_supply_demand_equilibrium.tex,8,p_m,baseline or explicit boundary prose,"\(p_m^*\) is then selected by one scalar clearing equation. No entry, labor,"
paper/model_rebuild/revision_20260907/06_cmo_supply_demand_equilibrium.tex,20,p_m,baseline or explicit boundary prose,p_ms_j-\Psi(s_j;z_j)
paper/model_rebuild/revision_20260907/06_cmo_supply_demand_equilibrium.tex,24,p_m,baseline or explicit boundary prose,"Capacity has units \(\mathsf B\) per decision cohort, \(p_m\) has units"
paper/model_rebuild/revision_20260907/06_cmo_supply_demand_equilibrium.tex,38,p_m,baseline or explicit boundary prose,"At \(p_m=0\), the unique optimum is \(s_j^*=0\). For \(p_m>0\), the"
paper/model_rebuild/revision_20260907/06_cmo_supply_demand_equilibrium.tex,38,p_m,baseline or explicit boundary prose,"At \(p_m=0\), the unique optimum is \(s_j^*=0\). For \(p_m>0\), the"
paper/model_rebuild/revision_20260907/06_cmo_supply_demand_equilibrium.tex,41,p_m,baseline or explicit boundary prose,"p_m=\Psi_s\!\left(s_j^*(p_m,z_j);z_j\right)."
paper/model_rebuild/revision_20260907/06_cmo_supply_demand_equilibrium.tex,41,p_m,baseline or explicit boundary prose,"p_m=\Psi_s\!\left(s_j^*(p_m,z_j);z_j\right)."
paper/model_rebuild/revision_20260907/06_cmo_supply_demand_equilibrium.tex,48,p_m,baseline or explicit boundary prose,\frac{\partial s_j^*}{\partial p_m}
paper/model_rebuild/revision_20260907/06_cmo_supply_demand_equilibrium.tex,60,m,baseline or explicit boundary prose,S_m(p_m)
paper/model_rebuild/revision_20260907/06_cmo_supply_demand_equilibrium.tex,60,p_m,baseline or explicit boundary prose,S_m(p_m)
paper/model_rebuild/revision_20260907/06_cmo_supply_demand_equilibrium.tex,62,p_m,baseline or explicit boundary prose,"\int s_j^*(p_m,z)\,dH_C(z)."
paper/model_rebuild/revision_20260907/06_cmo_supply_demand_equilibrium.tex,66,m,baseline or explicit boundary prose,bounded price interval and \(H_C\) has positive unit mass. Then \(S_m\) is continuous and
paper/model_rebuild/revision_20260907/06_cmo_supply_demand_equilibrium.tex,67,m,baseline or explicit boundary prose,"strictly increasing, \(S_m(0)=0\), and"
paper/model_rebuild/revision_20260907/06_cmo_supply_demand_equilibrium.tex,68,m,baseline or explicit boundary prose,\(S_m(p_m)\to+\infty\) as \(p_m\to+\infty\). Supply technology and
paper/model_rebuild/revision_20260907/06_cmo_supply_demand_equilibrium.tex,68,p_m,baseline or explicit boundary prose,\(S_m(p_m)\to+\infty\) as \(p_m\to+\infty\). Supply technology and
paper/model_rebuild/revision_20260907/06_cmo_supply_demand_equilibrium.tex,68,p_m,baseline or explicit boundary prose,\(S_m(p_m)\to+\infty\) as \(p_m\to+\infty\). Supply technology and
paper/model_rebuild/revision_20260907/06_cmo_supply_demand_equilibrium.tex,69,M,baseline or explicit boundary prose,\(H_C\) are invariant to \(M\); MAH creates no direct supply shift.
paper/model_rebuild/revision_20260907/06_cmo_supply_demand_equilibrium.tex,74,m,baseline or explicit boundary prose,"Assume \(\int b(m)\,dF<\infty\), along with the Phase 5 value envelope"
paper/model_rebuild/revision_20260907/06_cmo_supply_demand_equilibrium.tex,76,p_m,baseline or explicit boundary prose,"price \(p_m\), define developer \(i\)'s expected qualified"
paper/model_rebuild/revision_20260907/06_cmo_supply_demand_equilibrium.tex,79,p_m,baseline or explicit boundary prose,\chi_i^E(p_m;M)
paper/model_rebuild/revision_20260907/06_cmo_supply_demand_equilibrium.tex,79,M,baseline or explicit boundary prose,\chi_i^E(p_m;M)
paper/model_rebuild/revision_20260907/06_cmo_supply_demand_equilibrium.tex,82,m,baseline or explicit boundary prose,b(m)
paper/model_rebuild/revision_20260907/06_cmo_supply_demand_equilibrium.tex,85,q,baseline or explicit boundary prose,"r_i^*(q,m;M,p_m)=E"
paper/model_rebuild/revision_20260907/06_cmo_supply_demand_equilibrium.tex,85,m,baseline or explicit boundary prose,"r_i^*(q,m;M,p_m)=E"
paper/model_rebuild/revision_20260907/06_cmo_supply_demand_equilibrium.tex,85,M,baseline or explicit boundary prose,"r_i^*(q,m;M,p_m)=E"
paper/model_rebuild/revision_20260907/06_cmo_supply_demand_equilibrium.tex,85,p_m,baseline or explicit boundary prose,"r_i^*(q,m;M,p_m)=E"
paper/model_rebuild/revision_20260907/06_cmo_supply_demand_equilibrium.tex,87,q,baseline or explicit boundary prose,"dF(q,m)."
paper/model_rebuild/revision_20260907/06_cmo_supply_demand_equilibrium.tex,87,m,baseline or explicit boundary prose,"dF(q,m)."
paper/model_rebuild/revision_20260907/06_cmo_supply_demand_equilibrium.tex,93,m,baseline or explicit boundary prose,"The entrusted value falls with price at slope \(-b(m)<0\), while the other"
paper/model_rebuild/revision_20260907/06_cmo_supply_demand_equilibrium.tex,94,p_m,baseline or explicit boundary prose,"route values do not contain \(p_m\). Consequently, for each project the set"
paper/model_rebuild/revision_20260907/06_cmo_supply_demand_equilibrium.tex,97,p_m,baseline or explicit boundary prose,it. Hence \(\chi_i^E(p_m;M)\) is weakly decreasing in \(p_m\).
paper/model_rebuild/revision_20260907/06_cmo_supply_demand_equilibrium.tex,97,M,baseline or explicit boundary prose,it. Hence \(\chi_i^E(p_m;M)\) is weakly decreasing in \(p_m\).
paper/model_rebuild/revision_20260907/06_cmo_supply_demand_equilibrium.tex,97,p_m,baseline or explicit boundary prose,it. Hence \(\chi_i^E(p_m;M)\) is weakly decreasing in \(p_m\).
paper/model_rebuild/revision_20260907/06_cmo_supply_demand_equilibrium.tex,102,q,baseline or explicit boundary prose,"\frac{\partial W_i(q,m;M,p_m)}{\partial p_m}"
paper/model_rebuild/revision_20260907/06_cmo_supply_demand_equilibrium.tex,102,m,baseline or explicit boundary prose,"\frac{\partial W_i(q,m;M,p_m)}{\partial p_m}"
paper/model_rebuild/revision_20260907/06_cmo_supply_demand_equilibrium.tex,102,M,baseline or explicit boundary prose,"\frac{\partial W_i(q,m;M,p_m)}{\partial p_m}"
paper/model_rebuild/revision_20260907/06_cmo_supply_demand_equilibrium.tex,102,p_m,baseline or explicit boundary prose,"\frac{\partial W_i(q,m;M,p_m)}{\partial p_m}"
paper/model_rebuild/revision_20260907/06_cmo_supply_demand_equilibrium.tex,102,p_m,baseline or explicit boundary prose,"\frac{\partial W_i(q,m;M,p_m)}{\partial p_m}"
paper/model_rebuild/revision_20260907/06_cmo_supply_demand_equilibrium.tex,104,m,baseline or explicit boundary prose,-b(m)
paper/model_rebuild/revision_20260907/06_cmo_supply_demand_equilibrium.tex,105,q,baseline or explicit boundary prose,"\mathbf 1\{r_i^*(q,m;M,p_m)=E\}."
paper/model_rebuild/revision_20260907/06_cmo_supply_demand_equilibrium.tex,105,m,baseline or explicit boundary prose,"\mathbf 1\{r_i^*(q,m;M,p_m)=E\}."
paper/model_rebuild/revision_20260907/06_cmo_supply_demand_equilibrium.tex,105,M,baseline or explicit boundary prose,"\mathbf 1\{r_i^*(q,m;M,p_m)=E\}."
paper/model_rebuild/revision_20260907/06_cmo_supply_demand_equilibrium.tex,105,p_m,baseline or explicit boundary prose,"\mathbf 1\{r_i^*(q,m;M,p_m)=E\}."
paper/model_rebuild/revision_20260907/06_cmo_supply_demand_equilibrium.tex,109,\Omega_i,baseline or explicit boundary prose,"\frac{\partial\Omega_i(M,p_m)}{\partial p_m}"
paper/model_rebuild/revision_20260907/06_cmo_supply_demand_equilibrium.tex,109,M,baseline or explicit boundary prose,"\frac{\partial\Omega_i(M,p_m)}{\partial p_m}"
paper/model_rebuild/revision_20260907/06_cmo_supply_demand_equilibrium.tex,109,p_m,baseline or explicit boundary prose,"\frac{\partial\Omega_i(M,p_m)}{\partial p_m}"
paper/model_rebuild/revision_20260907/06_cmo_supply_demand_equilibrium.tex,109,p_m,baseline or explicit boundary prose,"\frac{\partial\Omega_i(M,p_m)}{\partial p_m}"
paper/model_rebuild/revision_20260907/06_cmo_supply_demand_equilibrium.tex,111,p_m,baseline or explicit boundary prose,-\chi_i^E(p_m;M)
paper/model_rebuild/revision_20260907/06_cmo_supply_demand_equilibrium.tex,111,M,baseline or explicit boundary prose,-\chi_i^E(p_m;M)
paper/model_rebuild/revision_20260907/06_cmo_supply_demand_equilibrium.tex,113,p_m,baseline or explicit boundary prose,\quad\text{almost everywhere in }p_m.
paper/model_rebuild/revision_20260907/06_cmo_supply_demand_equilibrium.tex,116,\Omega_i,baseline or explicit boundary prose,"For \(\Omega_i>0\), the advancement optimizer therefore satisfies"
paper/model_rebuild/revision_20260907/06_cmo_supply_demand_equilibrium.tex,118,x_i,baseline or explicit boundary prose,"\frac{\partial x_i^*(M,p_m)}{\partial p_m}"
paper/model_rebuild/revision_20260907/06_cmo_supply_demand_equilibrium.tex,118,M,baseline or explicit boundary prose,"\frac{\partial x_i^*(M,p_m)}{\partial p_m}"
paper/model_rebuild/revision_20260907/06_cmo_supply_demand_equilibrium.tex,118,p_m,baseline or explicit boundary prose,"\frac{\partial x_i^*(M,p_m)}{\partial p_m}"
paper/model_rebuild/revision_20260907/06_cmo_supply_demand_equilibrium.tex,118,p_m,baseline or explicit boundary prose,"\frac{\partial x_i^*(M,p_m)}{\partial p_m}"
paper/model_rebuild/revision_20260907/06_cmo_supply_demand_equilibrium.tex,120,x_i,baseline or explicit boundary prose,"-\frac{x_i^*(M,p_m)}"
paper/model_rebuild/revision_20260907/06_cmo_supply_demand_equilibrium.tex,120,M,baseline or explicit boundary prose,"-\frac{x_i^*(M,p_m)}"
paper/model_rebuild/revision_20260907/06_cmo_supply_demand_equilibrium.tex,120,p_m,baseline or explicit boundary prose,"-\frac{x_i^*(M,p_m)}"
paper/model_rebuild/revision_20260907/06_cmo_supply_demand_equilibrium.tex,121,\Omega_i,baseline or explicit boundary prose,"{\nu\Omega_i(M,p_m)}"
paper/model_rebuild/revision_20260907/06_cmo_supply_demand_equilibrium.tex,121,M,baseline or explicit boundary prose,"{\nu\Omega_i(M,p_m)}"
paper/model_rebuild/revision_20260907/06_cmo_supply_demand_equilibrium.tex,121,p_m,baseline or explicit boundary prose,"{\nu\Omega_i(M,p_m)}"
paper/model_rebuild/revision_20260907/06_cmo_supply_demand_equilibrium.tex,122,p_m,baseline or explicit boundary prose,\chi_i^E(p_m;M)
paper/model_rebuild/revision_20260907/06_cmo_supply_demand_equilibrium.tex,122,M,baseline or explicit boundary prose,\chi_i^E(p_m;M)
paper/model_rebuild/revision_20260907/06_cmo_supply_demand_equilibrium.tex,126,x_i,baseline or explicit boundary prose,"At the zero-value corner, \(x_i^*=0\); globally the optimal advancement"
paper/model_rebuild/revision_20260907/06_cmo_supply_demand_equilibrium.tex,127,p_m,baseline or explicit boundary prose,intensity remains weakly decreasing in \(p_m\).
paper/model_rebuild/revision_20260907/06_cmo_supply_demand_equilibrium.tex,134,a_i,baseline or explicit boundary prose,"a_ix_i^*(M,p_m)\chi_i^E(p_m;M)."
paper/model_rebuild/revision_20260907/06_cmo_supply_demand_equilibrium.tex,134,x_i,baseline or explicit boundary prose,"a_ix_i^*(M,p_m)\chi_i^E(p_m;M)."
paper/model_rebuild/revision_20260907/06_cmo_supply_demand_equilibrium.tex,134,M,baseline or explicit boundary prose,"a_ix_i^*(M,p_m)\chi_i^E(p_m;M)."
paper/model_rebuild/revision_20260907/06_cmo_supply_demand_equilibrium.tex,134,p_m,baseline or explicit boundary prose,"a_ix_i^*(M,p_m)\chi_i^E(p_m;M)."
paper/model_rebuild/revision_20260907/06_cmo_supply_demand_equilibrium.tex,134,p_m,baseline or explicit boundary prose,"a_ix_i^*(M,p_m)\chi_i^E(p_m;M)."
paper/model_rebuild/revision_20260907/06_cmo_supply_demand_equilibrium.tex,134,M,baseline or explicit boundary prose,"a_ix_i^*(M,p_m)\chi_i^E(p_m;M)."
paper/model_rebuild/revision_20260907/06_cmo_supply_demand_equilibrium.tex,138,m,baseline or explicit boundary prose,D_m^{\mathrm{MAH}}(p_m;M)
paper/model_rebuild/revision_20260907/06_cmo_supply_demand_equilibrium.tex,138,p_m,baseline or explicit boundary prose,D_m^{\mathrm{MAH}}(p_m;M)
paper/model_rebuild/revision_20260907/06_cmo_supply_demand_equilibrium.tex,138,M,baseline or explicit boundary prose,D_m^{\mathrm{MAH}}(p_m;M)
paper/model_rebuild/revision_20260907/06_cmo_supply_demand_equilibrium.tex,141,a_i,baseline or explicit boundary prose,"a_ix_i^*(M,p_m)\chi_i^E(p_m;M)"
paper/model_rebuild/revision_20260907/06_cmo_supply_demand_equilibrium.tex,141,x_i,baseline or explicit boundary prose,"a_ix_i^*(M,p_m)\chi_i^E(p_m;M)"
paper/model_rebuild/revision_20260907/06_cmo_supply_demand_equilibrium.tex,141,M,baseline or explicit boundary prose,"a_ix_i^*(M,p_m)\chi_i^E(p_m;M)"
paper/model_rebuild/revision_20260907/06_cmo_supply_demand_equilibrium.tex,141,p_m,baseline or explicit boundary prose,"a_ix_i^*(M,p_m)\chi_i^E(p_m;M)"
paper/model_rebuild/revision_20260907/06_cmo_supply_demand_equilibrium.tex,141,p_m,baseline or explicit boundary prose,"a_ix_i^*(M,p_m)\chi_i^E(p_m;M)"
paper/model_rebuild/revision_20260907/06_cmo_supply_demand_equilibrium.tex,141,M,baseline or explicit boundary prose,"a_ix_i^*(M,p_m)\chi_i^E(p_m;M)"
paper/model_rebuild/revision_20260907/06_cmo_supply_demand_equilibrium.tex,146,x_i,baseline or explicit boundary prose,"\(x_i^*\) responds through expected project value, and"
paper/model_rebuild/revision_20260907/06_cmo_supply_demand_equilibrium.tex,150,a_i,baseline or explicit boundary prose,"\(\int a_i x_i^*(1,0)[\int b(m)\,dF]\,dH<\infty\)."
paper/model_rebuild/revision_20260907/06_cmo_supply_demand_equilibrium.tex,150,x_i,baseline or explicit boundary prose,"\(\int a_i x_i^*(1,0)[\int b(m)\,dF]\,dH<\infty\)."
paper/model_rebuild/revision_20260907/06_cmo_supply_demand_equilibrium.tex,150,m,baseline or explicit boundary prose,"\(\int a_i x_i^*(1,0)[\int b(m)\,dF]\,dH<\infty\)."
paper/model_rebuild/revision_20260907/06_cmo_supply_demand_equilibrium.tex,154,p_m,baseline or explicit boundary prose,"advancement at zero price. Both factors are nonnegative and weakly decreasing in \(p_m\), so"
paper/model_rebuild/revision_20260907/06_cmo_supply_demand_equilibrium.tex,155,m,baseline or explicit boundary prose,\(D_m^{\mathrm{MAH}}\) is weakly decreasing. Individual route indicators can
paper/model_rebuild/revision_20260907/06_cmo_supply_demand_equilibrium.tex,157,p_m,baseline or explicit boundary prose,"\(p_m^n\to p_m\), route indicators converge for every project--developer"
paper/model_rebuild/revision_20260907/06_cmo_supply_demand_equilibrium.tex,157,p_m,baseline or explicit boundary prose,"\(p_m^n\to p_m\), route indicators converge for every project--developer"
paper/model_rebuild/revision_20260907/06_cmo_supply_demand_equilibrium.tex,158,x_i,baseline or explicit boundary prose,"pair except the zero-measure tie set, \(x_i^*\) is continuous through"
paper/model_rebuild/revision_20260907/06_cmo_supply_demand_equilibrium.tex,159,\Omega_i,baseline or explicit boundary prose,"\(\Omega_i\), and the common integrable envelope permits dominated"
paper/model_rebuild/revision_20260907/06_cmo_supply_demand_equilibrium.tex,163,m,baseline or explicit boundary prose,"Let \(D_m^B(p_m)\) be finite, continuous, nonnegative, weakly decreasing"
paper/model_rebuild/revision_20260907/06_cmo_supply_demand_equilibrium.tex,163,p_m,baseline or explicit boundary prose,"Let \(D_m^B(p_m)\) be finite, continuous, nonnegative, weakly decreasing"
paper/model_rebuild/revision_20260907/06_cmo_supply_demand_equilibrium.tex,166,m,baseline or explicit boundary prose,"D_m^B(0)>0,"
paper/model_rebuild/revision_20260907/06_cmo_supply_demand_equilibrium.tex,168,p_m,baseline or explicit boundary prose,\lim_{p_m\to\infty}D_m^B(p_m)=0.
paper/model_rebuild/revision_20260907/06_cmo_supply_demand_equilibrium.tex,168,m,baseline or explicit boundary prose,\lim_{p_m\to\infty}D_m^B(p_m)=0.
paper/model_rebuild/revision_20260907/06_cmo_supply_demand_equilibrium.tex,168,p_m,baseline or explicit boundary prose,\lim_{p_m\to\infty}D_m^B(p_m)=0.
paper/model_rebuild/revision_20260907/06_cmo_supply_demand_equilibrium.tex,173,m,baseline or explicit boundary prose,D_m(p_m;M)
paper/model_rebuild/revision_20260907/06_cmo_supply_demand_equilibrium.tex,173,p_m,baseline or explicit boundary prose,D_m(p_m;M)
paper/model_rebuild/revision_20260907/06_cmo_supply_demand_equilibrium.tex,173,M,baseline or explicit boundary prose,D_m(p_m;M)
paper/model_rebuild/revision_20260907/06_cmo_supply_demand_equilibrium.tex,175,m,baseline or explicit boundary prose,D_m^B(p_m)
paper/model_rebuild/revision_20260907/06_cmo_supply_demand_equilibrium.tex,175,p_m,baseline or explicit boundary prose,D_m^B(p_m)
paper/model_rebuild/revision_20260907/06_cmo_supply_demand_equilibrium.tex,177,m,baseline or explicit boundary prose,D_m^{\mathrm{MAH}}(p_m;M).
paper/model_rebuild/revision_20260907/06_cmo_supply_demand_equilibrium.tex,177,p_m,baseline or explicit boundary prose,D_m^{\mathrm{MAH}}(p_m;M).
paper/model_rebuild/revision_20260907/06_cmo_supply_demand_equilibrium.tex,177,M,baseline or explicit boundary prose,D_m^{\mathrm{MAH}}(p_m;M).
paper/model_rebuild/revision_20260907/06_cmo_supply_demand_equilibrium.tex,187,m,baseline or explicit boundary prose,D_m(p_m^*;M)=S_m(p_m^*).
paper/model_rebuild/revision_20260907/06_cmo_supply_demand_equilibrium.tex,187,p_m,baseline or explicit boundary prose,D_m(p_m^*;M)=S_m(p_m^*).
paper/model_rebuild/revision_20260907/06_cmo_supply_demand_equilibrium.tex,187,M,baseline or explicit boundary prose,D_m(p_m^*;M)=S_m(p_m^*).
paper/model_rebuild/revision_20260907/06_cmo_supply_demand_equilibrium.tex,187,m,baseline or explicit boundary prose,D_m(p_m^*;M)=S_m(p_m^*).
paper/model_rebuild/revision_20260907/06_cmo_supply_demand_equilibrium.tex,187,p_m,baseline or explicit boundary prose,D_m(p_m^*;M)=S_m(p_m^*).
paper/model_rebuild/revision_20260907/06_cmo_supply_demand_equilibrium.tex,192,m,baseline or explicit boundary prose,D_m(0;M)\geq D_m^B(0)>0=S_m(0).
paper/model_rebuild/revision_20260907/06_cmo_supply_demand_equilibrium.tex,192,M,baseline or explicit boundary prose,D_m(0;M)\geq D_m^B(0)>0=S_m(0).
paper/model_rebuild/revision_20260907/06_cmo_supply_demand_equilibrium.tex,192,m,baseline or explicit boundary prose,D_m(0;M)\geq D_m^B(0)>0=S_m(0).
paper/model_rebuild/revision_20260907/06_cmo_supply_demand_equilibrium.tex,192,m,baseline or explicit boundary prose,D_m(0;M)\geq D_m^B(0)>0=S_m(0).
paper/model_rebuild/revision_20260907/06_cmo_supply_demand_equilibrium.tex,195,p_m,baseline or explicit boundary prose,"As \(p_m\to\infty\), \(W_i^E\to-\infty\) pointwise because"
paper/model_rebuild/revision_20260907/06_cmo_supply_demand_equilibrium.tex,195,W_i^,baseline or explicit boundary prose,"As \(p_m\to\infty\), \(W_i^E\to-\infty\) pointwise because"
paper/model_rebuild/revision_20260907/06_cmo_supply_demand_equilibrium.tex,196,m,baseline or explicit boundary prose,"\(b(m)>0\), so \(\chi_i^E\to0\) and study-related demand tends to zero"
paper/model_rebuild/revision_20260907/06_cmo_supply_demand_equilibrium.tex,208,M,baseline or explicit boundary prose,"For each regime \(M\), the equilibrium can be computed without an unresolved"
paper/model_rebuild/revision_20260907/06_cmo_supply_demand_equilibrium.tex,211,p_m,baseline or explicit boundary prose,\item conjecture \(p_m\);
paper/model_rebuild/revision_20260907/06_cmo_supply_demand_equilibrium.tex,212,q,baseline or explicit boundary prose,"\item evaluate route values and deterministic \(r_i^*(q,m;M,p_m)\);"
paper/model_rebuild/revision_20260907/06_cmo_supply_demand_equilibrium.tex,212,m,baseline or explicit boundary prose,"\item evaluate route values and deterministic \(r_i^*(q,m;M,p_m)\);"
paper/model_rebuild/revision_20260907/06_cmo_supply_demand_equilibrium.tex,212,M,baseline or explicit boundary prose,"\item evaluate route values and deterministic \(r_i^*(q,m;M,p_m)\);"
paper/model_rebuild/revision_20260907/06_cmo_supply_demand_equilibrium.tex,212,p_m,baseline or explicit boundary prose,"\item evaluate route values and deterministic \(r_i^*(q,m;M,p_m)\);"
paper/model_rebuild/revision_20260907/06_cmo_supply_demand_equilibrium.tex,213,\Omega_i,baseline or explicit boundary prose,"\item integrate \(\Omega_i(M,p_m)\) and compute \(x_i^*(M,p_m)\);"
paper/model_rebuild/revision_20260907/06_cmo_supply_demand_equilibrium.tex,213,M,baseline or explicit boundary prose,"\item integrate \(\Omega_i(M,p_m)\) and compute \(x_i^*(M,p_m)\);"
paper/model_rebuild/revision_20260907/06_cmo_supply_demand_equilibrium.tex,213,p_m,baseline or explicit boundary prose,"\item integrate \(\Omega_i(M,p_m)\) and compute \(x_i^*(M,p_m)\);"
paper/model_rebuild/revision_20260907/06_cmo_supply_demand_equilibrium.tex,213,x_i,baseline or explicit boundary prose,"\item integrate \(\Omega_i(M,p_m)\) and compute \(x_i^*(M,p_m)\);"
paper/model_rebuild/revision_20260907/06_cmo_supply_demand_equilibrium.tex,213,M,baseline or explicit boundary prose,"\item integrate \(\Omega_i(M,p_m)\) and compute \(x_i^*(M,p_m)\);"
paper/model_rebuild/revision_20260907/06_cmo_supply_demand_equilibrium.tex,213,p_m,baseline or explicit boundary prose,"\item integrate \(\Omega_i(M,p_m)\) and compute \(x_i^*(M,p_m)\);"
paper/model_rebuild/revision_20260907/06_cmo_supply_demand_equilibrium.tex,214,m,baseline or explicit boundary prose,\item integrate \(\chi_i^E\) and \(D_m^{\mathrm{MAH}}\);
paper/model_rebuild/revision_20260907/06_cmo_supply_demand_equilibrium.tex,215,m,baseline or explicit boundary prose,\item solve supplier capacity and aggregate \(S_m(p_m)\);
paper/model_rebuild/revision_20260907/06_cmo_supply_demand_equilibrium.tex,215,p_m,baseline or explicit boundary prose,\item solve supplier capacity and aggregate \(S_m(p_m)\);
paper/model_rebuild/revision_20260907/06_cmo_supply_demand_equilibrium.tex,216,m,baseline or explicit boundary prose,\item find the unique zero of \(D_m(p_m;M)-S_m(p_m)\).
paper/model_rebuild/revision_20260907/06_cmo_supply_demand_equilibrium.tex,216,p_m,baseline or explicit boundary prose,\item find the unique zero of \(D_m(p_m;M)-S_m(p_m)\).
paper/model_rebuild/revision_20260907/06_cmo_supply_demand_equilibrium.tex,216,M,baseline or explicit boundary prose,\item find the unique zero of \(D_m(p_m;M)-S_m(p_m)\).
paper/model_rebuild/revision_20260907/06_cmo_supply_demand_equilibrium.tex,216,m,baseline or explicit boundary prose,\item find the unique zero of \(D_m(p_m;M)-S_m(p_m)\).
paper/model_rebuild/revision_20260907/06_cmo_supply_demand_equilibrium.tex,216,p_m,baseline or explicit boundary prose,\item find the unique zero of \(D_m(p_m;M)-S_m(p_m)\).
paper/model_rebuild/revision_20260907/06_cmo_supply_demand_equilibrium.tex,219,p_m,baseline or explicit boundary prose,one scalar equation in \(p_m\).
paper/model_rebuild/revision_20260907/06_cmo_supply_demand_equilibrium.tex,221,M,baseline or explicit boundary prose,"When \(M=0\), route \(E\) is unavailable, so"
paper/model_rebuild/revision_20260907/06_cmo_supply_demand_equilibrium.tex,222,m,baseline or explicit boundary prose,\(D_m^{\mathrm{MAH}}(p_m;0)=0\); background demand still supports the market.
paper/model_rebuild/revision_20260907/06_cmo_supply_demand_equilibrium.tex,222,p_m,baseline or explicit boundary prose,\(D_m^{\mathrm{MAH}}(p_m;0)=0\); background demand still supports the market.
paper/model_rebuild/revision_20260907/06_cmo_supply_demand_equilibrium.tex,223,M,baseline or explicit boundary prose,"When \(M=1\), study demand is nonnegative and supply is unchanged. Hence the"
paper/model_rebuild/revision_20260907/06_cmo_supply_demand_equilibrium.tex,226,p_m,baseline or explicit boundary prose,"scarcity-price response, not a direct policy shift in \(p_m^*\) or CMO"
paper/model_rebuild/revision_20260907/07_equilibrium_definition.tex,5,M,baseline or explicit boundary prose,"Fix the institutional regime \(M\in\{0,1\}\), the developer distribution"
paper/model_rebuild/revision_20260907/07_equilibrium_definition.tex,6,q,baseline or explicit boundary prose,"\(H(a,k)\), the project distribution \(F(q,m)\), the qualified-supplier"
paper/model_rebuild/revision_20260907/07_equilibrium_definition.tex,6,m,baseline or explicit boundary prose,"\(H(a,k)\), the project distribution \(F(q,m)\), the qualified-supplier"
paper/model_rebuild/revision_20260907/07_equilibrium_definition.tex,12,p_m,baseline or explicit boundary prose,"p_m^*,\;"
paper/model_rebuild/revision_20260907/07_equilibrium_definition.tex,13,x_i,baseline or explicit boundary prose,"x_i^*,\;"
paper/model_rebuild/revision_20260907/07_equilibrium_definition.tex,14,q,baseline or explicit boundary prose,"r_i^*(q,m),\;"
paper/model_rebuild/revision_20260907/07_equilibrium_definition.tex,14,m,baseline or explicit boundary prose,"r_i^*(q,m),\;"
paper/model_rebuild/revision_20260907/07_equilibrium_definition.tex,20,x_i,baseline or explicit boundary prose,"The suppressed arguments are \(x_i^*=x_i^*(M,p_m^*)\),"
paper/model_rebuild/revision_20260907/07_equilibrium_definition.tex,20,x_i,baseline or explicit boundary prose,"The suppressed arguments are \(x_i^*=x_i^*(M,p_m^*)\),"
paper/model_rebuild/revision_20260907/07_equilibrium_definition.tex,20,M,baseline or explicit boundary prose,"The suppressed arguments are \(x_i^*=x_i^*(M,p_m^*)\),"
paper/model_rebuild/revision_20260907/07_equilibrium_definition.tex,20,p_m,baseline or explicit boundary prose,"The suppressed arguments are \(x_i^*=x_i^*(M,p_m^*)\),"
paper/model_rebuild/revision_20260907/07_equilibrium_definition.tex,21,q,baseline or explicit boundary prose,"\(r_i^*(q,m)=r_i^*(q,m;M,p_m^*)\), and"
paper/model_rebuild/revision_20260907/07_equilibrium_definition.tex,21,m,baseline or explicit boundary prose,"\(r_i^*(q,m)=r_i^*(q,m;M,p_m^*)\), and"
paper/model_rebuild/revision_20260907/07_equilibrium_definition.tex,21,q,baseline or explicit boundary prose,"\(r_i^*(q,m)=r_i^*(q,m;M,p_m^*)\), and"
paper/model_rebuild/revision_20260907/07_equilibrium_definition.tex,21,m,baseline or explicit boundary prose,"\(r_i^*(q,m)=r_i^*(q,m;M,p_m^*)\), and"
paper/model_rebuild/revision_20260907/07_equilibrium_definition.tex,21,M,baseline or explicit boundary prose,"\(r_i^*(q,m)=r_i^*(q,m;M,p_m^*)\), and"
paper/model_rebuild/revision_20260907/07_equilibrium_definition.tex,21,p_m,baseline or explicit boundary prose,"\(r_i^*(q,m)=r_i^*(q,m;M,p_m^*)\), and"
paper/model_rebuild/revision_20260907/07_equilibrium_definition.tex,22,p_m,baseline or explicit boundary prose,"\(s_j^*=s_j^*(p_m^*,z_j)\). The collection contains exactly these four"
paper/model_rebuild/revision_20260907/07_equilibrium_definition.tex,29,W_i^,baseline or explicit boundary prose,"set, use the route-indexed shorthand \(W_i^r\) for the four Phase 4"
paper/model_rebuild/revision_20260907/07_equilibrium_definition.tex,30,W_i^,baseline or explicit boundary prose,"values, with \(W_i^T=W^T\) and \(W_i^A=W^A\). Then"
paper/model_rebuild/revision_20260907/07_equilibrium_definition.tex,30,W^,baseline or explicit boundary prose,"values, with \(W_i^T=W^T\) and \(W_i^A=W^A\). Then"
paper/model_rebuild/revision_20260907/07_equilibrium_definition.tex,30,W_i^,baseline or explicit boundary prose,"values, with \(W_i^T=W^T\) and \(W_i^A=W^A\). Then"
paper/model_rebuild/revision_20260907/07_equilibrium_definition.tex,30,W^,baseline or explicit boundary prose,"values, with \(W_i^T=W^T\) and \(W_i^A=W^A\). Then"
paper/model_rebuild/revision_20260907/07_equilibrium_definition.tex,32,q,baseline or explicit boundary prose,"r_i^*(q,m;M,p_m^*)"
paper/model_rebuild/revision_20260907/07_equilibrium_definition.tex,32,m,baseline or explicit boundary prose,"r_i^*(q,m;M,p_m^*)"
paper/model_rebuild/revision_20260907/07_equilibrium_definition.tex,32,M,baseline or explicit boundary prose,"r_i^*(q,m;M,p_m^*)"
paper/model_rebuild/revision_20260907/07_equilibrium_definition.tex,32,p_m,baseline or explicit boundary prose,"r_i^*(q,m;M,p_m^*)"
paper/model_rebuild/revision_20260907/07_equilibrium_definition.tex,35,W_i^,baseline or explicit boundary prose,"W_i^r(q,m;M,p_m^*),"
paper/model_rebuild/revision_20260907/07_equilibrium_definition.tex,35,q,baseline or explicit boundary prose,"W_i^r(q,m;M,p_m^*),"
paper/model_rebuild/revision_20260907/07_equilibrium_definition.tex,35,m,baseline or explicit boundary prose,"W_i^r(q,m;M,p_m^*),"
paper/model_rebuild/revision_20260907/07_equilibrium_definition.tex,35,M,baseline or explicit boundary prose,"W_i^r(q,m;M,p_m^*),"
paper/model_rebuild/revision_20260907/07_equilibrium_definition.tex,35,p_m,baseline or explicit boundary prose,"W_i^r(q,m;M,p_m^*),"
paper/model_rebuild/revision_20260907/07_equilibrium_definition.tex,38,M,baseline or explicit boundary prose,with route \(E\) unavailable when \(M=0\). This is the deterministic route
paper/model_rebuild/revision_20260907/07_equilibrium_definition.tex,44,x_i,baseline or explicit boundary prose,"x_i^*(M,p_m^*)"
paper/model_rebuild/revision_20260907/07_equilibrium_definition.tex,44,M,baseline or explicit boundary prose,"x_i^*(M,p_m^*)"
paper/model_rebuild/revision_20260907/07_equilibrium_definition.tex,44,p_m,baseline or explicit boundary prose,"x_i^*(M,p_m^*)"
paper/model_rebuild/revision_20260907/07_equilibrium_definition.tex,47,a_i,baseline or explicit boundary prose,"\frac{\beta a_i\Omega_i(M,p_m^*)}{\kappa}"
paper/model_rebuild/revision_20260907/07_equilibrium_definition.tex,47,\Omega_i,baseline or explicit boundary prose,"\frac{\beta a_i\Omega_i(M,p_m^*)}{\kappa}"
paper/model_rebuild/revision_20260907/07_equilibrium_definition.tex,47,M,baseline or explicit boundary prose,"\frac{\beta a_i\Omega_i(M,p_m^*)}{\kappa}"
paper/model_rebuild/revision_20260907/07_equilibrium_definition.tex,47,p_m,baseline or explicit boundary prose,"\frac{\beta a_i\Omega_i(M,p_m^*)}{\kappa}"
paper/model_rebuild/revision_20260907/07_equilibrium_definition.tex,51,x_i,baseline or explicit boundary prose,including the zero-value corner \(x_i^*=0\). There is no class-specific
paper/model_rebuild/revision_20260907/07_equilibrium_definition.tex,57,p_m,baseline or explicit boundary prose,"s_j^*(p_m^*,z_j)"
paper/model_rebuild/revision_20260907/07_equilibrium_definition.tex,61,p_m,baseline or explicit boundary prose,p_m^*s_j-\Psi(s_j;z_j)
paper/model_rebuild/revision_20260907/07_equilibrium_definition.tex,69,p_m,baseline or explicit boundary prose,The price \(p_m^*\) is the unique solution to
paper/model_rebuild/revision_20260907/07_equilibrium_definition.tex,71,m,baseline or explicit boundary prose,D_m(p_m^*;M)=S_m(p_m^*).
paper/model_rebuild/revision_20260907/07_equilibrium_definition.tex,71,p_m,baseline or explicit boundary prose,D_m(p_m^*;M)=S_m(p_m^*).
paper/model_rebuild/revision_20260907/07_equilibrium_definition.tex,71,M,baseline or explicit boundary prose,D_m(p_m^*;M)=S_m(p_m^*).
paper/model_rebuild/revision_20260907/07_equilibrium_definition.tex,71,m,baseline or explicit boundary prose,D_m(p_m^*;M)=S_m(p_m^*).
paper/model_rebuild/revision_20260907/07_equilibrium_definition.tex,71,p_m,baseline or explicit boundary prose,D_m(p_m^*;M)=S_m(p_m^*).
paper/model_rebuild/revision_20260907/08_comparative_statics.tex,8,p_m,baseline or explicit boundary prose,candidate CMO price \(p_m\);
paper/model_rebuild/revision_20260907/08_comparative_statics.tex,10,p_m,baseline or explicit boundary prose,market clears at \(p_m^*\);
paper/model_rebuild/revision_20260907/08_comparative_statics.tex,11,M,baseline or explicit boundary prose,\item a finite comparison between the binary regimes \(M=0\) and \(M=1\);
paper/model_rebuild/revision_20260907/08_comparative_statics.tex,11,M,baseline or explicit boundary prose,\item a finite comparison between the binary regimes \(M=0\) and \(M=1\);
paper/model_rebuild/revision_20260907/08_comparative_statics.tex,14,M,baseline or explicit boundary prose,There is no derivative with respect to binary \(M\). Before each economic
paper/model_rebuild/revision_20260907/08_comparative_statics.tex,25,q,baseline or explicit boundary prose,"and commercial present value. Project value \(q\), marginal manufacturing cost"
paper/model_rebuild/revision_20260907/08_comparative_statics.tex,28,M,baseline or explicit boundary prose,calculations; neither \(M\) nor \(p_m^*\) is varied.
paper/model_rebuild/revision_20260907/08_comparative_statics.tex,28,p_m,baseline or explicit boundary prose,calculations; neither \(M\) nor \(p_m^*\) is varied.
paper/model_rebuild/revision_20260907/08_comparative_statics.tex,34,q,baseline or explicit boundary prose,"\pi(q,c)"
paper/model_rebuild/revision_20260907/08_comparative_statics.tex,45,q,baseline or explicit boundary prose,\frac{\partial\pi}{\partial q}
paper/model_rebuild/revision_20260907/08_comparative_statics.tex,47,q,baseline or explicit boundary prose,"\frac{\pi}{q}>0,"
paper/model_rebuild/revision_20260907/08_comparative_statics.tex,54,q,baseline or explicit boundary prose,"Since \(R(q,c)=\pi(q,c)/(1-\beta\varphi)\),"
paper/model_rebuild/revision_20260907/08_comparative_statics.tex,54,q,baseline or explicit boundary prose,"Since \(R(q,c)=\pi(q,c)/(1-\beta\varphi)\),"
paper/model_rebuild/revision_20260907/08_comparative_statics.tex,56,q,baseline or explicit boundary prose,"R_q=\frac{R}{q}>0,"
paper/model_rebuild/revision_20260907/08_comparative_statics.tex,56,q,baseline or explicit boundary prose,"R_q=\frac{R}{q}>0,"
paper/model_rebuild/revision_20260907/08_comparative_statics.tex,74,q,baseline or explicit boundary prose,"The signs use \(A,q,c>0\), \(\varepsilon>1\),"
paper/model_rebuild/revision_20260907/08_comparative_statics.tex,76,q,baseline or explicit boundary prose,dimensionless; \(R_q\) and \(R_c\) have currency per unit of their respective
paper/model_rebuild/revision_20260907/08_comparative_statics.tex,93,q,baseline or explicit boundary prose,"capability cutoff. Hold \((q,m)\), all technologies and outside options fixed."
paper/model_rebuild/revision_20260907/08_comparative_statics.tex,93,m,baseline or explicit boundary prose,"capability cutoff. Hold \((q,m)\), all technologies and outside options fixed."
paper/model_rebuild/revision_20260907/08_comparative_statics.tex,94,\tau_E,baseline or explicit boundary prose,"For capability derivatives also hold finite \((\tau_E,p_m)\) fixed. For each"
paper/model_rebuild/revision_20260907/08_comparative_statics.tex,94,p_m,baseline or explicit boundary prose,"For capability derivatives also hold finite \((\tau_E,p_m)\) fixed. For each"
paper/model_rebuild/revision_20260907/08_comparative_statics.tex,101,s(q),baseline or explicit boundary prose,"s(q)R_c(q,c_I)c_{I,k}-F_{I,k}>0."
paper/model_rebuild/revision_20260907/08_comparative_statics.tex,101,q,baseline or explicit boundary prose,"s(q)R_c(q,c_I)c_{I,k}-F_{I,k}>0."
paper/model_rebuild/revision_20260907/08_comparative_statics.tex,105,s(q),baseline or explicit boundary prose,\(s(q)=0\); the setup-cost component is strictly positive. Under the
paper/model_rebuild/revision_20260907/08_comparative_statics.tex,108,\tau_E,baseline or explicit boundary prose,"\left.\frac{\partial k^*}{\partial\tau_E}\right|_{q,m,p_m}"
paper/model_rebuild/revision_20260907/08_comparative_statics.tex,108,q,baseline or explicit boundary prose,"\left.\frac{\partial k^*}{\partial\tau_E}\right|_{q,m,p_m}"
paper/model_rebuild/revision_20260907/08_comparative_statics.tex,108,m,baseline or explicit boundary prose,"\left.\frac{\partial k^*}{\partial\tau_E}\right|_{q,m,p_m}"
paper/model_rebuild/revision_20260907/08_comparative_statics.tex,108,p_m,baseline or explicit boundary prose,"\left.\frac{\partial k^*}{\partial\tau_E}\right|_{q,m,p_m}"
paper/model_rebuild/revision_20260907/08_comparative_statics.tex,112,p_m,baseline or explicit boundary prose,"\left.\frac{\partial k^*}{\partial p_m}\right|_{q,m,\tau_E}"
paper/model_rebuild/revision_20260907/08_comparative_statics.tex,112,q,baseline or explicit boundary prose,"\left.\frac{\partial k^*}{\partial p_m}\right|_{q,m,\tau_E}"
paper/model_rebuild/revision_20260907/08_comparative_statics.tex,112,m,baseline or explicit boundary prose,"\left.\frac{\partial k^*}{\partial p_m}\right|_{q,m,\tau_E}"
paper/model_rebuild/revision_20260907/08_comparative_statics.tex,112,\tau_E,baseline or explicit boundary prose,"\left.\frac{\partial k^*}{\partial p_m}\right|_{q,m,\tau_E}"
paper/model_rebuild/revision_20260907/08_comparative_statics.tex,114,m,baseline or explicit boundary prose,"-\frac{b(m)}{\Delta_{IE,k}(k^*)}<0."
paper/model_rebuild/revision_20260907/08_comparative_statics.tex,118,M,baseline or explicit boundary prose,"They are not derivatives with respect to \(M\), and the second is not an"
paper/model_rebuild/revision_20260907/08_comparative_statics.tex,122,W_i^,baseline or explicit boundary prose,"Let \(W_i^0=\max\{W_i^I,W^T,0\}\). At any fixed finite \(p_m\),"
paper/model_rebuild/revision_20260907/08_comparative_statics.tex,122,W_i^,baseline or explicit boundary prose,"Let \(W_i^0=\max\{W_i^I,W^T,0\}\). At any fixed finite \(p_m\),"
paper/model_rebuild/revision_20260907/08_comparative_statics.tex,122,W^,baseline or explicit boundary prose,"Let \(W_i^0=\max\{W_i^I,W^T,0\}\). At any fixed finite \(p_m\),"
paper/model_rebuild/revision_20260907/08_comparative_statics.tex,122,p_m,baseline or explicit boundary prose,"Let \(W_i^0=\max\{W_i^I,W^T,0\}\). At any fixed finite \(p_m\),"
paper/model_rebuild/revision_20260907/08_comparative_statics.tex,124,q,baseline or explicit boundary prose,"W_i(q,m;1,p_m)-W_i(q,m;0,p_m)"
paper/model_rebuild/revision_20260907/08_comparative_statics.tex,124,m,baseline or explicit boundary prose,"W_i(q,m;1,p_m)-W_i(q,m;0,p_m)"
paper/model_rebuild/revision_20260907/08_comparative_statics.tex,124,p_m,baseline or explicit boundary prose,"W_i(q,m;1,p_m)-W_i(q,m;0,p_m)"
paper/model_rebuild/revision_20260907/08_comparative_statics.tex,124,q,baseline or explicit boundary prose,"W_i(q,m;1,p_m)-W_i(q,m;0,p_m)"
paper/model_rebuild/revision_20260907/08_comparative_statics.tex,124,m,baseline or explicit boundary prose,"W_i(q,m;1,p_m)-W_i(q,m;0,p_m)"
paper/model_rebuild/revision_20260907/08_comparative_statics.tex,124,p_m,baseline or explicit boundary prose,"W_i(q,m;1,p_m)-W_i(q,m;0,p_m)"
paper/model_rebuild/revision_20260907/08_comparative_statics.tex,126,W_i^,baseline or explicit boundary prose,"[W_i^E(q,m;1,p_m)-W_i^0(q,m)]_+\geq0."
paper/model_rebuild/revision_20260907/08_comparative_statics.tex,126,q,baseline or explicit boundary prose,"[W_i^E(q,m;1,p_m)-W_i^0(q,m)]_+\geq0."
paper/model_rebuild/revision_20260907/08_comparative_statics.tex,126,m,baseline or explicit boundary prose,"[W_i^E(q,m;1,p_m)-W_i^0(q,m)]_+\geq0."
paper/model_rebuild/revision_20260907/08_comparative_statics.tex,126,p_m,baseline or explicit boundary prose,"[W_i^E(q,m;1,p_m)-W_i^0(q,m)]_+\geq0."
paper/model_rebuild/revision_20260907/08_comparative_statics.tex,126,W_i^,baseline or explicit boundary prose,"[W_i^E(q,m;1,p_m)-W_i^0(q,m)]_+\geq0."
paper/model_rebuild/revision_20260907/08_comparative_statics.tex,126,q,baseline or explicit boundary prose,"[W_i^E(q,m;1,p_m)-W_i^0(q,m)]_+\geq0."
paper/model_rebuild/revision_20260907/08_comparative_statics.tex,126,m,baseline or explicit boundary prose,"[W_i^E(q,m;1,p_m)-W_i^0(q,m)]_+\geq0."
paper/model_rebuild/revision_20260907/08_comparative_statics.tex,130,p_m,baseline or explicit boundary prose,It is strict only on \(\mathcal C_i(p_m)\).
paper/model_rebuild/revision_20260907/08_comparative_statics.tex,134,\tau_E,baseline or explicit boundary prose,"finite \((\tau_E,p_m)\), strict \(\Delta_{IE,k}>0\), and endpoint crossing."
paper/model_rebuild/revision_20260907/08_comparative_statics.tex,134,p_m,baseline or explicit boundary prose,"finite \((\tau_E,p_m)\), strict \(\Delta_{IE,k}>0\), and endpoint crossing."
paper/model_rebuild/revision_20260907/08_comparative_statics.tex,137,W_i^,baseline or explicit boundary prose,"\(W_i^E\leq W_i^0\), the finite policy gain is zero."
paper/model_rebuild/revision_20260907/08_comparative_statics.tex,137,W_i^,baseline or explicit boundary prose,"\(W_i^E\leq W_i^0\), the finite policy gain is zero."
paper/model_rebuild/revision_20260907/08_comparative_statics.tex,153,x_i,baseline or explicit boundary prose,"x_i^*(M,p_m)"
paper/model_rebuild/revision_20260907/08_comparative_statics.tex,153,M,baseline or explicit boundary prose,"x_i^*(M,p_m)"
paper/model_rebuild/revision_20260907/08_comparative_statics.tex,153,p_m,baseline or explicit boundary prose,"x_i^*(M,p_m)"
paper/model_rebuild/revision_20260907/08_comparative_statics.tex,155,a_i,baseline or explicit boundary prose,"\left[\frac{\beta a_i\Omega_i(M,p_m)}{\kappa}\right]^{1/\nu}."
paper/model_rebuild/revision_20260907/08_comparative_statics.tex,155,\Omega_i,baseline or explicit boundary prose,"\left[\frac{\beta a_i\Omega_i(M,p_m)}{\kappa}\right]^{1/\nu}."
paper/model_rebuild/revision_20260907/08_comparative_statics.tex,155,M,baseline or explicit boundary prose,"\left[\frac{\beta a_i\Omega_i(M,p_m)}{\kappa}\right]^{1/\nu}."
paper/model_rebuild/revision_20260907/08_comparative_statics.tex,155,p_m,baseline or explicit boundary prose,"\left[\frac{\beta a_i\Omega_i(M,p_m)}{\kappa}\right]^{1/\nu}."
paper/model_rebuild/revision_20260907/08_comparative_statics.tex,157,M,baseline or explicit boundary prose,"Each partial derivative below holds \(M,p_m,\nu\) and all unlisted primitives"
paper/model_rebuild/revision_20260907/08_comparative_statics.tex,157,p_m,baseline or explicit boundary prose,"Each partial derivative below holds \(M,p_m,\nu\) and all unlisted primitives"
paper/model_rebuild/revision_20260907/08_comparative_statics.tex,158,a_i,baseline or explicit boundary prose,"fixed. In particular, route-value objects are held fixed when \(a_i\) or"
paper/model_rebuild/revision_20260907/08_comparative_statics.tex,159,\Omega_i,baseline or explicit boundary prose,\(\kappa\) is varied. The formulas apply at \(\Omega_i>0\); the
paper/model_rebuild/revision_20260907/08_comparative_statics.tex,160,\Omega_i,baseline or explicit boundary prose,\(\Omega_i=0\) corner is handled separately.
paper/model_rebuild/revision_20260907/08_comparative_statics.tex,164,x_i,baseline or explicit boundary prose,\frac{\partial x_i^*}{\partial\Omega_i}
paper/model_rebuild/revision_20260907/08_comparative_statics.tex,164,\Omega_i,baseline or explicit boundary prose,\frac{\partial x_i^*}{\partial\Omega_i}
paper/model_rebuild/revision_20260907/08_comparative_statics.tex,166,x_i,baseline or explicit boundary prose,"\frac{x_i^*}{\nu\Omega_i}>0,"
paper/model_rebuild/revision_20260907/08_comparative_statics.tex,166,\Omega_i,baseline or explicit boundary prose,"\frac{x_i^*}{\nu\Omega_i}>0,"
paper/model_rebuild/revision_20260907/08_comparative_statics.tex,168,x_i,baseline or explicit boundary prose,\frac{\partial x_i^*}{\partial a_i}
paper/model_rebuild/revision_20260907/08_comparative_statics.tex,168,a_i,baseline or explicit boundary prose,\frac{\partial x_i^*}{\partial a_i}
paper/model_rebuild/revision_20260907/08_comparative_statics.tex,170,x_i,baseline or explicit boundary prose,"\frac{x_i^*}{\nu a_i}>0,"
paper/model_rebuild/revision_20260907/08_comparative_statics.tex,170,a_i,baseline or explicit boundary prose,"\frac{x_i^*}{\nu a_i}>0,"
paper/model_rebuild/revision_20260907/08_comparative_statics.tex,172,x_i,baseline or explicit boundary prose,\frac{\partial x_i^*}{\partial\kappa}
paper/model_rebuild/revision_20260907/08_comparative_statics.tex,174,x_i,baseline or explicit boundary prose,-\frac{x_i^*}{\nu\kappa}<0.
paper/model_rebuild/revision_20260907/08_comparative_statics.tex,179,p_m,baseline or explicit boundary prose,"\(\Omega_{i,p_m}=-\chi_i^E\) almost everywhere, so"
paper/model_rebuild/revision_20260907/08_comparative_statics.tex,181,x_i,baseline or explicit boundary prose,\left.\frac{\partial x_i^*}{\partial p_m}\right|_M
paper/model_rebuild/revision_20260907/08_comparative_statics.tex,181,p_m,baseline or explicit boundary prose,\left.\frac{\partial x_i^*}{\partial p_m}\right|_M
paper/model_rebuild/revision_20260907/08_comparative_statics.tex,181,M,baseline or explicit boundary prose,\left.\frac{\partial x_i^*}{\partial p_m}\right|_M
paper/model_rebuild/revision_20260907/08_comparative_statics.tex,183,x_i,baseline or explicit boundary prose,-\frac{x_i^*}{\nu\Omega_i}\chi_i^E
paper/model_rebuild/revision_20260907/08_comparative_statics.tex,183,\Omega_i,baseline or explicit boundary prose,-\frac{x_i^*}{\nu\Omega_i}\chi_i^E
paper/model_rebuild/revision_20260907/08_comparative_statics.tex,189,\Omega_i,baseline or explicit boundary prose,\(\Omega_i\).
paper/model_rebuild/revision_20260907/08_comparative_statics.tex,191,M,baseline or explicit boundary prose,"For binary \(M\), define at a common support price"
paper/model_rebuild/revision_20260907/08_comparative_statics.tex,193,\Omega_i,baseline or explicit boundary prose,\Delta\Omega_i(p_m)
paper/model_rebuild/revision_20260907/08_comparative_statics.tex,193,p_m,baseline or explicit boundary prose,\Delta\Omega_i(p_m)
paper/model_rebuild/revision_20260907/08_comparative_statics.tex,195,W_i^,baseline or explicit boundary prose,"\int[W_i^E(q,m;1,p_m)-W_i^0(q,m)]_+\,dF."
paper/model_rebuild/revision_20260907/08_comparative_statics.tex,195,q,baseline or explicit boundary prose,"\int[W_i^E(q,m;1,p_m)-W_i^0(q,m)]_+\,dF."
paper/model_rebuild/revision_20260907/08_comparative_statics.tex,195,m,baseline or explicit boundary prose,"\int[W_i^E(q,m;1,p_m)-W_i^0(q,m)]_+\,dF."
paper/model_rebuild/revision_20260907/08_comparative_statics.tex,195,p_m,baseline or explicit boundary prose,"\int[W_i^E(q,m;1,p_m)-W_i^0(q,m)]_+\,dF."
paper/model_rebuild/revision_20260907/08_comparative_statics.tex,195,W_i^,baseline or explicit boundary prose,"\int[W_i^E(q,m;1,p_m)-W_i^0(q,m)]_+\,dF."
paper/model_rebuild/revision_20260907/08_comparative_statics.tex,195,q,baseline or explicit boundary prose,"\int[W_i^E(q,m;1,p_m)-W_i^0(q,m)]_+\,dF."
paper/model_rebuild/revision_20260907/08_comparative_statics.tex,195,m,baseline or explicit boundary prose,"\int[W_i^E(q,m;1,p_m)-W_i^0(q,m)]_+\,dF."
paper/model_rebuild/revision_20260907/08_comparative_statics.tex,199,x_i,baseline or explicit boundary prose,\Delta x_i(p_m)
paper/model_rebuild/revision_20260907/08_comparative_statics.tex,199,p_m,baseline or explicit boundary prose,\Delta x_i(p_m)
paper/model_rebuild/revision_20260907/08_comparative_statics.tex,201,a_i,baseline or explicit boundary prose,\left(\frac{\beta a_i}{\kappa}\right)^{1/\nu}
paper/model_rebuild/revision_20260907/08_comparative_statics.tex,203,\Omega_i,baseline or explicit boundary prose,(\Omega_i^0+\Delta\Omega_i(p_m))^{1/\nu}
paper/model_rebuild/revision_20260907/08_comparative_statics.tex,203,\Omega_i,baseline or explicit boundary prose,(\Omega_i^0+\Delta\Omega_i(p_m))^{1/\nu}
paper/model_rebuild/revision_20260907/08_comparative_statics.tex,203,p_m,baseline or explicit boundary prose,(\Omega_i^0+\Delta\Omega_i(p_m))^{1/\nu}
paper/model_rebuild/revision_20260907/08_comparative_statics.tex,204,\Omega_i,baseline or explicit boundary prose,-(\Omega_i^0)^{1/\nu}
paper/model_rebuild/revision_20260907/08_comparative_statics.tex,209,\Omega_i,baseline or explicit boundary prose,It is strict if and only if \(\Delta\Omega_i(p_m)>0\).
paper/model_rebuild/revision_20260907/08_comparative_statics.tex,209,p_m,baseline or explicit boundary prose,It is strict if and only if \(\Delta\Omega_i(p_m)>0\).
paper/model_rebuild/revision_20260907/08_comparative_statics.tex,212,\Omega_i,baseline or explicit boundary prose,"The partials require \(\Omega_i>0\). At the zero-value corner, \(x_i^*=0\);"
paper/model_rebuild/revision_20260907/08_comparative_statics.tex,212,x_i,baseline or explicit boundary prose,"The partials require \(\Omega_i>0\). At the zero-value corner, \(x_i^*=0\);"
paper/model_rebuild/revision_20260907/08_comparative_statics.tex,213,a_i,baseline or explicit boundary prose,global monotonicity follows directly from the closed form. Higher \(a_i\)
paper/model_rebuild/revision_20260907/08_comparative_statics.tex,225,a_i,baseline or explicit boundary prose,a larger project-advancement response among high-\(a_i\) developers for which
paper/model_rebuild/revision_20260907/08_comparative_statics.tex,234,p_m,baseline or explicit boundary prose,"For a supplier with \(p_m>0\), vary only candidate price or efficiency while"
paper/model_rebuild/revision_20260907/08_comparative_statics.tex,236,p_m,baseline or explicit boundary prose,differentiation of \(p_m=\Psi_s(s_j^*;z_j)\) gives
paper/model_rebuild/revision_20260907/08_comparative_statics.tex,238,p_m,baseline or explicit boundary prose,\frac{\partial s_j^*}{\partial p_m}
paper/model_rebuild/revision_20260907/08_comparative_statics.tex,255,m,baseline or explicit boundary prose,\frac{\partial D_m^{\mathrm{MAH}}}{\partial p_m}
paper/model_rebuild/revision_20260907/08_comparative_statics.tex,255,p_m,baseline or explicit boundary prose,\frac{\partial D_m^{\mathrm{MAH}}}{\partial p_m}
paper/model_rebuild/revision_20260907/08_comparative_statics.tex,257,a_i,baseline or explicit boundary prose,\int a_i
paper/model_rebuild/revision_20260907/08_comparative_statics.tex,259,x_i,baseline or explicit boundary prose,\frac{\partial x_i^*}{\partial p_m}\chi_i^E
paper/model_rebuild/revision_20260907/08_comparative_statics.tex,259,p_m,baseline or explicit boundary prose,\frac{\partial x_i^*}{\partial p_m}\chi_i^E
paper/model_rebuild/revision_20260907/08_comparative_statics.tex,261,x_i,baseline or explicit boundary prose,x_i^*\frac{\partial\chi_i^E}{\partial p_m}
paper/model_rebuild/revision_20260907/08_comparative_statics.tex,261,p_m,baseline or explicit boundary prose,x_i^*\frac{\partial\chi_i^E}{\partial p_m}
paper/model_rebuild/revision_20260907/08_comparative_statics.tex,274,m,baseline or explicit boundary prose,\(dD_m\) and \(dS_m\) denote its direct demand and supply shifts at a fixed
paper/model_rebuild/revision_20260907/08_comparative_statics.tex,274,m,baseline or explicit boundary prose,\(dD_m\) and \(dS_m\) denote its direct demand and supply shifts at a fixed
paper/model_rebuild/revision_20260907/08_comparative_statics.tex,277,m,baseline or explicit boundary prose,"stated. Supplier integration gives \(S_{m,p}=\int 1/\Psi_{ss}\,dH_C>0\),"
paper/model_rebuild/revision_20260907/08_comparative_statics.tex,278,m,baseline or explicit boundary prose,"while demand monotonicity gives \(D_{m,p}\leq0\). Differentiating"
paper/model_rebuild/revision_20260907/08_comparative_statics.tex,279,p_m,baseline or explicit boundary prose,\(Z(p_m)=D_m(p_m)-S_m(p_m)=0\) at the unique equilibrium gives
paper/model_rebuild/revision_20260907/08_comparative_statics.tex,279,m,baseline or explicit boundary prose,\(Z(p_m)=D_m(p_m)-S_m(p_m)=0\) at the unique equilibrium gives
paper/model_rebuild/revision_20260907/08_comparative_statics.tex,279,p_m,baseline or explicit boundary prose,\(Z(p_m)=D_m(p_m)-S_m(p_m)=0\) at the unique equilibrium gives
paper/model_rebuild/revision_20260907/08_comparative_statics.tex,279,m,baseline or explicit boundary prose,\(Z(p_m)=D_m(p_m)-S_m(p_m)=0\) at the unique equilibrium gives
paper/model_rebuild/revision_20260907/08_comparative_statics.tex,279,p_m,baseline or explicit boundary prose,\(Z(p_m)=D_m(p_m)-S_m(p_m)=0\) at the unique equilibrium gives
paper/model_rebuild/revision_20260907/08_comparative_statics.tex,280,m,baseline or explicit boundary prose,"\(S_{m,p}-D_{m,p}>0\) and"
paper/model_rebuild/revision_20260907/08_comparative_statics.tex,280,m,baseline or explicit boundary prose,"\(S_{m,p}-D_{m,p}>0\) and"
paper/model_rebuild/revision_20260907/08_comparative_statics.tex,282,p_m,baseline or explicit boundary prose,dp_m^*
paper/model_rebuild/revision_20260907/08_comparative_statics.tex,284,m,baseline or explicit boundary prose,\frac{dD_m-dS_m}
paper/model_rebuild/revision_20260907/08_comparative_statics.tex,284,m,baseline or explicit boundary prose,\frac{dD_m-dS_m}
paper/model_rebuild/revision_20260907/08_comparative_statics.tex,285,m,baseline or explicit boundary prose,"{S_{m,p}-D_{m,p}}."
paper/model_rebuild/revision_20260907/08_comparative_statics.tex,285,m,baseline or explicit boundary prose,"{S_{m,p}-D_{m,p}}."
paper/model_rebuild/revision_20260907/08_comparative_statics.tex,290,M,baseline or explicit boundary prose,This formula is not applied to binary \(M\).
paper/model_rebuild/revision_20260907/08_comparative_statics.tex,311,p_m,baseline or explicit boundary prose,"Let \(p_m^h=p_m^*(h)\) for \(h\in\{0,1\}\). Supply technology, the supplier"
paper/model_rebuild/revision_20260907/08_comparative_statics.tex,311,p_m,baseline or explicit boundary prose,"Let \(p_m^h=p_m^*(h)\) for \(h\in\{0,1\}\). Supply technology, the supplier"
paper/model_rebuild/revision_20260907/08_comparative_statics.tex,313,m,baseline or explicit boundary prose,"\(D_m^{\mathrm{MAH}}(p_m;0)=0\), market clearing at \(p_m^0\) implies"
paper/model_rebuild/revision_20260907/08_comparative_statics.tex,313,p_m,baseline or explicit boundary prose,"\(D_m^{\mathrm{MAH}}(p_m;0)=0\), market clearing at \(p_m^0\) implies"
paper/model_rebuild/revision_20260907/08_comparative_statics.tex,313,p_m,baseline or explicit boundary prose,"\(D_m^{\mathrm{MAH}}(p_m;0)=0\), market clearing at \(p_m^0\) implies"
paper/model_rebuild/revision_20260907/08_comparative_statics.tex,315,p_m,baseline or explicit boundary prose,Z_1(p_m^0)=D_m^{\mathrm{MAH}}(p_m^0;1)\geq0.
paper/model_rebuild/revision_20260907/08_comparative_statics.tex,315,m,baseline or explicit boundary prose,Z_1(p_m^0)=D_m^{\mathrm{MAH}}(p_m^0;1)\geq0.
paper/model_rebuild/revision_20260907/08_comparative_statics.tex,315,p_m,baseline or explicit boundary prose,Z_1(p_m^0)=D_m^{\mathrm{MAH}}(p_m^0;1)\geq0.
paper/model_rebuild/revision_20260907/08_comparative_statics.tex,319,p_m,baseline or explicit boundary prose,"p_m^1\geq p_m^0,"
paper/model_rebuild/revision_20260907/08_comparative_statics.tex,319,p_m,baseline or explicit boundary prose,"p_m^1\geq p_m^0,"
paper/model_rebuild/revision_20260907/08_comparative_statics.tex,321,p_m,baseline or explicit boundary prose,p_m^1>p_m^0
paper/model_rebuild/revision_20260907/08_comparative_statics.tex,321,p_m,baseline or explicit boundary prose,p_m^1>p_m^0
paper/model_rebuild/revision_20260907/08_comparative_statics.tex,323,m,baseline or explicit boundary prose,D_m^{\mathrm{MAH}}(p_m^0;1)>0.
paper/model_rebuild/revision_20260907/08_comparative_statics.tex,323,p_m,baseline or explicit boundary prose,D_m^{\mathrm{MAH}}(p_m^0;1)>0.
paper/model_rebuild/revision_20260907/08_comparative_statics.tex,326,M,baseline or explicit boundary prose,No derivative with respect to \(M\) is used.
paper/model_rebuild/revision_20260907/08_comparative_statics.tex,330,\Omega_i,baseline or explicit boundary prose,\Delta\Omega_i^{\mathrm{dir}}
paper/model_rebuild/revision_20260907/08_comparative_statics.tex,332,W_i^,baseline or explicit boundary prose,"\int[W_i^E(q,m;1,p_m^0)-W_i^0(q,m)]_+\,dF,"
paper/model_rebuild/revision_20260907/08_comparative_statics.tex,332,q,baseline or explicit boundary prose,"\int[W_i^E(q,m;1,p_m^0)-W_i^0(q,m)]_+\,dF,"
paper/model_rebuild/revision_20260907/08_comparative_statics.tex,332,m,baseline or explicit boundary prose,"\int[W_i^E(q,m;1,p_m^0)-W_i^0(q,m)]_+\,dF,"
paper/model_rebuild/revision_20260907/08_comparative_statics.tex,332,p_m,baseline or explicit boundary prose,"\int[W_i^E(q,m;1,p_m^0)-W_i^0(q,m)]_+\,dF,"
paper/model_rebuild/revision_20260907/08_comparative_statics.tex,332,W_i^,baseline or explicit boundary prose,"\int[W_i^E(q,m;1,p_m^0)-W_i^0(q,m)]_+\,dF,"
paper/model_rebuild/revision_20260907/08_comparative_statics.tex,332,q,baseline or explicit boundary prose,"\int[W_i^E(q,m;1,p_m^0)-W_i^0(q,m)]_+\,dF,"
paper/model_rebuild/revision_20260907/08_comparative_statics.tex,332,m,baseline or explicit boundary prose,"\int[W_i^E(q,m;1,p_m^0)-W_i^0(q,m)]_+\,dF,"
paper/model_rebuild/revision_20260907/08_comparative_statics.tex,335,\Omega_i,baseline or explicit boundary prose,\Delta\Omega_i^{\mathrm{eq}}
paper/model_rebuild/revision_20260907/08_comparative_statics.tex,337,W_i^,baseline or explicit boundary prose,"\int[W_i^E(q,m;1,p_m^1)-W_i^0(q,m)]_+\,dF."
paper/model_rebuild/revision_20260907/08_comparative_statics.tex,337,q,baseline or explicit boundary prose,"\int[W_i^E(q,m;1,p_m^1)-W_i^0(q,m)]_+\,dF."
paper/model_rebuild/revision_20260907/08_comparative_statics.tex,337,m,baseline or explicit boundary prose,"\int[W_i^E(q,m;1,p_m^1)-W_i^0(q,m)]_+\,dF."
paper/model_rebuild/revision_20260907/08_comparative_statics.tex,337,p_m,baseline or explicit boundary prose,"\int[W_i^E(q,m;1,p_m^1)-W_i^0(q,m)]_+\,dF."
paper/model_rebuild/revision_20260907/08_comparative_statics.tex,337,W_i^,baseline or explicit boundary prose,"\int[W_i^E(q,m;1,p_m^1)-W_i^0(q,m)]_+\,dF."
paper/model_rebuild/revision_20260907/08_comparative_statics.tex,337,q,baseline or explicit boundary prose,"\int[W_i^E(q,m;1,p_m^1)-W_i^0(q,m)]_+\,dF."
paper/model_rebuild/revision_20260907/08_comparative_statics.tex,337,m,baseline or explicit boundary prose,"\int[W_i^E(q,m;1,p_m^1)-W_i^0(q,m)]_+\,dF."
paper/model_rebuild/revision_20260907/08_comparative_statics.tex,339,p_m,baseline or explicit boundary prose,"Because \(W_{i,p_m}^E=-b(m)<0\), the price order yields"
paper/model_rebuild/revision_20260907/08_comparative_statics.tex,339,m,baseline or explicit boundary prose,"Because \(W_{i,p_m}^E=-b(m)<0\), the price order yields"
paper/model_rebuild/revision_20260907/08_comparative_statics.tex,341,\Omega_i,baseline or explicit boundary prose,0\leq\Delta\Omega_i^{\mathrm{eq}}
paper/model_rebuild/revision_20260907/08_comparative_statics.tex,342,\Omega_i,baseline or explicit boundary prose,\leq\Delta\Omega_i^{\mathrm{dir}}.
paper/model_rebuild/revision_20260907/08_comparative_statics.tex,348,x_i,baseline or explicit boundary prose,0\leq\Delta x_i^{\mathrm{eq}}
paper/model_rebuild/revision_20260907/08_comparative_statics.tex,349,x_i,baseline or explicit boundary prose,\leq\Delta x_i^{\mathrm{dir}}.
paper/model_rebuild/revision_20260907/08_comparative_statics.tex,356,p_m,baseline or explicit boundary prose,demand at \(p_m^0\). A developer's equilibrium gain is zero when the
paper/model_rebuild/revision_20260907/08_comparative_statics.tex,357,p_m,baseline or explicit boundary prose,entrusted option remains below its old-route maximum at \(p_m^1\). Scarcity
paper/model_rebuild/revision_20260907/08_comparative_statics.tex,376,a_i,baseline or explicit boundary prose,"\(a_i\), project distributions, realization probabilities, technologies and"
paper/model_rebuild/revision_20260907/08_comparative_statics.tex,382,a_i,baseline or explicit boundary prose,\Delta\Lambda_i^{\mathrm{plan}}
paper/model_rebuild/revision_20260907/08_comparative_statics.tex,384,a_i,baseline or explicit boundary prose,a_i\Delta x_i^{\mathrm{eq}}\geq0.
paper/model_rebuild/revision_20260907/08_comparative_statics.tex,384,x_i,baseline or explicit boundary prose,a_i\Delta x_i^{\mathrm{eq}}\geq0.
paper/model_rebuild/revision_20260907/08_comparative_statics.tex,391,s(q),baseline or explicit boundary prose,\int s(q)
paper/model_rebuild/revision_20260907/08_comparative_statics.tex,400,a_i,baseline or explicit boundary prose,"a_i(x_i^1-x_i^0)Q_i^{\mathrm{ret},0}"
paper/model_rebuild/revision_20260907/08_comparative_statics.tex,400,x_i,baseline or explicit boundary prose,"a_i(x_i^1-x_i^0)Q_i^{\mathrm{ret},0}"
paper/model_rebuild/revision_20260907/08_comparative_statics.tex,400,x_i,baseline or explicit boundary prose,"a_i(x_i^1-x_i^0)Q_i^{\mathrm{ret},0}"
paper/model_rebuild/revision_20260907/08_comparative_statics.tex,402,a_i,baseline or explicit boundary prose,a_ix_i^1
paper/model_rebuild/revision_20260907/08_comparative_statics.tex,402,x_i,baseline or explicit boundary prose,a_ix_i^1
paper/model_rebuild/revision_20260907/08_comparative_statics.tex,409,x_i,baseline or explicit boundary prose,"\(\rho_gF_g\), \(s_g=s\), and the common \(x_i\), not a class-specific"
paper/model_rebuild/revision_20260907/08_comparative_statics.tex,432,k_i,baseline or explicit boundary prose,\paragraph{Internal capability \(k_i\to\infty\).}
paper/model_rebuild/revision_20260907/08_comparative_statics.tex,435,k_i,baseline or explicit boundary prose,"condition, \(\Delta_{IE}>0\) for sufficiently large \(k_i\). This is a relative"
paper/model_rebuild/revision_20260907/08_comparative_statics.tex,439,k_i,baseline or explicit boundary prose,"If \(k_i<\underline{k}(m)\), then \(F_I(m,k_i)=+\infty\) and"
paper/model_rebuild/revision_20260907/08_comparative_statics.tex,439,m,baseline or explicit boundary prose,"If \(k_i<\underline{k}(m)\), then \(F_I(m,k_i)=+\infty\) and"
paper/model_rebuild/revision_20260907/08_comparative_statics.tex,439,m,baseline or explicit boundary prose,"If \(k_i<\underline{k}(m)\), then \(F_I(m,k_i)=+\infty\) and"
paper/model_rebuild/revision_20260907/08_comparative_statics.tex,439,k_i,baseline or explicit boundary prose,"If \(k_i<\underline{k}(m)\), then \(F_I(m,k_i)=+\infty\) and"
paper/model_rebuild/revision_20260907/08_comparative_statics.tex,440,W_i^,baseline or explicit boundary prose,\(W_i^I=-\infty\). Route \(I\) is infeasible rather than merely unattractive.
paper/model_rebuild/revision_20260907/08_comparative_statics.tex,443,M,baseline or explicit boundary prose,"When \(M=0\), \(\tau_E(0)=+\infty\), so \(W_i^E=-\infty\),"
paper/model_rebuild/revision_20260907/08_comparative_statics.tex,443,\tau_E,baseline or explicit boundary prose,"When \(M=0\), \(\tau_E(0)=+\infty\), so \(W_i^E=-\infty\),"
paper/model_rebuild/revision_20260907/08_comparative_statics.tex,443,W_i^,baseline or explicit boundary prose,"When \(M=0\), \(\tau_E(0)=+\infty\), so \(W_i^E=-\infty\),"
paper/model_rebuild/revision_20260907/08_comparative_statics.tex,444,m,baseline or explicit boundary prose,"\(\chi_i^E=0\), and \(D_m^{\mathrm{MAH}}=0\). The old route set and background"
paper/model_rebuild/revision_20260907/08_comparative_statics.tex,448,m,baseline or explicit boundary prose,"Because \(b(m)>0\),"
paper/model_rebuild/revision_20260907/08_comparative_statics.tex,450,p_m,baseline or explicit boundary prose,"\lim_{p_m\to\infty}W_i^E(q,m;1,p_m)=-\infty."
paper/model_rebuild/revision_20260907/08_comparative_statics.tex,450,W_i^,baseline or explicit boundary prose,"\lim_{p_m\to\infty}W_i^E(q,m;1,p_m)=-\infty."
paper/model_rebuild/revision_20260907/08_comparative_statics.tex,450,q,baseline or explicit boundary prose,"\lim_{p_m\to\infty}W_i^E(q,m;1,p_m)=-\infty."
paper/model_rebuild/revision_20260907/08_comparative_statics.tex,450,m,baseline or explicit boundary prose,"\lim_{p_m\to\infty}W_i^E(q,m;1,p_m)=-\infty."
paper/model_rebuild/revision_20260907/08_comparative_statics.tex,450,p_m,baseline or explicit boundary prose,"\lim_{p_m\to\infty}W_i^E(q,m;1,p_m)=-\infty."
paper/model_rebuild/revision_20260907/08_comparative_statics.tex,455,p_m,baseline or explicit boundary prose,\lim_{p_m\to\infty}
paper/model_rebuild/revision_20260907/08_comparative_statics.tex,456,q,baseline or explicit boundary prose,"W_i(q,m;1,p_m)"
paper/model_rebuild/revision_20260907/08_comparative_statics.tex,456,m,baseline or explicit boundary prose,"W_i(q,m;1,p_m)"
paper/model_rebuild/revision_20260907/08_comparative_statics.tex,456,p_m,baseline or explicit boundary prose,"W_i(q,m;1,p_m)"
paper/model_rebuild/revision_20260907/08_comparative_statics.tex,458,W_i^,baseline or explicit boundary prose,"W_i^0(q,m)."
paper/model_rebuild/revision_20260907/08_comparative_statics.tex,458,q,baseline or explicit boundary prose,"W_i^0(q,m)."
paper/model_rebuild/revision_20260907/08_comparative_statics.tex,458,m,baseline or explicit boundary prose,"W_i^0(q,m)."
paper/model_rebuild/revision_20260907/08_comparative_statics.tex,465,W_i^,baseline or explicit boundary prose,"If \(W_i^E(q,m;1,p_m)\leq W_i^0(q,m)\) for every draw, then"
paper/model_rebuild/revision_20260907/08_comparative_statics.tex,465,q,baseline or explicit boundary prose,"If \(W_i^E(q,m;1,p_m)\leq W_i^0(q,m)\) for every draw, then"
paper/model_rebuild/revision_20260907/08_comparative_statics.tex,465,m,baseline or explicit boundary prose,"If \(W_i^E(q,m;1,p_m)\leq W_i^0(q,m)\) for every draw, then"
paper/model_rebuild/revision_20260907/08_comparative_statics.tex,465,p_m,baseline or explicit boundary prose,"If \(W_i^E(q,m;1,p_m)\leq W_i^0(q,m)\) for every draw, then"
paper/model_rebuild/revision_20260907/08_comparative_statics.tex,465,W_i^,baseline or explicit boundary prose,"If \(W_i^E(q,m;1,p_m)\leq W_i^0(q,m)\) for every draw, then"
paper/model_rebuild/revision_20260907/08_comparative_statics.tex,465,q,baseline or explicit boundary prose,"If \(W_i^E(q,m;1,p_m)\leq W_i^0(q,m)\) for every draw, then"
paper/model_rebuild/revision_20260907/08_comparative_statics.tex,465,m,baseline or explicit boundary prose,"If \(W_i^E(q,m;1,p_m)\leq W_i^0(q,m)\) for every draw, then"
paper/model_rebuild/revision_20260907/08_comparative_statics.tex,467,\Omega_i,baseline or explicit boundary prose,"\Delta\Omega_i(p_m)=0,"
paper/model_rebuild/revision_20260907/08_comparative_statics.tex,467,p_m,baseline or explicit boundary prose,"\Delta\Omega_i(p_m)=0,"
paper/model_rebuild/revision_20260907/08_comparative_statics.tex,469,x_i,baseline or explicit boundary prose,\Delta x_i(p_m)=0.
paper/model_rebuild/revision_20260907/08_comparative_statics.tex,469,p_m,baseline or explicit boundary prose,\Delta x_i(p_m)=0.
paper/model_rebuild/revision_20260907/08_comparative_statics.tex,473,p_m,baseline or explicit boundary prose,holds at \(p_m^1\).
paper/model_rebuild/revision_20260907/08_comparative_statics.tex,477,p_m,baseline or explicit boundary prose,"price \(\bar p_m\) in both regimes, then"
paper/model_rebuild/revision_20260907/08_comparative_statics.tex,479,p_m,baseline or explicit boundary prose,"p_m^1=p_m^0=\bar p_m,"
paper/model_rebuild/revision_20260907/08_comparative_statics.tex,479,p_m,baseline or explicit boundary prose,"p_m^1=p_m^0=\bar p_m,"
paper/model_rebuild/revision_20260907/08_comparative_statics.tex,479,p_m,baseline or explicit boundary prose,"p_m^1=p_m^0=\bar p_m,"
paper/model_rebuild/revision_20260907/08_comparative_statics.tex,481,\Omega_i,baseline or explicit boundary prose,"\Delta\Omega_i^{\mathrm{eq}}=\Delta\Omega_i^{\mathrm{dir}},"
paper/model_rebuild/revision_20260907/08_comparative_statics.tex,481,\Omega_i,baseline or explicit boundary prose,"\Delta\Omega_i^{\mathrm{eq}}=\Delta\Omega_i^{\mathrm{dir}},"
paper/model_rebuild/revision_20260907/08_comparative_statics.tex,483,x_i,baseline or explicit boundary prose,\Delta x_i^{\mathrm{eq}}=\Delta x_i^{\mathrm{dir}}.
paper/model_rebuild/revision_20260907/08_comparative_statics.tex,483,x_i,baseline or explicit boundary prose,\Delta x_i^{\mathrm{eq}}=\Delta x_i^{\mathrm{dir}}.
paper/model_rebuild/revision_20260907/08_comparative_statics.tex,492,x_i,baseline or explicit boundary prose,"x_i^*(M,p_m)"
paper/model_rebuild/revision_20260907/08_comparative_statics.tex,492,M,baseline or explicit boundary prose,"x_i^*(M,p_m)"
paper/model_rebuild/revision_20260907/08_comparative_statics.tex,492,p_m,baseline or explicit boundary prose,"x_i^*(M,p_m)"
paper/model_rebuild/revision_20260907/08_comparative_statics.tex,494,a_i,baseline or explicit boundary prose,"\frac{\beta a_i}{\kappa}\Omega_i(M,p_m),"
paper/model_rebuild/revision_20260907/08_comparative_statics.tex,494,\Omega_i,baseline or explicit boundary prose,"\frac{\beta a_i}{\kappa}\Omega_i(M,p_m),"
paper/model_rebuild/revision_20260907/08_comparative_statics.tex,494,M,baseline or explicit boundary prose,"\frac{\beta a_i}{\kappa}\Omega_i(M,p_m),"
paper/model_rebuild/revision_20260907/08_comparative_statics.tex,494,p_m,baseline or explicit boundary prose,"\frac{\beta a_i}{\kappa}\Omega_i(M,p_m),"
paper/model_rebuild/revision_20260907/08_comparative_statics.tex,496,x_i,baseline or explicit boundary prose,\Delta x_i
paper/model_rebuild/revision_20260907/08_comparative_statics.tex,498,a_i,baseline or explicit boundary prose,\frac{\beta a_i}{\kappa}\Delta\Omega_i.
paper/model_rebuild/revision_20260907/08_comparative_statics.tex,498,\Omega_i,baseline or explicit boundary prose,\frac{\beta a_i}{\kappa}\Delta\Omega_i.
paper/model_rebuild/revision_20260907/08_comparative_statics.tex,506,\Omega_i,baseline or explicit boundary prose,\Delta\Omega_i
paper/model_rebuild/revision_20260907/08_comparative_statics.tex,529,M,baseline or explicit boundary prose,M
paper/model_rebuild/revision_20260907/08_comparative_statics.tex,533,\Omega_i,baseline or explicit boundary prose,\Omega_i \\
paper/model_rebuild/revision_20260907/08_comparative_statics.tex,535,x_i,baseline or explicit boundary prose,x_i^*
paper/model_rebuild/revision_20260907/08_required_propositions.tex,8,M,baseline or explicit boundary prose,\(M=0\) and \(M=1\); the binary regime is never differentiated.
paper/model_rebuild/revision_20260907/08_required_propositions.tex,8,M,baseline or explicit boundary prose,\(M=0\) and \(M=1\); the binary regime is never differentiated.
paper/model_rebuild/revision_20260907/08_required_propositions.tex,14,q,baseline or explicit boundary prose,"Fix a project \((q,m)\), a finite institutional wedge, regime \(M=1\), and a"
paper/model_rebuild/revision_20260907/08_required_propositions.tex,14,m,baseline or explicit boundary prose,"Fix a project \((q,m)\), a finite institutional wedge, regime \(M=1\), and a"
paper/model_rebuild/revision_20260907/08_required_propositions.tex,14,M,baseline or explicit boundary prose,"Fix a project \((q,m)\), a finite institutional wedge, regime \(M=1\), and a"
paper/model_rebuild/revision_20260907/08_required_propositions.tex,15,p_m,baseline or explicit boundary prose,conjectured support price \(p_m<\infty\). Hold all primitives except internal
paper/model_rebuild/revision_20260907/08_required_propositions.tex,16,k_i,baseline or explicit boundary prose,"manufacturing capability \(k_i\) fixed. On the interior of the internally feasible domain,"
paper/model_rebuild/revision_20260907/08_required_propositions.tex,20,k_i,baseline or explicit boundary prose,The internal-minus-entrusted value gap is strictly increasing in \(k_i\):
paper/model_rebuild/revision_20260907/08_required_propositions.tex,22,k_i,baseline or explicit boundary prose,"\frac{\partial\Delta_{IE}(k_i;q,m,M,p_m)}{\partial k_i}"
paper/model_rebuild/revision_20260907/08_required_propositions.tex,22,q,baseline or explicit boundary prose,"\frac{\partial\Delta_{IE}(k_i;q,m,M,p_m)}{\partial k_i}"
paper/model_rebuild/revision_20260907/08_required_propositions.tex,22,m,baseline or explicit boundary prose,"\frac{\partial\Delta_{IE}(k_i;q,m,M,p_m)}{\partial k_i}"
paper/model_rebuild/revision_20260907/08_required_propositions.tex,22,M,baseline or explicit boundary prose,"\frac{\partial\Delta_{IE}(k_i;q,m,M,p_m)}{\partial k_i}"
paper/model_rebuild/revision_20260907/08_required_propositions.tex,22,p_m,baseline or explicit boundary prose,"\frac{\partial\Delta_{IE}(k_i;q,m,M,p_m)}{\partial k_i}"
paper/model_rebuild/revision_20260907/08_required_propositions.tex,22,k_i,baseline or explicit boundary prose,"\frac{\partial\Delta_{IE}(k_i;q,m,M,p_m)}{\partial k_i}"
paper/model_rebuild/revision_20260907/08_required_propositions.tex,24,s(q),baseline or explicit boundary prose,"s(q)R_c(q,c_I)c_{I,k}(m,k_i)-F_{I,k}(m,k_i)"
paper/model_rebuild/revision_20260907/08_required_propositions.tex,24,q,baseline or explicit boundary prose,"s(q)R_c(q,c_I)c_{I,k}(m,k_i)-F_{I,k}(m,k_i)"
paper/model_rebuild/revision_20260907/08_required_propositions.tex,24,m,baseline or explicit boundary prose,"s(q)R_c(q,c_I)c_{I,k}(m,k_i)-F_{I,k}(m,k_i)"
paper/model_rebuild/revision_20260907/08_required_propositions.tex,24,k_i,baseline or explicit boundary prose,"s(q)R_c(q,c_I)c_{I,k}(m,k_i)-F_{I,k}(m,k_i)"
paper/model_rebuild/revision_20260907/08_required_propositions.tex,24,m,baseline or explicit boundary prose,"s(q)R_c(q,c_I)c_{I,k}(m,k_i)-F_{I,k}(m,k_i)"
paper/model_rebuild/revision_20260907/08_required_propositions.tex,24,k_i,baseline or explicit boundary prose,"s(q)R_c(q,c_I)c_{I,k}(m,k_i)-F_{I,k}(m,k_i)"
paper/model_rebuild/revision_20260907/08_required_propositions.tex,29,q,baseline or explicit boundary prose,"upper endpoint, there is a unique \(k^*(q,m;p_m,M)\). Conditional on both"
paper/model_rebuild/revision_20260907/08_required_propositions.tex,29,m,baseline or explicit boundary prose,"upper endpoint, there is a unique \(k^*(q,m;p_m,M)\). Conditional on both"
paper/model_rebuild/revision_20260907/08_required_propositions.tex,29,p_m,baseline or explicit boundary prose,"upper endpoint, there is a unique \(k^*(q,m;p_m,M)\). Conditional on both"
paper/model_rebuild/revision_20260907/08_required_propositions.tex,29,M,baseline or explicit boundary prose,"upper endpoint, there is a unique \(k^*(q,m;p_m,M)\). Conditional on both"
paper/model_rebuild/revision_20260907/08_required_propositions.tex,38,s(q),baseline or explicit boundary prose,"\(s(q)=0\)), while the setup-cost term is strictly positive. Their sum is"
paper/model_rebuild/revision_20260907/08_required_propositions.tex,48,k_i,baseline or explicit boundary prose,"\(k_i<\underline{k}(m)\), internal production is infeasible. As"
paper/model_rebuild/revision_20260907/08_required_propositions.tex,48,m,baseline or explicit boundary prose,"\(k_i<\underline{k}(m)\), internal production is infeasible. As"
paper/model_rebuild/revision_20260907/08_required_propositions.tex,49,k_i,baseline or explicit boundary prose,"\(k_i\rightarrow\infty\), the maintained technology signs weakly favor"
paper/model_rebuild/revision_20260907/08_required_propositions.tex,50,M,baseline or explicit boundary prose,"internal production relative to entrusted production. At \(M=0\), route \(E\)"
paper/model_rebuild/revision_20260907/08_required_propositions.tex,64,q,baseline or explicit boundary prose,"Fix developer \(i\), project draw \((q,m)\), and support price \(p_m\)."
paper/model_rebuild/revision_20260907/08_required_propositions.tex,64,m,baseline or explicit boundary prose,"Fix developer \(i\), project draw \((q,m)\), and support price \(p_m\)."
paper/model_rebuild/revision_20260907/08_required_propositions.tex,64,p_m,baseline or explicit boundary prose,"Fix developer \(i\), project draw \((q,m)\), and support price \(p_m\)."
paper/model_rebuild/revision_20260907/08_required_propositions.tex,71,W_i^,baseline or explicit boundary prose,"W_i^0(q,m)"
paper/model_rebuild/revision_20260907/08_required_propositions.tex,71,q,baseline or explicit boundary prose,"W_i^0(q,m)"
paper/model_rebuild/revision_20260907/08_required_propositions.tex,71,m,baseline or explicit boundary prose,"W_i^0(q,m)"
paper/model_rebuild/revision_20260907/08_required_propositions.tex,73,W_i^,baseline or explicit boundary prose,"\max\{W_i^I(q,m),W^T(q,m),0\},"
paper/model_rebuild/revision_20260907/08_required_propositions.tex,73,q,baseline or explicit boundary prose,"\max\{W_i^I(q,m),W^T(q,m),0\},"
paper/model_rebuild/revision_20260907/08_required_propositions.tex,73,m,baseline or explicit boundary prose,"\max\{W_i^I(q,m),W^T(q,m),0\},"
paper/model_rebuild/revision_20260907/08_required_propositions.tex,73,W^,baseline or explicit boundary prose,"\max\{W_i^I(q,m),W^T(q,m),0\},"
paper/model_rebuild/revision_20260907/08_required_propositions.tex,73,q,baseline or explicit boundary prose,"\max\{W_i^I(q,m),W^T(q,m),0\},"
paper/model_rebuild/revision_20260907/08_required_propositions.tex,73,m,baseline or explicit boundary prose,"\max\{W_i^I(q,m),W^T(q,m),0\},"
paper/model_rebuild/revision_20260907/08_required_propositions.tex,75,W_i^,baseline or explicit boundary prose,"W_i^1(q,m;p_m)"
paper/model_rebuild/revision_20260907/08_required_propositions.tex,75,q,baseline or explicit boundary prose,"W_i^1(q,m;p_m)"
paper/model_rebuild/revision_20260907/08_required_propositions.tex,75,m,baseline or explicit boundary prose,"W_i^1(q,m;p_m)"
paper/model_rebuild/revision_20260907/08_required_propositions.tex,75,p_m,baseline or explicit boundary prose,"W_i^1(q,m;p_m)"
paper/model_rebuild/revision_20260907/08_required_propositions.tex,77,W_i^,baseline or explicit boundary prose,"\max\{W_i^0(q,m),W_i^E(q,m;1,p_m)\}."
paper/model_rebuild/revision_20260907/08_required_propositions.tex,77,q,baseline or explicit boundary prose,"\max\{W_i^0(q,m),W_i^E(q,m;1,p_m)\}."
paper/model_rebuild/revision_20260907/08_required_propositions.tex,77,m,baseline or explicit boundary prose,"\max\{W_i^0(q,m),W_i^E(q,m;1,p_m)\}."
paper/model_rebuild/revision_20260907/08_required_propositions.tex,77,W_i^,baseline or explicit boundary prose,"\max\{W_i^0(q,m),W_i^E(q,m;1,p_m)\}."
paper/model_rebuild/revision_20260907/08_required_propositions.tex,77,q,baseline or explicit boundary prose,"\max\{W_i^0(q,m),W_i^E(q,m;1,p_m)\}."
paper/model_rebuild/revision_20260907/08_required_propositions.tex,77,m,baseline or explicit boundary prose,"\max\{W_i^0(q,m),W_i^E(q,m;1,p_m)\}."
paper/model_rebuild/revision_20260907/08_required_propositions.tex,77,p_m,baseline or explicit boundary prose,"\max\{W_i^0(q,m),W_i^E(q,m;1,p_m)\}."
paper/model_rebuild/revision_20260907/08_required_propositions.tex,82,W_i^,baseline or explicit boundary prose,"W_i^1(q,m;p_m)-W_i^0(q,m)"
paper/model_rebuild/revision_20260907/08_required_propositions.tex,82,q,baseline or explicit boundary prose,"W_i^1(q,m;p_m)-W_i^0(q,m)"
paper/model_rebuild/revision_20260907/08_required_propositions.tex,82,m,baseline or explicit boundary prose,"W_i^1(q,m;p_m)-W_i^0(q,m)"
paper/model_rebuild/revision_20260907/08_required_propositions.tex,82,p_m,baseline or explicit boundary prose,"W_i^1(q,m;p_m)-W_i^0(q,m)"
paper/model_rebuild/revision_20260907/08_required_propositions.tex,82,W_i^,baseline or explicit boundary prose,"W_i^1(q,m;p_m)-W_i^0(q,m)"
paper/model_rebuild/revision_20260907/08_required_propositions.tex,82,q,baseline or explicit boundary prose,"W_i^1(q,m;p_m)-W_i^0(q,m)"
paper/model_rebuild/revision_20260907/08_required_propositions.tex,82,m,baseline or explicit boundary prose,"W_i^1(q,m;p_m)-W_i^0(q,m)"
paper/model_rebuild/revision_20260907/08_required_propositions.tex,84,W_i^,baseline or explicit boundary prose,"\left[W_i^E(q,m;1,p_m)-W_i^0(q,m)\right]_+."
paper/model_rebuild/revision_20260907/08_required_propositions.tex,84,q,baseline or explicit boundary prose,"\left[W_i^E(q,m;1,p_m)-W_i^0(q,m)\right]_+."
paper/model_rebuild/revision_20260907/08_required_propositions.tex,84,m,baseline or explicit boundary prose,"\left[W_i^E(q,m;1,p_m)-W_i^0(q,m)\right]_+."
paper/model_rebuild/revision_20260907/08_required_propositions.tex,84,p_m,baseline or explicit boundary prose,"\left[W_i^E(q,m;1,p_m)-W_i^0(q,m)\right]_+."
paper/model_rebuild/revision_20260907/08_required_propositions.tex,84,W_i^,baseline or explicit boundary prose,"\left[W_i^E(q,m;1,p_m)-W_i^0(q,m)\right]_+."
paper/model_rebuild/revision_20260907/08_required_propositions.tex,84,q,baseline or explicit boundary prose,"\left[W_i^E(q,m;1,p_m)-W_i^0(q,m)\right]_+."
paper/model_rebuild/revision_20260907/08_required_propositions.tex,84,m,baseline or explicit boundary prose,"\left[W_i^E(q,m;1,p_m)-W_i^0(q,m)\right]_+."
paper/model_rebuild/revision_20260907/08_required_propositions.tex,89,p_m,baseline or explicit boundary prose,\mathcal C_i(p_m)
paper/model_rebuild/revision_20260907/08_required_propositions.tex,91,q,baseline or explicit boundary prose,"\left\{(q,m):"
paper/model_rebuild/revision_20260907/08_required_propositions.tex,91,m,baseline or explicit boundary prose,"\left\{(q,m):"
paper/model_rebuild/revision_20260907/08_required_propositions.tex,92,W_i^,baseline or explicit boundary prose,"W_i^E(q,m;1,p_m)>W_i^0(q,m)\right\}."
paper/model_rebuild/revision_20260907/08_required_propositions.tex,92,q,baseline or explicit boundary prose,"W_i^E(q,m;1,p_m)>W_i^0(q,m)\right\}."
paper/model_rebuild/revision_20260907/08_required_propositions.tex,92,m,baseline or explicit boundary prose,"W_i^E(q,m;1,p_m)>W_i^0(q,m)\right\}."
paper/model_rebuild/revision_20260907/08_required_propositions.tex,92,p_m,baseline or explicit boundary prose,"W_i^E(q,m;1,p_m)>W_i^0(q,m)\right\}."
paper/model_rebuild/revision_20260907/08_required_propositions.tex,92,W_i^,baseline or explicit boundary prose,"W_i^E(q,m;1,p_m)>W_i^0(q,m)\right\}."
paper/model_rebuild/revision_20260907/08_required_propositions.tex,92,q,baseline or explicit boundary prose,"W_i^E(q,m;1,p_m)>W_i^0(q,m)\right\}."
paper/model_rebuild/revision_20260907/08_required_propositions.tex,92,m,baseline or explicit boundary prose,"W_i^E(q,m;1,p_m)>W_i^0(q,m)\right\}."
paper/model_rebuild/revision_20260907/08_required_propositions.tex,101,W_i^,baseline or explicit boundary prose,\(a=W_i^0\) and \(b=W_i^E\). The gain is strictly positive exactly where the
paper/model_rebuild/revision_20260907/08_required_propositions.tex,101,W_i^,baseline or explicit boundary prose,\(a=W_i^0\) and \(b=W_i^E\). The gain is strictly positive exactly where the
paper/model_rebuild/revision_20260907/08_required_propositions.tex,103,p_m,baseline or explicit boundary prose,\(\mathcal C_i(p_m)\).
paper/model_rebuild/revision_20260907/08_required_propositions.tex,108,W_i^,baseline or explicit boundary prose,"price. If \(W_i^E\leq W_i^0\), the project gain is zero. If this inequality"
paper/model_rebuild/revision_20260907/08_required_propositions.tex,108,W_i^,baseline or explicit boundary prose,"price. If \(W_i^E\leq W_i^0\), the project gain is zero. If this inequality"
paper/model_rebuild/revision_20260907/08_required_propositions.tex,109,p_m,baseline or explicit boundary prose,"holds for all project draws, \(\mathcal C_i(p_m)\) is empty up to null sets."
paper/model_rebuild/revision_20260907/08_required_propositions.tex,110,p_m,baseline or explicit boundary prose,"As \(p_m\rightarrow\infty\), \(W_i^E\rightarrow-\infty\), so the old value is"
paper/model_rebuild/revision_20260907/08_required_propositions.tex,110,W_i^,baseline or explicit boundary prose,"As \(p_m\rightarrow\infty\), \(W_i^E\rightarrow-\infty\), so the old value is"
paper/model_rebuild/revision_20260907/08_required_propositions.tex,125,p_m,baseline or explicit boundary prose,"Fix a support price \(p_m\), policy-invariant primitives, and developer"
paper/model_rebuild/revision_20260907/08_required_propositions.tex,127,a_i,baseline or explicit boundary prose,Route values do not depend on research capability \(a_i\). For the
paper/model_rebuild/revision_20260907/08_required_propositions.tex,135,\Omega_i,baseline or explicit boundary prose,"\(\Omega_i^h(p_m)=\int W_i^h(q,m;p_m)\,dF(q,m)\) for"
paper/model_rebuild/revision_20260907/08_required_propositions.tex,135,p_m,baseline or explicit boundary prose,"\(\Omega_i^h(p_m)=\int W_i^h(q,m;p_m)\,dF(q,m)\) for"
paper/model_rebuild/revision_20260907/08_required_propositions.tex,135,W_i^,baseline or explicit boundary prose,"\(\Omega_i^h(p_m)=\int W_i^h(q,m;p_m)\,dF(q,m)\) for"
paper/model_rebuild/revision_20260907/08_required_propositions.tex,135,q,baseline or explicit boundary prose,"\(\Omega_i^h(p_m)=\int W_i^h(q,m;p_m)\,dF(q,m)\) for"
paper/model_rebuild/revision_20260907/08_required_propositions.tex,135,m,baseline or explicit boundary prose,"\(\Omega_i^h(p_m)=\int W_i^h(q,m;p_m)\,dF(q,m)\) for"
paper/model_rebuild/revision_20260907/08_required_propositions.tex,135,p_m,baseline or explicit boundary prose,"\(\Omega_i^h(p_m)=\int W_i^h(q,m;p_m)\,dF(q,m)\) for"
paper/model_rebuild/revision_20260907/08_required_propositions.tex,135,q,baseline or explicit boundary prose,"\(\Omega_i^h(p_m)=\int W_i^h(q,m;p_m)\,dF(q,m)\) for"
paper/model_rebuild/revision_20260907/08_required_propositions.tex,135,m,baseline or explicit boundary prose,"\(\Omega_i^h(p_m)=\int W_i^h(q,m;p_m)\,dF(q,m)\) for"
paper/model_rebuild/revision_20260907/08_required_propositions.tex,136,p_m,baseline or explicit boundary prose,"\(h\in\{0,1\}\), with the irrelevant \(p_m\) argument suppressed for"
paper/model_rebuild/revision_20260907/08_required_propositions.tex,139,\Omega_i,baseline or explicit boundary prose,\Delta\Omega_i(p_m)
paper/model_rebuild/revision_20260907/08_required_propositions.tex,139,p_m,baseline or explicit boundary prose,\Delta\Omega_i(p_m)
paper/model_rebuild/revision_20260907/08_required_propositions.tex,141,\Omega_i,baseline or explicit boundary prose,\Omega_i^1(p_m)-\Omega_i^0
paper/model_rebuild/revision_20260907/08_required_propositions.tex,141,p_m,baseline or explicit boundary prose,\Omega_i^1(p_m)-\Omega_i^0
paper/model_rebuild/revision_20260907/08_required_propositions.tex,141,\Omega_i,baseline or explicit boundary prose,\Omega_i^1(p_m)-\Omega_i^0
paper/model_rebuild/revision_20260907/08_required_propositions.tex,144,W_i^,baseline or explicit boundary prose,"\left[W_i^E(q,m;1,p_m)-W_i^0(q,m)\right]_+"
paper/model_rebuild/revision_20260907/08_required_propositions.tex,144,q,baseline or explicit boundary prose,"\left[W_i^E(q,m;1,p_m)-W_i^0(q,m)\right]_+"
paper/model_rebuild/revision_20260907/08_required_propositions.tex,144,m,baseline or explicit boundary prose,"\left[W_i^E(q,m;1,p_m)-W_i^0(q,m)\right]_+"
paper/model_rebuild/revision_20260907/08_required_propositions.tex,144,p_m,baseline or explicit boundary prose,"\left[W_i^E(q,m;1,p_m)-W_i^0(q,m)\right]_+"
paper/model_rebuild/revision_20260907/08_required_propositions.tex,144,W_i^,baseline or explicit boundary prose,"\left[W_i^E(q,m;1,p_m)-W_i^0(q,m)\right]_+"
paper/model_rebuild/revision_20260907/08_required_propositions.tex,144,q,baseline or explicit boundary prose,"\left[W_i^E(q,m;1,p_m)-W_i^0(q,m)\right]_+"
paper/model_rebuild/revision_20260907/08_required_propositions.tex,144,m,baseline or explicit boundary prose,"\left[W_i^E(q,m;1,p_m)-W_i^0(q,m)\right]_+"
paper/model_rebuild/revision_20260907/08_required_propositions.tex,145,q,baseline or explicit boundary prose,"dF(q,m)"
paper/model_rebuild/revision_20260907/08_required_propositions.tex,145,m,baseline or explicit boundary prose,"dF(q,m)"
paper/model_rebuild/revision_20260907/08_required_propositions.tex,151,x_i,baseline or explicit boundary prose,\Delta x_i(p_m)
paper/model_rebuild/revision_20260907/08_required_propositions.tex,151,p_m,baseline or explicit boundary prose,\Delta x_i(p_m)
paper/model_rebuild/revision_20260907/08_required_propositions.tex,153,a_i,baseline or explicit boundary prose,\left(\frac{\beta a_i}{\kappa}\right)^{1/\nu}
paper/model_rebuild/revision_20260907/08_required_propositions.tex,155,\Omega_i,baseline or explicit boundary prose,\left(\Omega_i^0+\Delta\Omega_i(p_m)\right)^{1/\nu}
paper/model_rebuild/revision_20260907/08_required_propositions.tex,155,\Omega_i,baseline or explicit boundary prose,\left(\Omega_i^0+\Delta\Omega_i(p_m)\right)^{1/\nu}
paper/model_rebuild/revision_20260907/08_required_propositions.tex,155,p_m,baseline or explicit boundary prose,\left(\Omega_i^0+\Delta\Omega_i(p_m)\right)^{1/\nu}
paper/model_rebuild/revision_20260907/08_required_propositions.tex,157,\Omega_i,baseline or explicit boundary prose,\left(\Omega_i^0\right)^{1/\nu}
paper/model_rebuild/revision_20260907/08_required_propositions.tex,163,x_i,baseline or explicit boundary prose,\Delta x_i(p_m)>0
paper/model_rebuild/revision_20260907/08_required_propositions.tex,163,p_m,baseline or explicit boundary prose,\Delta x_i(p_m)>0
paper/model_rebuild/revision_20260907/08_required_propositions.tex,165,\Omega_i,baseline or explicit boundary prose,\Delta\Omega_i(p_m)>0.
paper/model_rebuild/revision_20260907/08_required_propositions.tex,165,p_m,baseline or explicit boundary prose,\Delta\Omega_i(p_m)>0.
paper/model_rebuild/revision_20260907/08_required_propositions.tex,169,k_i,baseline or explicit boundary prose,"Holding \(k_i,p_m,\Omega_i^0,\Delta\Omega_i\) and all primitives fixed, a"
paper/model_rebuild/revision_20260907/08_required_propositions.tex,169,p_m,baseline or explicit boundary prose,"Holding \(k_i,p_m,\Omega_i^0,\Delta\Omega_i\) and all primitives fixed, a"
paper/model_rebuild/revision_20260907/08_required_propositions.tex,169,\Omega_i,baseline or explicit boundary prose,"Holding \(k_i,p_m,\Omega_i^0,\Delta\Omega_i\) and all primitives fixed, a"
paper/model_rebuild/revision_20260907/08_required_propositions.tex,169,\Omega_i,baseline or explicit boundary prose,"Holding \(k_i,p_m,\Omega_i^0,\Delta\Omega_i\) and all primitives fixed, a"
paper/model_rebuild/revision_20260907/08_required_propositions.tex,172,x_i,baseline or explicit boundary prose,\frac{\partial\Delta x_i(p_m)}{\partial a_i}
paper/model_rebuild/revision_20260907/08_required_propositions.tex,172,p_m,baseline or explicit boundary prose,\frac{\partial\Delta x_i(p_m)}{\partial a_i}
paper/model_rebuild/revision_20260907/08_required_propositions.tex,172,a_i,baseline or explicit boundary prose,\frac{\partial\Delta x_i(p_m)}{\partial a_i}
paper/model_rebuild/revision_20260907/08_required_propositions.tex,174,x_i,baseline or explicit boundary prose,\frac{\Delta x_i(p_m)}{\nu a_i}
paper/model_rebuild/revision_20260907/08_required_propositions.tex,174,p_m,baseline or explicit boundary prose,\frac{\Delta x_i(p_m)}{\nu a_i}
paper/model_rebuild/revision_20260907/08_required_propositions.tex,174,a_i,baseline or explicit boundary prose,\frac{\Delta x_i(p_m)}{\nu a_i}
paper/model_rebuild/revision_20260907/08_required_propositions.tex,178,a_i,baseline or explicit boundary prose,Thus the level response is stronger at higher \(a_i\) whenever the
paper/model_rebuild/revision_20260907/08_required_propositions.tex,182,k_i,baseline or explicit boundary prose,"The internal value is nondecreasing in \(k_i\), whereas the other old route"
paper/model_rebuild/revision_20260907/08_required_propositions.tex,183,k_i,baseline or explicit boundary prose,values and entrusted value are independent of \(k_i\). Therefore
paper/model_rebuild/revision_20260907/08_required_propositions.tex,184,\Omega_i,baseline or explicit boundary prose,\(\Omega_i^0(k_i)\) is nondecreasing and
paper/model_rebuild/revision_20260907/08_required_propositions.tex,184,k_i,baseline or explicit boundary prose,\(\Omega_i^0(k_i)\) is nondecreasing and
paper/model_rebuild/revision_20260907/08_required_propositions.tex,185,\Omega_i,baseline or explicit boundary prose,"\(\Delta\Omega_i(k_i;p_m)\) is nonincreasing. When \(\nu\geq1\),"
paper/model_rebuild/revision_20260907/08_required_propositions.tex,185,k_i,baseline or explicit boundary prose,"\(\Delta\Omega_i(k_i;p_m)\) is nonincreasing. When \(\nu\geq1\),"
paper/model_rebuild/revision_20260907/08_required_propositions.tex,185,p_m,baseline or explicit boundary prose,"\(\Delta\Omega_i(k_i;p_m)\) is nonincreasing. When \(\nu\geq1\),"
paper/model_rebuild/revision_20260907/08_required_propositions.tex,188,\Omega_i,baseline or explicit boundary prose,Applying this result to \(u=\Omega_i^0(k_i)\) and
paper/model_rebuild/revision_20260907/08_required_propositions.tex,188,k_i,baseline or explicit boundary prose,Applying this result to \(u=\Omega_i^0(k_i)\) and
paper/model_rebuild/revision_20260907/08_required_propositions.tex,189,\Omega_i,baseline or explicit boundary prose,\(d=\Delta\Omega_i(k_i;p_m)\) yields
paper/model_rebuild/revision_20260907/08_required_propositions.tex,189,k_i,baseline or explicit boundary prose,\(d=\Delta\Omega_i(k_i;p_m)\) yields
paper/model_rebuild/revision_20260907/08_required_propositions.tex,189,p_m,baseline or explicit boundary prose,\(d=\Delta\Omega_i(k_i;p_m)\) yields
paper/model_rebuild/revision_20260907/08_required_propositions.tex,191,k_i,baseline or explicit boundary prose,k_i'\geq k_i
paper/model_rebuild/revision_20260907/08_required_propositions.tex,191,k_i,baseline or explicit boundary prose,k_i'\geq k_i
paper/model_rebuild/revision_20260907/08_required_propositions.tex,193,x_i,baseline or explicit boundary prose,\Delta x_i(k_i';p_m)
paper/model_rebuild/revision_20260907/08_required_propositions.tex,193,k_i,baseline or explicit boundary prose,\Delta x_i(k_i';p_m)
paper/model_rebuild/revision_20260907/08_required_propositions.tex,193,p_m,baseline or explicit boundary prose,\Delta x_i(k_i';p_m)
paper/model_rebuild/revision_20260907/08_required_propositions.tex,195,x_i,baseline or explicit boundary prose,"\Delta x_i(k_i;p_m),"
paper/model_rebuild/revision_20260907/08_required_propositions.tex,195,k_i,baseline or explicit boundary prose,"\Delta x_i(k_i;p_m),"
paper/model_rebuild/revision_20260907/08_required_propositions.tex,195,p_m,baseline or explicit boundary prose,"\Delta x_i(k_i;p_m),"
paper/model_rebuild/revision_20260907/08_required_propositions.tex,207,\Omega_i,baseline or explicit boundary prose,"\(\Delta\Omega_i=\Delta x_i=0\). At \(\nu=1\),"
paper/model_rebuild/revision_20260907/08_required_propositions.tex,207,x_i,baseline or explicit boundary prose,"\(\Delta\Omega_i=\Delta x_i=0\). At \(\nu=1\),"
paper/model_rebuild/revision_20260907/08_required_propositions.tex,209,x_i,baseline or explicit boundary prose,"x_i^*=\frac{\beta a_i}{\kappa}\Omega_i,"
paper/model_rebuild/revision_20260907/08_required_propositions.tex,209,a_i,baseline or explicit boundary prose,"x_i^*=\frac{\beta a_i}{\kappa}\Omega_i,"
paper/model_rebuild/revision_20260907/08_required_propositions.tex,209,\Omega_i,baseline or explicit boundary prose,"x_i^*=\frac{\beta a_i}{\kappa}\Omega_i,"
paper/model_rebuild/revision_20260907/08_required_propositions.tex,211,x_i,baseline or explicit boundary prose,"\Delta x_i=\frac{\beta a_i}{\kappa}\Delta\Omega_i,"
paper/model_rebuild/revision_20260907/08_required_propositions.tex,211,a_i,baseline or explicit boundary prose,"\Delta x_i=\frac{\beta a_i}{\kappa}\Delta\Omega_i,"
paper/model_rebuild/revision_20260907/08_required_propositions.tex,211,\Omega_i,baseline or explicit boundary prose,"\Delta x_i=\frac{\beta a_i}{\kappa}\Delta\Omega_i,"
paper/model_rebuild/revision_20260907/08_required_propositions.tex,214,a_i,baseline or explicit boundary prose,gain. A high \(a_i\) does not create a response when the value gain is zero.
paper/model_rebuild/revision_20260907/08_required_propositions.tex,220,a_i,baseline or explicit boundary prose,"The resulting response is strongest for high-\(a_i\), low- or"
paper/model_rebuild/revision_20260907/08_required_propositions.tex,221,k_i,baseline or explicit boundary prose,intermediate-\(k_i\) developers under the stated curvature condition. This
paper/model_rebuild/revision_20260907/08_required_propositions.tex,229,p_m,baseline or explicit boundary prose,Fix developer \(i\) and support price \(p_m\). The class
paper/model_rebuild/revision_20260907/08_required_propositions.tex,231,x_i,baseline or explicit boundary prose,The same \(x_i\) applies to both classes.
paper/model_rebuild/revision_20260907/08_required_propositions.tex,235,W_i^,baseline or explicit boundary prose,\(\Omega_{ig}^0=E_{F_g}[W_i^0]\) and
paper/model_rebuild/revision_20260907/08_required_propositions.tex,236,W_i^,baseline or explicit boundary prose,"\(\Omega_{ig}^1=E_{F_g}[\max\{W_i^0,W_i^E\}]\). Then"
paper/model_rebuild/revision_20260907/08_required_propositions.tex,236,W_i^,baseline or explicit boundary prose,"\(\Omega_{ig}^1=E_{F_g}[\max\{W_i^0,W_i^E\}]\). Then"
paper/model_rebuild/revision_20260907/08_required_propositions.tex,242,W_i^,baseline or explicit boundary prose,\left(W_i^E-W_i^0\right)_+
paper/model_rebuild/revision_20260907/08_required_propositions.tex,242,W_i^,baseline or explicit boundary prose,\left(W_i^E-W_i^0\right)_+
paper/model_rebuild/revision_20260907/08_required_propositions.tex,245,\Omega_i,baseline or explicit boundary prose,\Delta\Omega_i
paper/model_rebuild/revision_20260907/08_required_propositions.tex,274,M,baseline or explicit boundary prose,Fix \(M\) and all exogenous distributions and primitives. Use the maintained
paper/model_rebuild/revision_20260907/08_required_propositions.tex,283,p_m,baseline or explicit boundary prose,\(p_m^*(M)>0\).
paper/model_rebuild/revision_20260907/08_required_propositions.tex,283,M,baseline or explicit boundary prose,\(p_m^*(M)>0\).
paper/model_rebuild/revision_20260907/08_required_propositions.tex,288,M,baseline or explicit boundary prose,Z_M(p_m)
paper/model_rebuild/revision_20260907/08_required_propositions.tex,288,p_m,baseline or explicit boundary prose,Z_M(p_m)
paper/model_rebuild/revision_20260907/08_required_propositions.tex,290,m,baseline or explicit boundary prose,D_m(p_m;M)-S_m(p_m).
paper/model_rebuild/revision_20260907/08_required_propositions.tex,290,p_m,baseline or explicit boundary prose,D_m(p_m;M)-S_m(p_m).
paper/model_rebuild/revision_20260907/08_required_propositions.tex,290,M,baseline or explicit boundary prose,D_m(p_m;M)-S_m(p_m).
paper/model_rebuild/revision_20260907/08_required_propositions.tex,290,m,baseline or explicit boundary prose,D_m(p_m;M)-S_m(p_m).
paper/model_rebuild/revision_20260907/08_required_propositions.tex,290,p_m,baseline or explicit boundary prose,D_m(p_m;M)-S_m(p_m).
paper/model_rebuild/revision_20260907/08_required_propositions.tex,294,M,baseline or explicit boundary prose,"\(Z_M(0)\geq D_m^B(0)>0\). At sufficiently high prices, total demand tends to"
paper/model_rebuild/revision_20260907/08_required_propositions.tex,294,m,baseline or explicit boundary prose,"\(Z_M(0)\geq D_m^B(0)>0\). At sufficiently high prices, total demand tends to"
paper/model_rebuild/revision_20260907/08_required_propositions.tex,295,M,baseline or explicit boundary prose,"zero and supply is unbounded, so \(Z_M(p_m)<0\). The intermediate value"
paper/model_rebuild/revision_20260907/08_required_propositions.tex,295,p_m,baseline or explicit boundary prose,"zero and supply is unbounded, so \(Z_M(p_m)<0\). The intermediate value"
paper/model_rebuild/revision_20260907/08_required_propositions.tex,297,M,baseline or explicit boundary prose,"strictly increasing, \(Z_M\) is strictly decreasing; the root is unique."
paper/model_rebuild/revision_20260907/08_required_propositions.tex,301,M,baseline or explicit boundary prose,"flat regions. At \(M=0\), study-related entrusted demand is zero, but"
paper/model_rebuild/revision_20260907/08_required_propositions.tex,315,p_m,baseline or explicit boundary prose,Let \(p_m^0=p_m^*(0)\) and \(p_m^1=p_m^*(1)\). Hold qualified-supply
paper/model_rebuild/revision_20260907/08_required_propositions.tex,315,p_m,baseline or explicit boundary prose,Let \(p_m^0=p_m^*(0)\) and \(p_m^1=p_m^*(1)\). Hold qualified-supply
paper/model_rebuild/revision_20260907/08_required_propositions.tex,315,p_m,baseline or explicit boundary prose,Let \(p_m^0=p_m^*(0)\) and \(p_m^1=p_m^*(1)\). Hold qualified-supply
paper/model_rebuild/revision_20260907/08_required_propositions.tex,315,p_m,baseline or explicit boundary prose,Let \(p_m^0=p_m^*(0)\) and \(p_m^1=p_m^*(1)\). Hold qualified-supply
paper/model_rebuild/revision_20260907/08_required_propositions.tex,323,p_m,baseline or explicit boundary prose,Z_1(p_m^0)
paper/model_rebuild/revision_20260907/08_required_propositions.tex,325,m,baseline or explicit boundary prose,D_m^{\mathrm{MAH}}(p_m^0;1)
paper/model_rebuild/revision_20260907/08_required_propositions.tex,325,p_m,baseline or explicit boundary prose,D_m^{\mathrm{MAH}}(p_m^0;1)
paper/model_rebuild/revision_20260907/08_required_propositions.tex,328,p_m,baseline or explicit boundary prose,because background demand equals supply at \(p_m^0\). Since \(Z_1\) is
paper/model_rebuild/revision_20260907/08_required_propositions.tex,329,p_m,baseline or explicit boundary prose,"strictly decreasing and vanishes at \(p_m^1\),"
paper/model_rebuild/revision_20260907/08_required_propositions.tex,331,p_m,baseline or explicit boundary prose,"p_m^1\geq p_m^0,"
paper/model_rebuild/revision_20260907/08_required_propositions.tex,331,p_m,baseline or explicit boundary prose,"p_m^1\geq p_m^0,"
paper/model_rebuild/revision_20260907/08_required_propositions.tex,333,m,baseline or explicit boundary prose,D_m^{\mathrm{MAH}}(p_m^0;1)>0.
paper/model_rebuild/revision_20260907/08_required_propositions.tex,333,p_m,baseline or explicit boundary prose,D_m^{\mathrm{MAH}}(p_m^0;1)>0.
paper/model_rebuild/revision_20260907/08_required_propositions.tex,340,\Omega_i,baseline or explicit boundary prose,\Delta\Omega_i^{\mathrm{dir}}
paper/model_rebuild/revision_20260907/08_required_propositions.tex,343,W_i^,baseline or explicit boundary prose,"[W_i^E(q,m;1,p_m^0)-W_i^0(q,m)]_+"
paper/model_rebuild/revision_20260907/08_required_propositions.tex,343,q,baseline or explicit boundary prose,"[W_i^E(q,m;1,p_m^0)-W_i^0(q,m)]_+"
paper/model_rebuild/revision_20260907/08_required_propositions.tex,343,m,baseline or explicit boundary prose,"[W_i^E(q,m;1,p_m^0)-W_i^0(q,m)]_+"
paper/model_rebuild/revision_20260907/08_required_propositions.tex,343,p_m,baseline or explicit boundary prose,"[W_i^E(q,m;1,p_m^0)-W_i^0(q,m)]_+"
paper/model_rebuild/revision_20260907/08_required_propositions.tex,343,W_i^,baseline or explicit boundary prose,"[W_i^E(q,m;1,p_m^0)-W_i^0(q,m)]_+"
paper/model_rebuild/revision_20260907/08_required_propositions.tex,343,q,baseline or explicit boundary prose,"[W_i^E(q,m;1,p_m^0)-W_i^0(q,m)]_+"
paper/model_rebuild/revision_20260907/08_required_propositions.tex,343,m,baseline or explicit boundary prose,"[W_i^E(q,m;1,p_m^0)-W_i^0(q,m)]_+"
paper/model_rebuild/revision_20260907/08_required_propositions.tex,347,\Omega_i,baseline or explicit boundary prose,\Delta\Omega_i^{\mathrm{eq}}
paper/model_rebuild/revision_20260907/08_required_propositions.tex,350,W_i^,baseline or explicit boundary prose,"[W_i^E(q,m;1,p_m^1)-W_i^0(q,m)]_+"
paper/model_rebuild/revision_20260907/08_required_propositions.tex,350,q,baseline or explicit boundary prose,"[W_i^E(q,m;1,p_m^1)-W_i^0(q,m)]_+"
paper/model_rebuild/revision_20260907/08_required_propositions.tex,350,m,baseline or explicit boundary prose,"[W_i^E(q,m;1,p_m^1)-W_i^0(q,m)]_+"
paper/model_rebuild/revision_20260907/08_required_propositions.tex,350,p_m,baseline or explicit boundary prose,"[W_i^E(q,m;1,p_m^1)-W_i^0(q,m)]_+"
paper/model_rebuild/revision_20260907/08_required_propositions.tex,350,W_i^,baseline or explicit boundary prose,"[W_i^E(q,m;1,p_m^1)-W_i^0(q,m)]_+"
paper/model_rebuild/revision_20260907/08_required_propositions.tex,350,q,baseline or explicit boundary prose,"[W_i^E(q,m;1,p_m^1)-W_i^0(q,m)]_+"
paper/model_rebuild/revision_20260907/08_required_propositions.tex,350,m,baseline or explicit boundary prose,"[W_i^E(q,m;1,p_m^1)-W_i^0(q,m)]_+"
paper/model_rebuild/revision_20260907/08_required_propositions.tex,353,p_m,baseline or explicit boundary prose,"Since \(W_{i,p_m}^E=-b(m)<0\) and"
paper/model_rebuild/revision_20260907/08_required_propositions.tex,353,m,baseline or explicit boundary prose,"Since \(W_{i,p_m}^E=-b(m)<0\) and"
paper/model_rebuild/revision_20260907/08_required_propositions.tex,354,p_m,baseline or explicit boundary prose,"\(p_m^1\geq p_m^0\), the integrand in the equilibrium expression is"
paper/model_rebuild/revision_20260907/08_required_propositions.tex,354,p_m,baseline or explicit boundary prose,"\(p_m^1\geq p_m^0\), the integrand in the equilibrium expression is"
paper/model_rebuild/revision_20260907/08_required_propositions.tex,359,\Omega_i,baseline or explicit boundary prose,\Delta\Omega_i^{\mathrm{eq}}
paper/model_rebuild/revision_20260907/08_required_propositions.tex,361,\Omega_i,baseline or explicit boundary prose,\Delta\Omega_i^{\mathrm{dir}}.
paper/model_rebuild/revision_20260907/08_required_propositions.tex,366,\Omega_i,baseline or explicit boundary prose,"For a fixed pre-MAH value \(\Omega_i^0\), the mapping"
paper/model_rebuild/revision_20260907/08_required_propositions.tex,369,a_i,baseline or explicit boundary prose,\left(\frac{\beta a_i}{\kappa}\right)^{1/\nu}
paper/model_rebuild/revision_20260907/08_required_propositions.tex,370,\Omega_i,baseline or explicit boundary prose,[(\Omega_i^0+d)^{1/\nu}-(\Omega_i^0)^{1/\nu}]
paper/model_rebuild/revision_20260907/08_required_propositions.tex,370,\Omega_i,baseline or explicit boundary prose,[(\Omega_i^0+d)^{1/\nu}-(\Omega_i^0)^{1/\nu}]
paper/model_rebuild/revision_20260907/08_required_propositions.tex,376,x_i,baseline or explicit boundary prose,\Delta x_i^{\mathrm{eq}}
paper/model_rebuild/revision_20260907/08_required_propositions.tex,378,x_i,baseline or explicit boundary prose,\Delta x_i^{\mathrm{dir}}.
paper/model_rebuild/revision_20260907/08_required_propositions.tex,383,p_m,baseline or explicit boundary prose,"If study demand is zero at \(p_m^0\), uniqueness gives \(p_m^1=p_m^0\). If supply is"
paper/model_rebuild/revision_20260907/08_required_propositions.tex,383,p_m,baseline or explicit boundary prose,"If study demand is zero at \(p_m^0\), uniqueness gives \(p_m^1=p_m^0\). If supply is"
paper/model_rebuild/revision_20260907/08_required_propositions.tex,383,p_m,baseline or explicit boundary prose,"If study demand is zero at \(p_m^0\), uniqueness gives \(p_m^1=p_m^0\). If supply is"
paper/model_rebuild/revision_20260907/08_required_propositions.tex,384,p_m,baseline or explicit boundary prose,"perfectly elastic at a common \(\bar p_m\), then"
paper/model_rebuild/revision_20260907/08_required_propositions.tex,385,p_m,baseline or explicit boundary prose,\(p_m^1=p_m^0=\bar p_m\) and attenuation disappears. If a high equilibrium
paper/model_rebuild/revision_20260907/08_required_propositions.tex,385,p_m,baseline or explicit boundary prose,\(p_m^1=p_m^0=\bar p_m\) and attenuation disappears. If a high equilibrium
paper/model_rebuild/revision_20260907/08_required_propositions.tex,385,p_m,baseline or explicit boundary prose,\(p_m^1=p_m^0=\bar p_m\) and attenuation disappears. If a high equilibrium
paper/model_rebuild/revision_20260907/08_required_propositions.tex,401,x_i,baseline or explicit boundary prose,Fix a regime and its equilibrium objects. The common \(x_i^*\) is selected
paper/model_rebuild/revision_20260907/08_required_propositions.tex,403,s(q),baseline or explicit boundary prose,probability \(s(q)\) is exogenous and policy invariant. For typed baseline
paper/model_rebuild/revision_20260907/08_required_propositions.tex,404,q,baseline or explicit boundary prose,outcomes write \(s_g(q)=s(q)\): the same kernel enters valuation and realized
paper/model_rebuild/revision_20260907/08_required_propositions.tex,404,s(q),baseline or explicit boundary prose,outcomes write \(s_g(q)=s(q)\): the same kernel enters valuation and realized
paper/model_rebuild/revision_20260907/08_required_propositions.tex,413,a_i,baseline or explicit boundary prose,\Lambda_i^{\mathrm{plan}}
paper/model_rebuild/revision_20260907/08_required_propositions.tex,415,a_i,baseline or explicit boundary prose,a_ix_i^*.
paper/model_rebuild/revision_20260907/08_required_propositions.tex,415,x_i,baseline or explicit boundary prose,a_ix_i^*.
paper/model_rebuild/revision_20260907/08_required_propositions.tex,419,a_i,baseline or explicit boundary prose,\(\lambda_i^{\mathrm{plan}}=a_ix_i\) evaluated at the advancement optimizer.
paper/model_rebuild/revision_20260907/08_required_propositions.tex,419,a_i,baseline or explicit boundary prose,\(\lambda_i^{\mathrm{plan}}=a_ix_i\) evaluated at the advancement optimizer.
paper/model_rebuild/revision_20260907/08_required_propositions.tex,419,x_i,baseline or explicit boundary prose,\(\lambda_i^{\mathrm{plan}}=a_ix_i\) evaluated at the advancement optimizer.
paper/model_rebuild/revision_20260907/08_required_propositions.tex,427,a_i,baseline or explicit boundary prose,a_ix_i^*
paper/model_rebuild/revision_20260907/08_required_propositions.tex,427,x_i,baseline or explicit boundary prose,a_ix_i^*
paper/model_rebuild/revision_20260907/08_required_propositions.tex,429,s(q),baseline or explicit boundary prose,s(q)
paper/model_rebuild/revision_20260907/08_required_propositions.tex,435,q,baseline or explicit boundary prose,"dF(q,m)."
paper/model_rebuild/revision_20260907/08_required_propositions.tex,435,m,baseline or explicit boundary prose,"dF(q,m)."
paper/model_rebuild/revision_20260907/08_required_propositions.tex,442,a_i,baseline or explicit boundary prose,a_ix_i^*
paper/model_rebuild/revision_20260907/08_required_propositions.tex,442,x_i,baseline or explicit boundary prose,a_ix_i^*
paper/model_rebuild/revision_20260907/08_required_propositions.tex,444,s(q),baseline or explicit boundary prose,s(q)\mathbf 1\{r_i^*=E\}
paper/model_rebuild/revision_20260907/08_required_propositions.tex,445,q,baseline or explicit boundary prose,"dF(q,m)."
paper/model_rebuild/revision_20260907/08_required_propositions.tex,445,m,baseline or explicit boundary prose,"dF(q,m)."
paper/model_rebuild/revision_20260907/08_required_propositions.tex,453,a_i,baseline or explicit boundary prose,a_ix_i^*\rho_g
paper/model_rebuild/revision_20260907/08_required_propositions.tex,453,x_i,baseline or explicit boundary prose,a_ix_i^*\rho_g
paper/model_rebuild/revision_20260907/08_required_propositions.tex,455,q,baseline or explicit boundary prose,s_g(q)
paper/model_rebuild/revision_20260907/08_required_propositions.tex,461,q,baseline or explicit boundary prose,"dF_g(q,m)."
paper/model_rebuild/revision_20260907/08_required_propositions.tex,461,m,baseline or explicit boundary prose,"dF_g(q,m)."
paper/model_rebuild/revision_20260907/08_required_propositions.tex,464,x_i,baseline or explicit boundary prose,"There is one common \(x_i^*\), not an \(x_{ig}\) control. By the mixture"
paper/model_rebuild/revision_20260907/08_required_propositions.tex,473,s(q),baseline or explicit boundary prose,\int s(q)
paper/model_rebuild/revision_20260907/08_required_propositions.tex,477,x_i,baseline or explicit boundary prose,"and let \(x_i^h=x_i^*(h,p_m^h)\). Adding and subtracting"
paper/model_rebuild/revision_20260907/08_required_propositions.tex,477,x_i,baseline or explicit boundary prose,"and let \(x_i^h=x_i^*(h,p_m^h)\). Adding and subtracting"
paper/model_rebuild/revision_20260907/08_required_propositions.tex,477,p_m,baseline or explicit boundary prose,"and let \(x_i^h=x_i^*(h,p_m^h)\). Adding and subtracting"
paper/model_rebuild/revision_20260907/08_required_propositions.tex,478,a_i,baseline or explicit boundary prose,"\(a_ix_i^1Q_i^{\mathrm{ret},0}\) gives"
paper/model_rebuild/revision_20260907/08_required_propositions.tex,478,x_i,baseline or explicit boundary prose,"\(a_ix_i^1Q_i^{\mathrm{ret},0}\) gives"
paper/model_rebuild/revision_20260907/08_required_propositions.tex,482,a_i,baseline or explicit boundary prose,"a_i(x_i^1-x_i^0)Q_i^{\mathrm{ret},0}"
paper/model_rebuild/revision_20260907/08_required_propositions.tex,482,x_i,baseline or explicit boundary prose,"a_i(x_i^1-x_i^0)Q_i^{\mathrm{ret},0}"
paper/model_rebuild/revision_20260907/08_required_propositions.tex,482,x_i,baseline or explicit boundary prose,"a_i(x_i^1-x_i^0)Q_i^{\mathrm{ret},0}"
paper/model_rebuild/revision_20260907/08_required_propositions.tex,484,a_i,baseline or explicit boundary prose,a_ix_i^1
paper/model_rebuild/revision_20260907/08_required_propositions.tex,484,x_i,baseline or explicit boundary prose,a_ix_i^1
paper/model_rebuild/revision_20260907/09_observed_outcomes.tex,24,x_i,baseline or explicit boundary prose,Here \(x_i\) is project-development / advancement intensity. It advances
paper/model_rebuild/revision_20260907/09_observed_outcomes.tex,27,a_i,baseline or explicit boundary prose,\(\Lambda_i^{\mathrm{plan}}=a_ix_i^*\); route choice then assigns a realized
paper/model_rebuild/revision_20260907/09_observed_outcomes.tex,27,a_i,baseline or explicit boundary prose,\(\Lambda_i^{\mathrm{plan}}=a_ix_i^*\); route choice then assigns a realized
paper/model_rebuild/revision_20260907/09_observed_outcomes.tex,27,x_i,baseline or explicit boundary prose,\(\Lambda_i^{\mathrm{plan}}=a_ix_i^*\); route choice then assigns a realized
paper/model_rebuild/revision_20260907/09_observed_outcomes.tex,36,M,baseline or explicit boundary prose,M
paper/model_rebuild/revision_20260907/09_observed_outcomes.tex,40,\Omega_i,baseline or explicit boundary prose,\Omega_i
paper/model_rebuild/revision_20260907/09_observed_outcomes.tex,42,x_i,baseline or explicit boundary prose,x_i^*.
paper/model_rebuild/revision_20260907/09_observed_outcomes.tex,47,x_i,baseline or explicit boundary prose,x_i^*
paper/model_rebuild/revision_20260907/09_observed_outcomes.tex,49,a_i,baseline or explicit boundary prose,\Lambda_i^{\mathrm{plan}}
paper/model_rebuild/revision_20260907/09_observed_outcomes.tex,69,a_i,baseline or explicit boundary prose,a_ix_i^*\rho_g
paper/model_rebuild/revision_20260907/09_observed_outcomes.tex,69,x_i,baseline or explicit boundary prose,a_ix_i^*\rho_g
paper/model_rebuild/revision_20260907/09_observed_outcomes.tex,71,q,baseline or explicit boundary prose,s_g(q)
paper/model_rebuild/revision_20260907/09_observed_outcomes.tex,77,q,baseline or explicit boundary prose,"dF_g(q,m)."
paper/model_rebuild/revision_20260907/09_observed_outcomes.tex,77,m,baseline or explicit boundary prose,"dF_g(q,m)."
paper/model_rebuild/revision_20260907/09_observed_outcomes.tex,80,q,baseline or explicit boundary prose,"Here \(s_g(q)=s(q)\), as in Proposition 6. The classifier changes the"
paper/model_rebuild/revision_20260907/09_observed_outcomes.tex,80,s(q),baseline or explicit boundary prose,"Here \(s_g(q)=s(q)\), as in Proposition 6. The classifier changes the"
paper/model_rebuild/revision_20260907/09_observed_outcomes.tex,100,x_i,baseline or explicit boundary prose,of \(x_i\).
paper/model_rebuild/revision_20260907/09_observed_outcomes.tex,105,x_i,baseline or explicit boundary prose,"x_i,\ a_i,\ s(q),\ \tau_E,\ \mu_E,\ p_m"
paper/model_rebuild/revision_20260907/09_observed_outcomes.tex,105,a_i,baseline or explicit boundary prose,"x_i,\ a_i,\ s(q),\ \tau_E,\ \mu_E,\ p_m"
paper/model_rebuild/revision_20260907/09_observed_outcomes.tex,105,s(q),baseline or explicit boundary prose,"x_i,\ a_i,\ s(q),\ \tau_E,\ \mu_E,\ p_m"
paper/model_rebuild/revision_20260907/09_observed_outcomes.tex,105,\tau_E,baseline or explicit boundary prose,"x_i,\ a_i,\ s(q),\ \tau_E,\ \mu_E,\ p_m"
paper/model_rebuild/revision_20260907/09_observed_outcomes.tex,105,p_m,baseline or explicit boundary prose,"x_i,\ a_i,\ s(q),\ \tau_E,\ \mu_E,\ p_m"
paper/model_rebuild/revision_20260907/10_empirical_mapping.tex,13,a_i,baseline or explicit boundary prose,\subsubsection{Interface 1: Predetermined research capability \texorpdfstring{\(a_i\)}{a(i)}}
paper/model_rebuild/revision_20260907/10_empirical_mapping.tex,24,x_i,baseline or explicit boundary prose,"capability, but it is not \(x_i\) and does not identify \(a_i\) separately"
paper/model_rebuild/revision_20260907/10_empirical_mapping.tex,24,a_i,baseline or explicit boundary prose,"capability, but it is not \(x_i\) and does not identify \(a_i\) separately"
paper/model_rebuild/revision_20260907/10_empirical_mapping.tex,27,x_i,baseline or explicit boundary prose,\subsubsection{Interface 2: Advancement intensity \texorpdfstring{\(x_i\)}{x(i)}}
paper/model_rebuild/revision_20260907/10_empirical_mapping.tex,36,x_i,baseline or explicit boundary prose,\textit{Identification limit:} \(x_i\) advances viable projects toward route planning and excludes
paper/model_rebuild/revision_20260907/10_empirical_mapping.tex,40,a_i,baseline or explicit boundary prose,\subsubsection{Interface 3: Planning-stage projects \texorpdfstring{\(a_ix_i\)}{a(i)x(i)}}
paper/model_rebuild/revision_20260907/10_empirical_mapping.tex,40,x_i,baseline or explicit boundary prose,\subsubsection{Interface 3: Planning-stage projects \texorpdfstring{\(a_ix_i\)}{a(i)x(i)}}
paper/model_rebuild/revision_20260907/10_empirical_mapping.tex,50,a_i,baseline or explicit boundary prose,separately identify \(a_i\) and \(x_i\).
paper/model_rebuild/revision_20260907/10_empirical_mapping.tex,50,x_i,baseline or explicit boundary prose,separately identify \(a_i\) and \(x_i\).
paper/model_rebuild/revision_20260907/10_empirical_mapping.tex,52,k_i,baseline or explicit boundary prose,\subsubsection{Interface 4: Internal manufacturing capability \texorpdfstring{\(k_i\)}{k(i)}}
paper/model_rebuild/revision_20260907/10_empirical_mapping.tex,65,q,baseline or explicit boundary prose,\subsubsection{Interface 5: Project value \texorpdfstring{\(q\)}{project-value index}}
paper/model_rebuild/revision_20260907/10_empirical_mapping.tex,75,q,baseline or explicit boundary prose,not permit a direct MAH shift in \(q\).
paper/model_rebuild/revision_20260907/10_empirical_mapping.tex,77,m,baseline or explicit boundary prose,\subsubsection{Interface 6: Manufacturing complexity \texorpdfstring{\(m\)}{complexity index}}
paper/model_rebuild/revision_20260907/10_empirical_mapping.tex,86,m,baseline or explicit boundary prose,"\textit{Identification limit:} \(m\) is a project requirement, not developer"
paper/model_rebuild/revision_20260907/10_empirical_mapping.tex,139,x_i,baseline or explicit boundary prose,\textit{Identification limit:} a patent response neither equals \(x_i\) nor
paper/model_rebuild/revision_20260907/10_empirical_mapping.tex,146,p_m,baseline or explicit boundary prose,\subsubsection{Interface 11: CMO price or scarcity \texorpdfstring{\(p_m^*\)}{equilibrium CMO price}}
paper/model_rebuild/revision_20260907/10_empirical_mapping.tex,158,p_m,baseline or explicit boundary prose,identify \(p_m^*\) or the supply and demand schedules.
paper/model_rebuild/revision_20260907/10_empirical_mapping.tex,160,q,baseline or explicit boundary prose,"\subsubsection{Interface 12: Transfer outside option \texorpdfstring{\(T(q,m)\)}{transfer value}}"
paper/model_rebuild/revision_20260907/10_empirical_mapping.tex,160,m,baseline or explicit boundary prose,"\subsubsection{Interface 12: Transfer outside option \texorpdfstring{\(T(q,m)\)}{transfer value}}"
paper/model_rebuild/revision_20260907/10_empirical_mapping.tex,169,q,baseline or explicit boundary prose,"baseline, and incomplete deal values need not identify \(T(q,m)\)."
paper/model_rebuild/revision_20260907/10_empirical_mapping.tex,169,m,baseline or explicit boundary prose,"baseline, and incomplete deal values need not identify \(T(q,m)\)."
paper/model_rebuild/revision_20260907/10_empirical_mapping.tex,176,M,baseline or explicit boundary prose,M
paper/model_rebuild/revision_20260907/10_empirical_mapping.tex,180,\Omega_i,baseline or explicit boundary prose,\Omega_i
paper/model_rebuild/revision_20260907/10_empirical_mapping.tex,182,x_i,baseline or explicit boundary prose,"x_i^*,"
paper/model_rebuild/revision_20260907/10_empirical_mapping.tex,188,x_i,baseline or explicit boundary prose,x_i^*
paper/model_rebuild/revision_20260907/10_empirical_mapping.tex,200,x_i,baseline or explicit boundary prose,cannot be placed before the ex ante choice of \(x_i\).
paper/model_rebuild/revision_20260907/11_extensions_not_baseline.tex,58,q,inactive extension,"probabilities, an extension may introduce \(\chi^I(q,m)\) and"
paper/model_rebuild/revision_20260907/11_extensions_not_baseline.tex,58,m,inactive extension,"probabilities, an extension may introduce \(\chi^I(q,m)\) and"
paper/model_rebuild/revision_20260907/11_extensions_not_baseline.tex,59,q,inactive extension,"\(\chi^E(q,m)\). These would replace neither the baseline route choice nor the"
paper/model_rebuild/revision_20260907/11_extensions_not_baseline.tex,59,m,inactive extension,"\(\chi^E(q,m)\). These would replace neither the baseline route choice nor the"
paper/model_rebuild/revision_20260907/11_extensions_not_baseline.tex,63,M,inactive extension,M=1
paper/model_rebuild/revision_20260907/11_extensions_not_baseline.tex,65,q,inactive extension,"\chi^E(q,m)\uparrow"
paper/model_rebuild/revision_20260907/11_extensions_not_baseline.tex,65,m,inactive extension,"\chi^E(q,m)\uparrow"
paper/model_rebuild/revision_20260907/11_extensions_not_baseline.tex,74,q,inactive extension,"value \(T(q,m)\). No bargaining protocol, transfer price, adoption cost, or"
paper/model_rebuild/revision_20260907/11_extensions_not_baseline.tex,74,m,inactive extension,"value \(T(q,m)\). No bargaining protocol, transfer price, adoption cost, or"
paper/model_rebuild/revision_20260907/11_extensions_not_baseline.tex,77,q,inactive extension,"\(T(q,m)\) remains the exogenous non-retained outside option of the baseline."
paper/model_rebuild/revision_20260907/11_extensions_not_baseline.tex,77,m,inactive extension,"\(T(q,m)\) remains the exogenous non-retained outside option of the baseline."
paper/model_rebuild/revision_20260907/11_extensions_not_baseline.tex,97,p_m,inactive extension,qualified-capacity market at \(p_m^*\).
paper/model_rebuild/revision_20260907/11_extensions_not_baseline.tex,103,x_i,inactive extension,\(x_i^R\) and project development \(x_i^D\). A resource or financing
paper/model_rebuild/revision_20260907/11_extensions_not_baseline.tex,103,x_i,inactive extension,\(x_i^R\) and project development \(x_i^D\). A resource or financing
paper/model_rebuild/revision_20260907/11_extensions_not_baseline.tex,105,x_i,inactive extension,\(x_i^D\uparrow\) together with \(x_i^R\downarrow\). The block is not
paper/model_rebuild/revision_20260907/11_extensions_not_baseline.tex,105,x_i,inactive extension,\(x_i^D\uparrow\) together with \(x_i^R\downarrow\). The block is not
paper/model_rebuild/revision_20260907/11_extensions_not_baseline.tex,112,x_i,inactive extension,"\(x_i\), commercialization organization, retained authorization,"
paper/model_rebuild/revision_20260907/13_main_text_model_candidate.tex,29,m,baseline or explicit boundary prose,\label{sec:p16m-model}
paper/model_rebuild/revision_20260907/13_main_text_model_candidate.tex,32,m,baseline or explicit boundary prose,\label{subsec:p16m-environment}
paper/model_rebuild/revision_20260907/13_main_text_model_candidate.tex,35,a_i,baseline or explicit boundary prose,research capability \(a_i>0\) and internal manufacturing capability
paper/model_rebuild/revision_20260907/13_main_text_model_candidate.tex,36,k_i,baseline or explicit boundary prose,"\(k_i>0\), distributed according to \(H(a,k)\). A viable project that reaches"
paper/model_rebuild/revision_20260907/13_main_text_model_candidate.tex,37,q,baseline or explicit boundary prose,commercialization-relevant planning draws value \(q>0\) and manufacturing
paper/model_rebuild/revision_20260907/13_main_text_model_candidate.tex,38,m,baseline or explicit boundary prose,"requirement \(m>0\) from the exogenous distribution \(F(q,m)\). For empirical"
paper/model_rebuild/revision_20260907/13_main_text_model_candidate.tex,38,q,baseline or explicit boundary prose,"requirement \(m>0\) from the exogenous distribution \(F(q,m)\). For empirical"
paper/model_rebuild/revision_20260907/13_main_text_model_candidate.tex,38,m,baseline or explicit boundary prose,"requirement \(m>0\) from the exogenous distribution \(F(q,m)\). For empirical"
paper/model_rebuild/revision_20260907/13_main_text_model_candidate.tex,41,q,baseline or explicit boundary prose,"F(q,m)=\sum_{g\in\{O,\mathrm{Inc}\}}\rho_gF_g(q,m),"
paper/model_rebuild/revision_20260907/13_main_text_model_candidate.tex,41,m,baseline or explicit boundary prose,"F(q,m)=\sum_{g\in\{O,\mathrm{Inc}\}}\rho_gF_g(q,m),"
paper/model_rebuild/revision_20260907/13_main_text_model_candidate.tex,41,q,baseline or explicit boundary prose,"F(q,m)=\sum_{g\in\{O,\mathrm{Inc}\}}\rho_gF_g(q,m),"
paper/model_rebuild/revision_20260907/13_main_text_model_candidate.tex,41,m,baseline or explicit boundary prose,"F(q,m)=\sum_{g\in\{O,\mathrm{Inc}\}}\rho_gF_g(q,m),"
paper/model_rebuild/revision_20260907/13_main_text_model_candidate.tex,47,M,baseline or explicit boundary prose,"The institutional regime is \(M\in\{0,1\}\). The pre-MAH regime sets the"
paper/model_rebuild/revision_20260907/13_main_text_model_candidate.tex,51,\tau_E,baseline or explicit boundary prose,"\tau_E(0)=+\infty,"
paper/model_rebuild/revision_20260907/13_main_text_model_candidate.tex,53,\tau_E,baseline or explicit boundary prose,"\tau_E(1)=\bar\tau_E<+\infty,"
paper/model_rebuild/revision_20260907/13_main_text_model_candidate.tex,53,\tau_E,baseline or explicit boundary prose,"\tau_E(1)=\bar\tau_E<+\infty,"
paper/model_rebuild/revision_20260907/13_main_text_model_candidate.tex,54,\tau_E,baseline or explicit boundary prose,\qquad \bar\tau_E\geq0.
paper/model_rebuild/revision_20260907/13_main_text_model_candidate.tex,55,m,baseline or explicit boundary prose,\label{eq:p16m-policy}
paper/model_rebuild/revision_20260907/13_main_text_model_candidate.tex,63,x_i,baseline or explicit boundary prose,"chooses one common \(x_i\geq0\), interpreted as project-development / advancement intensity. It advances viable"
paper/model_rebuild/revision_20260907/13_main_text_model_candidate.tex,69,a_i,baseline or explicit boundary prose,\lambda_i^{\mathrm{plan}}=a_ix_i.
paper/model_rebuild/revision_20260907/13_main_text_model_candidate.tex,69,a_i,baseline or explicit boundary prose,\lambda_i^{\mathrm{plan}}=a_ix_i.
paper/model_rebuild/revision_20260907/13_main_text_model_candidate.tex,69,x_i,baseline or explicit boundary prose,\lambda_i^{\mathrm{plan}}=a_ix_i.
paper/model_rebuild/revision_20260907/13_main_text_model_candidate.tex,70,m,baseline or explicit boundary prose,\label{eq:p16m-planning}
paper/model_rebuild/revision_20260907/13_main_text_model_candidate.tex,73,M,baseline or explicit boundary prose,"Timing is as follows. First, \(M\) is observed and developers anticipate the"
paper/model_rebuild/revision_20260907/13_main_text_model_candidate.tex,74,x_i,baseline or explicit boundary prose,"market-consistent qualified-service price. Second, they choose \(x_i\)."
paper/model_rebuild/revision_20260907/13_main_text_model_candidate.tex,75,q,baseline or explicit boundary prose,"Third, planning-stage projects draw \((q,m)\) and choose a route. Fourth,"
paper/model_rebuild/revision_20260907/13_main_text_model_candidate.tex,75,m,baseline or explicit boundary prose,"Third, planning-stage projects draw \((q,m)\) and choose a route. Fourth,"
paper/model_rebuild/revision_20260907/13_main_text_model_candidate.tex,76,s(q),baseline or explicit boundary prose,"downstream realization occurs with exogenous probability \(s(q)\). Finally,"
paper/model_rebuild/revision_20260907/13_main_text_model_candidate.tex,80,a_i,baseline or explicit boundary prose,"determine the predetermined \(a_i\), but they are outside the baseline"
paper/model_rebuild/revision_20260907/13_main_text_model_candidate.tex,84,m,baseline or explicit boundary prose,\label{subsec:p16m-technologies}
paper/model_rebuild/revision_20260907/13_main_text_model_candidate.tex,87,q,baseline or explicit boundary prose,"\(y(p;q)=Aqp^{-\varepsilon}\), where \(A>0\) and \(\varepsilon>1\)."
paper/model_rebuild/revision_20260907/13_main_text_model_candidate.tex,94,q,baseline or explicit boundary prose,"R(q,c)"
paper/model_rebuild/revision_20260907/13_main_text_model_candidate.tex,102,m,baseline or explicit boundary prose,\label{eq:p16m-return}
paper/model_rebuild/revision_20260907/13_main_text_model_candidate.tex,105,q,baseline or explicit boundary prose,\(R_q>0\) and \(R_c<0\).
paper/model_rebuild/revision_20260907/13_main_text_model_candidate.tex,107,m,baseline or explicit boundary prose,"Internal production uses marginal cost \(c_I(m,k_i)\), with"
paper/model_rebuild/revision_20260907/13_main_text_model_candidate.tex,107,k_i,baseline or explicit boundary prose,"Internal production uses marginal cost \(c_I(m,k_i)\), with"
paper/model_rebuild/revision_20260907/13_main_text_model_candidate.tex,108,m,baseline or explicit boundary prose,"\(c_{I,m}>0\) and \(c_{I,k}<0\), and setup cost \(F_I(m,k_i)\), with"
paper/model_rebuild/revision_20260907/13_main_text_model_candidate.tex,108,m,baseline or explicit boundary prose,"\(c_{I,m}>0\) and \(c_{I,k}<0\), and setup cost \(F_I(m,k_i)\), with"
paper/model_rebuild/revision_20260907/13_main_text_model_candidate.tex,108,k_i,baseline or explicit boundary prose,"\(c_{I,m}>0\) and \(c_{I,k}<0\), and setup cost \(F_I(m,k_i)\), with"
paper/model_rebuild/revision_20260907/13_main_text_model_candidate.tex,109,m,baseline or explicit boundary prose,"\(F_{I,m}>0\) and \(F_{I,k}<0\) on the feasible domain. Internal production"
paper/model_rebuild/revision_20260907/13_main_text_model_candidate.tex,110,k_i,baseline or explicit boundary prose,"is unavailable when \(k_i<\underline{k}(m)\), represented by"
paper/model_rebuild/revision_20260907/13_main_text_model_candidate.tex,110,m,baseline or explicit boundary prose,"is unavailable when \(k_i<\underline{k}(m)\), represented by"
paper/model_rebuild/revision_20260907/13_main_text_model_candidate.tex,111,m,baseline or explicit boundary prose,"\(F_I(m,k_i)=+\infty\). On the feasible domain its route value is"
paper/model_rebuild/revision_20260907/13_main_text_model_candidate.tex,111,k_i,baseline or explicit boundary prose,"\(F_I(m,k_i)=+\infty\). On the feasible domain its route value is"
paper/model_rebuild/revision_20260907/13_main_text_model_candidate.tex,113,W_i^,baseline or explicit boundary prose,"W_i^I(q,m)"
paper/model_rebuild/revision_20260907/13_main_text_model_candidate.tex,113,q,baseline or explicit boundary prose,"W_i^I(q,m)"
paper/model_rebuild/revision_20260907/13_main_text_model_candidate.tex,113,m,baseline or explicit boundary prose,"W_i^I(q,m)"
paper/model_rebuild/revision_20260907/13_main_text_model_candidate.tex,115,s(q),baseline or explicit boundary prose,"s(q)R\!\left(q,c_I(m,k_i)\right)-F_I(m,k_i)."
paper/model_rebuild/revision_20260907/13_main_text_model_candidate.tex,115,q,baseline or explicit boundary prose,"s(q)R\!\left(q,c_I(m,k_i)\right)-F_I(m,k_i)."
paper/model_rebuild/revision_20260907/13_main_text_model_candidate.tex,115,m,baseline or explicit boundary prose,"s(q)R\!\left(q,c_I(m,k_i)\right)-F_I(m,k_i)."
paper/model_rebuild/revision_20260907/13_main_text_model_candidate.tex,115,k_i,baseline or explicit boundary prose,"s(q)R\!\left(q,c_I(m,k_i)\right)-F_I(m,k_i)."
paper/model_rebuild/revision_20260907/13_main_text_model_candidate.tex,115,m,baseline or explicit boundary prose,"s(q)R\!\left(q,c_I(m,k_i)\right)-F_I(m,k_i)."
paper/model_rebuild/revision_20260907/13_main_text_model_candidate.tex,115,k_i,baseline or explicit boundary prose,"s(q)R\!\left(q,c_I(m,k_i)\right)-F_I(m,k_i)."
paper/model_rebuild/revision_20260907/13_main_text_model_candidate.tex,116,m,baseline or explicit boundary prose,\label{eq:p16m-internal}
paper/model_rebuild/revision_20260907/13_main_text_model_candidate.tex,118,W_i^,baseline or explicit boundary prose,Below the feasibility threshold define \(W_i^I=-\infty\) directly;
paper/model_rebuild/revision_20260907/13_main_text_model_candidate.tex,121,m,baseline or explicit boundary prose,"Entrusted production uses external marginal cost \(c_E(m)\), requires"
paper/model_rebuild/revision_20260907/13_main_text_model_candidate.tex,122,m,baseline or explicit boundary prose,"\(b(m)>0\) units of qualified capacity with \(b'(m)>0\), incurs setup cost"
paper/model_rebuild/revision_20260907/13_main_text_model_candidate.tex,122,m,baseline or explicit boundary prose,"\(b(m)>0\) units of qualified capacity with \(b'(m)>0\), incurs setup cost"
paper/model_rebuild/revision_20260907/13_main_text_model_candidate.tex,123,m,baseline or explicit boundary prose,"\(F_E(m)\), and leaves the holder with burden \(\mu_E\geq0\). At the"
paper/model_rebuild/revision_20260907/13_main_text_model_candidate.tex,124,p_m,baseline or explicit boundary prose,"qualified-capacity price \(p_m\),"
paper/model_rebuild/revision_20260907/13_main_text_model_candidate.tex,127,W_i^,baseline or explicit boundary prose,"W_i^E(q,m;M,p_m)"
paper/model_rebuild/revision_20260907/13_main_text_model_candidate.tex,127,q,baseline or explicit boundary prose,"W_i^E(q,m;M,p_m)"
paper/model_rebuild/revision_20260907/13_main_text_model_candidate.tex,127,m,baseline or explicit boundary prose,"W_i^E(q,m;M,p_m)"
paper/model_rebuild/revision_20260907/13_main_text_model_candidate.tex,127,M,baseline or explicit boundary prose,"W_i^E(q,m;M,p_m)"
paper/model_rebuild/revision_20260907/13_main_text_model_candidate.tex,127,p_m,baseline or explicit boundary prose,"W_i^E(q,m;M,p_m)"
paper/model_rebuild/revision_20260907/13_main_text_model_candidate.tex,129,s(q),baseline or explicit boundary prose,"s(q)R\!\left(q,c_E(m)\right)-F_E(m)-p_mb(m)\\"
paper/model_rebuild/revision_20260907/13_main_text_model_candidate.tex,129,q,baseline or explicit boundary prose,"s(q)R\!\left(q,c_E(m)\right)-F_E(m)-p_mb(m)\\"
paper/model_rebuild/revision_20260907/13_main_text_model_candidate.tex,129,m,baseline or explicit boundary prose,"s(q)R\!\left(q,c_E(m)\right)-F_E(m)-p_mb(m)\\"
paper/model_rebuild/revision_20260907/13_main_text_model_candidate.tex,129,m,baseline or explicit boundary prose,"s(q)R\!\left(q,c_E(m)\right)-F_E(m)-p_mb(m)\\"
paper/model_rebuild/revision_20260907/13_main_text_model_candidate.tex,129,p_m,baseline or explicit boundary prose,"s(q)R\!\left(q,c_E(m)\right)-F_E(m)-p_mb(m)\\"
paper/model_rebuild/revision_20260907/13_main_text_model_candidate.tex,129,m,baseline or explicit boundary prose,"s(q)R\!\left(q,c_E(m)\right)-F_E(m)-p_mb(m)\\"
paper/model_rebuild/revision_20260907/13_main_text_model_candidate.tex,130,\tau_E,baseline or explicit boundary prose,&-\mu_E-\tau_E(M).
paper/model_rebuild/revision_20260907/13_main_text_model_candidate.tex,130,M,baseline or explicit boundary prose,&-\mu_E-\tau_E(M).
paper/model_rebuild/revision_20260907/13_main_text_model_candidate.tex,132,m,baseline or explicit boundary prose,\label{eq:p16m-entrusted}
paper/model_rebuild/revision_20260907/13_main_text_model_candidate.tex,135,p_m,baseline or explicit boundary prose,nonnegative when finite. The capacity payment \(p_mb(m)\) is excluded from
paper/model_rebuild/revision_20260907/13_main_text_model_candidate.tex,135,m,baseline or explicit boundary prose,nonnegative when finite. The capacity payment \(p_mb(m)\) is excluded from
paper/model_rebuild/revision_20260907/13_main_text_model_candidate.tex,138,W^,baseline or explicit boundary prose,"W^T(q,m)=T(q,m),"
paper/model_rebuild/revision_20260907/13_main_text_model_candidate.tex,138,q,baseline or explicit boundary prose,"W^T(q,m)=T(q,m),"
paper/model_rebuild/revision_20260907/13_main_text_model_candidate.tex,138,m,baseline or explicit boundary prose,"W^T(q,m)=T(q,m),"
paper/model_rebuild/revision_20260907/13_main_text_model_candidate.tex,138,q,baseline or explicit boundary prose,"W^T(q,m)=T(q,m),"
paper/model_rebuild/revision_20260907/13_main_text_model_candidate.tex,138,m,baseline or explicit boundary prose,"W^T(q,m)=T(q,m),"
paper/model_rebuild/revision_20260907/13_main_text_model_candidate.tex,140,W^,baseline or explicit boundary prose,W^A=0.
paper/model_rebuild/revision_20260907/13_main_text_model_candidate.tex,141,m,baseline or explicit boundary prose,\label{eq:p16m-outside}
paper/model_rebuild/revision_20260907/13_main_text_model_candidate.tex,145,m,baseline or explicit boundary prose,\label{subsec:p16m-organization}
paper/model_rebuild/revision_20260907/13_main_text_model_candidate.tex,147,p_m,baseline or explicit boundary prose,"At a fixed \(p_m\), the project chooses deterministically:"
paper/model_rebuild/revision_20260907/13_main_text_model_candidate.tex,150,q,baseline or explicit boundary prose,"W_i(q,m;M,p_m)"
paper/model_rebuild/revision_20260907/13_main_text_model_candidate.tex,150,m,baseline or explicit boundary prose,"W_i(q,m;M,p_m)"
paper/model_rebuild/revision_20260907/13_main_text_model_candidate.tex,150,M,baseline or explicit boundary prose,"W_i(q,m;M,p_m)"
paper/model_rebuild/revision_20260907/13_main_text_model_candidate.tex,150,p_m,baseline or explicit boundary prose,"W_i(q,m;M,p_m)"
paper/model_rebuild/revision_20260907/13_main_text_model_candidate.tex,152,W_i^,baseline or explicit boundary prose,"\max\{W_i^I,W_i^E,W^T,W^A\},\\"
paper/model_rebuild/revision_20260907/13_main_text_model_candidate.tex,152,W_i^,baseline or explicit boundary prose,"\max\{W_i^I,W_i^E,W^T,W^A\},\\"
paper/model_rebuild/revision_20260907/13_main_text_model_candidate.tex,152,W^,baseline or explicit boundary prose,"\max\{W_i^I,W_i^E,W^T,W^A\},\\"
paper/model_rebuild/revision_20260907/13_main_text_model_candidate.tex,152,W^,baseline or explicit boundary prose,"\max\{W_i^I,W_i^E,W^T,W^A\},\\"
paper/model_rebuild/revision_20260907/13_main_text_model_candidate.tex,153,q,baseline or explicit boundary prose,"r_i^*(q,m;M,p_m)"
paper/model_rebuild/revision_20260907/13_main_text_model_candidate.tex,153,m,baseline or explicit boundary prose,"r_i^*(q,m;M,p_m)"
paper/model_rebuild/revision_20260907/13_main_text_model_candidate.tex,153,M,baseline or explicit boundary prose,"r_i^*(q,m;M,p_m)"
paper/model_rebuild/revision_20260907/13_main_text_model_candidate.tex,153,p_m,baseline or explicit boundary prose,"r_i^*(q,m;M,p_m)"
paper/model_rebuild/revision_20260907/13_main_text_model_candidate.tex,155,W_i^,baseline or explicit boundary prose,"\arg\max_{r\in\{I,E,T,A\}} W_i^r."
paper/model_rebuild/revision_20260907/13_main_text_model_candidate.tex,157,m,baseline or explicit boundary prose,\label{eq:p16m-route-choice}
paper/model_rebuild/revision_20260907/13_main_text_model_candidate.tex,159,W_i^,baseline or explicit boundary prose,Here \(W_i^T=W^T\) and \(W_i^A=W^A\). We assume measurable
paper/model_rebuild/revision_20260907/13_main_text_model_candidate.tex,159,W^,baseline or explicit boundary prose,Here \(W_i^T=W^T\) and \(W_i^A=W^A\). We assume measurable
paper/model_rebuild/revision_20260907/13_main_text_model_candidate.tex,159,W_i^,baseline or explicit boundary prose,Here \(W_i^T=W^T\) and \(W_i^A=W^A\). We assume measurable
paper/model_rebuild/revision_20260907/13_main_text_model_candidate.tex,159,W^,baseline or explicit boundary prose,Here \(W_i^T=W^T\) and \(W_i^A=W^A\). We assume measurable
paper/model_rebuild/revision_20260907/13_main_text_model_candidate.tex,167,k_i,baseline or explicit boundary prose,\Delta_{IE}(k_i)
paper/model_rebuild/revision_20260907/13_main_text_model_candidate.tex,169,s(q),baseline or explicit boundary prose,s(q)\!\left[
paper/model_rebuild/revision_20260907/13_main_text_model_candidate.tex,170,q,baseline or explicit boundary prose,"R\!\left(q,c_I(m,k_i)\right)-R\!\left(q,c_E(m)\right)"
paper/model_rebuild/revision_20260907/13_main_text_model_candidate.tex,170,m,baseline or explicit boundary prose,"R\!\left(q,c_I(m,k_i)\right)-R\!\left(q,c_E(m)\right)"
paper/model_rebuild/revision_20260907/13_main_text_model_candidate.tex,170,k_i,baseline or explicit boundary prose,"R\!\left(q,c_I(m,k_i)\right)-R\!\left(q,c_E(m)\right)"
paper/model_rebuild/revision_20260907/13_main_text_model_candidate.tex,170,q,baseline or explicit boundary prose,"R\!\left(q,c_I(m,k_i)\right)-R\!\left(q,c_E(m)\right)"
paper/model_rebuild/revision_20260907/13_main_text_model_candidate.tex,170,m,baseline or explicit boundary prose,"R\!\left(q,c_I(m,k_i)\right)-R\!\left(q,c_E(m)\right)"
paper/model_rebuild/revision_20260907/13_main_text_model_candidate.tex,171,m,baseline or explicit boundary prose,"\right]-F_I(m,k_i)\\"
paper/model_rebuild/revision_20260907/13_main_text_model_candidate.tex,171,k_i,baseline or explicit boundary prose,"\right]-F_I(m,k_i)\\"
paper/model_rebuild/revision_20260907/13_main_text_model_candidate.tex,172,m,baseline or explicit boundary prose,&+F_E(m)+p_mb(m)+\mu_E+\tau_E(M).
paper/model_rebuild/revision_20260907/13_main_text_model_candidate.tex,172,p_m,baseline or explicit boundary prose,&+F_E(m)+p_mb(m)+\mu_E+\tau_E(M).
paper/model_rebuild/revision_20260907/13_main_text_model_candidate.tex,172,m,baseline or explicit boundary prose,&+F_E(m)+p_mb(m)+\mu_E+\tau_E(M).
paper/model_rebuild/revision_20260907/13_main_text_model_candidate.tex,172,\tau_E,baseline or explicit boundary prose,&+F_E(m)+p_mb(m)+\mu_E+\tau_E(M).
paper/model_rebuild/revision_20260907/13_main_text_model_candidate.tex,172,M,baseline or explicit boundary prose,&+F_E(m)+p_mb(m)+\mu_E+\tau_E(M).
paper/model_rebuild/revision_20260907/13_main_text_model_candidate.tex,174,m,baseline or explicit boundary prose,\label{eq:p16m-gap}
paper/model_rebuild/revision_20260907/13_main_text_model_candidate.tex,176,q,baseline or explicit boundary prose,"Holding \((q,m,M,p_m)\) fixed with finite \(\tau_E\), on the internally feasible interior,"
paper/model_rebuild/revision_20260907/13_main_text_model_candidate.tex,176,m,baseline or explicit boundary prose,"Holding \((q,m,M,p_m)\) fixed with finite \(\tau_E\), on the internally feasible interior,"
paper/model_rebuild/revision_20260907/13_main_text_model_candidate.tex,176,M,baseline or explicit boundary prose,"Holding \((q,m,M,p_m)\) fixed with finite \(\tau_E\), on the internally feasible interior,"
paper/model_rebuild/revision_20260907/13_main_text_model_candidate.tex,176,p_m,baseline or explicit boundary prose,"Holding \((q,m,M,p_m)\) fixed with finite \(\tau_E\), on the internally feasible interior,"
paper/model_rebuild/revision_20260907/13_main_text_model_candidate.tex,176,\tau_E,baseline or explicit boundary prose,"Holding \((q,m,M,p_m)\) fixed with finite \(\tau_E\), on the internally feasible interior,"
paper/model_rebuild/revision_20260907/13_main_text_model_candidate.tex,180,s(q),baseline or explicit boundary prose,"s(q)R_c\!\left(q,c_I\right)c_{I,k}-F_{I,k}>0."
paper/model_rebuild/revision_20260907/13_main_text_model_candidate.tex,180,q,baseline or explicit boundary prose,"s(q)R_c\!\left(q,c_I\right)c_{I,k}-F_{I,k}>0."
paper/model_rebuild/revision_20260907/13_main_text_model_candidate.tex,184,q,baseline or explicit boundary prose,"\(k^*(q,m;p_m,M)\) satisfies \(\Delta_{IE}(k^*)=0\). Conditional on \(I\)"
paper/model_rebuild/revision_20260907/13_main_text_model_candidate.tex,184,m,baseline or explicit boundary prose,"\(k^*(q,m;p_m,M)\) satisfies \(\Delta_{IE}(k^*)=0\). Conditional on \(I\)"
paper/model_rebuild/revision_20260907/13_main_text_model_candidate.tex,184,p_m,baseline or explicit boundary prose,"\(k^*(q,m;p_m,M)\) satisfies \(\Delta_{IE}(k^*)=0\). Conditional on \(I\)"
paper/model_rebuild/revision_20260907/13_main_text_model_candidate.tex,184,M,baseline or explicit boundary prose,"\(k^*(q,m;p_m,M)\) satisfies \(\Delta_{IE}(k^*)=0\). Conditional on \(I\)"
paper/model_rebuild/revision_20260907/13_main_text_model_candidate.tex,191,\Omega_i,baseline or explicit boundary prose,"\Omega_i(M,p_m)"
paper/model_rebuild/revision_20260907/13_main_text_model_candidate.tex,191,M,baseline or explicit boundary prose,"\Omega_i(M,p_m)"
paper/model_rebuild/revision_20260907/13_main_text_model_candidate.tex,191,p_m,baseline or explicit boundary prose,"\Omega_i(M,p_m)"
paper/model_rebuild/revision_20260907/13_main_text_model_candidate.tex,193,q,baseline or explicit boundary prose,"\int W_i(q,m;M,p_m)\,dF(q,m)."
paper/model_rebuild/revision_20260907/13_main_text_model_candidate.tex,193,m,baseline or explicit boundary prose,"\int W_i(q,m;M,p_m)\,dF(q,m)."
paper/model_rebuild/revision_20260907/13_main_text_model_candidate.tex,193,M,baseline or explicit boundary prose,"\int W_i(q,m;M,p_m)\,dF(q,m)."
paper/model_rebuild/revision_20260907/13_main_text_model_candidate.tex,193,p_m,baseline or explicit boundary prose,"\int W_i(q,m;M,p_m)\,dF(q,m)."
paper/model_rebuild/revision_20260907/13_main_text_model_candidate.tex,193,q,baseline or explicit boundary prose,"\int W_i(q,m;M,p_m)\,dF(q,m)."
paper/model_rebuild/revision_20260907/13_main_text_model_candidate.tex,193,m,baseline or explicit boundary prose,"\int W_i(q,m;M,p_m)\,dF(q,m)."
paper/model_rebuild/revision_20260907/13_main_text_model_candidate.tex,194,m,baseline or explicit boundary prose,\label{eq:p16m-omega}
paper/model_rebuild/revision_20260907/13_main_text_model_candidate.tex,198,x_i,baseline or explicit boundary prose,\max_{x_i\geq0}
paper/model_rebuild/revision_20260907/13_main_text_model_candidate.tex,200,a_i,baseline or explicit boundary prose,"\beta a_ix_i\Omega_i(M,p_m)"
paper/model_rebuild/revision_20260907/13_main_text_model_candidate.tex,200,x_i,baseline or explicit boundary prose,"\beta a_ix_i\Omega_i(M,p_m)"
paper/model_rebuild/revision_20260907/13_main_text_model_candidate.tex,200,\Omega_i,baseline or explicit boundary prose,"\beta a_ix_i\Omega_i(M,p_m)"
paper/model_rebuild/revision_20260907/13_main_text_model_candidate.tex,200,M,baseline or explicit boundary prose,"\beta a_ix_i\Omega_i(M,p_m)"
paper/model_rebuild/revision_20260907/13_main_text_model_candidate.tex,200,p_m,baseline or explicit boundary prose,"\beta a_ix_i\Omega_i(M,p_m)"
paper/model_rebuild/revision_20260907/13_main_text_model_candidate.tex,202,x_i,baseline or explicit boundary prose,\frac{\kappa}{1+\nu}x_i^{1+\nu}
paper/model_rebuild/revision_20260907/13_main_text_model_candidate.tex,205,m,baseline or explicit boundary prose,\label{eq:p16m-advancement-problem}
paper/model_rebuild/revision_20260907/13_main_text_model_candidate.tex,209,x_i,baseline or explicit boundary prose,"x_i^*(M,p_m)"
paper/model_rebuild/revision_20260907/13_main_text_model_candidate.tex,209,M,baseline or explicit boundary prose,"x_i^*(M,p_m)"
paper/model_rebuild/revision_20260907/13_main_text_model_candidate.tex,209,p_m,baseline or explicit boundary prose,"x_i^*(M,p_m)"
paper/model_rebuild/revision_20260907/13_main_text_model_candidate.tex,212,a_i,baseline or explicit boundary prose,"\frac{\beta a_i}{\kappa}\Omega_i(M,p_m)"
paper/model_rebuild/revision_20260907/13_main_text_model_candidate.tex,212,\Omega_i,baseline or explicit boundary prose,"\frac{\beta a_i}{\kappa}\Omega_i(M,p_m)"
paper/model_rebuild/revision_20260907/13_main_text_model_candidate.tex,212,M,baseline or explicit boundary prose,"\frac{\beta a_i}{\kappa}\Omega_i(M,p_m)"
paper/model_rebuild/revision_20260907/13_main_text_model_candidate.tex,212,p_m,baseline or explicit boundary prose,"\frac{\beta a_i}{\kappa}\Omega_i(M,p_m)"
paper/model_rebuild/revision_20260907/13_main_text_model_candidate.tex,214,m,baseline or explicit boundary prose,\label{eq:p16m-advancement}
paper/model_rebuild/revision_20260907/13_main_text_model_candidate.tex,216,x_i,baseline or explicit boundary prose,including \(x_i^*=0\) when \(\Omega_i=0\). The binary reform affects
paper/model_rebuild/revision_20260907/13_main_text_model_candidate.tex,216,\Omega_i,baseline or explicit boundary prose,including \(x_i^*=0\) when \(\Omega_i=0\). The binary reform affects
paper/model_rebuild/revision_20260907/13_main_text_model_candidate.tex,217,x_i,baseline or explicit boundary prose,"\(x_i^*\) only through \(\Omega_i\). At a fixed \(p_m\), its effect is"
paper/model_rebuild/revision_20260907/13_main_text_model_candidate.tex,217,\Omega_i,baseline or explicit boundary prose,"\(x_i^*\) only through \(\Omega_i\). At a fixed \(p_m\), its effect is"
paper/model_rebuild/revision_20260907/13_main_text_model_candidate.tex,217,p_m,baseline or explicit boundary prose,"\(x_i^*\) only through \(\Omega_i\). At a fixed \(p_m\), its effect is"
paper/model_rebuild/revision_20260907/13_main_text_model_candidate.tex,222,m,baseline or explicit boundary prose,\label{subsec:p16m-cmo}
paper/model_rebuild/revision_20260907/13_main_text_model_candidate.tex,227,p_m,baseline or explicit boundary prose,\max_{s_j\geq0}\{p_ms_j-\Psi(s_j;z_j)\}.
paper/model_rebuild/revision_20260907/13_main_text_model_candidate.tex,228,m,baseline or explicit boundary prose,\label{eq:p16m-supplier}
paper/model_rebuild/revision_20260907/13_main_text_model_candidate.tex,233,p_m,baseline or explicit boundary prose,"\(p_m=\Psi_s(s_j^*;z_j)\), and aggregate supply is"
paper/model_rebuild/revision_20260907/13_main_text_model_candidate.tex,235,m,baseline or explicit boundary prose,"S_m(p_m)=\int s_j^*(p_m,z)\,dH_C(z)."
paper/model_rebuild/revision_20260907/13_main_text_model_candidate.tex,235,p_m,baseline or explicit boundary prose,"S_m(p_m)=\int s_j^*(p_m,z)\,dH_C(z)."
paper/model_rebuild/revision_20260907/13_main_text_model_candidate.tex,235,p_m,baseline or explicit boundary prose,"S_m(p_m)=\int s_j^*(p_m,z)\,dH_C(z)."
paper/model_rebuild/revision_20260907/13_main_text_model_candidate.tex,240,p_m,baseline or explicit boundary prose,\chi_i^E(p_m;M)
paper/model_rebuild/revision_20260907/13_main_text_model_candidate.tex,240,M,baseline or explicit boundary prose,\chi_i^E(p_m;M)
paper/model_rebuild/revision_20260907/13_main_text_model_candidate.tex,242,m,baseline or explicit boundary prose,"\int b(m)\mathbf 1\{r_i^*(q,m;M,p_m)=E\}\,dF(q,m)."
paper/model_rebuild/revision_20260907/13_main_text_model_candidate.tex,242,q,baseline or explicit boundary prose,"\int b(m)\mathbf 1\{r_i^*(q,m;M,p_m)=E\}\,dF(q,m)."
paper/model_rebuild/revision_20260907/13_main_text_model_candidate.tex,242,m,baseline or explicit boundary prose,"\int b(m)\mathbf 1\{r_i^*(q,m;M,p_m)=E\}\,dF(q,m)."
paper/model_rebuild/revision_20260907/13_main_text_model_candidate.tex,242,M,baseline or explicit boundary prose,"\int b(m)\mathbf 1\{r_i^*(q,m;M,p_m)=E\}\,dF(q,m)."
paper/model_rebuild/revision_20260907/13_main_text_model_candidate.tex,242,p_m,baseline or explicit boundary prose,"\int b(m)\mathbf 1\{r_i^*(q,m;M,p_m)=E\}\,dF(q,m)."
paper/model_rebuild/revision_20260907/13_main_text_model_candidate.tex,242,q,baseline or explicit boundary prose,"\int b(m)\mathbf 1\{r_i^*(q,m;M,p_m)=E\}\,dF(q,m)."
paper/model_rebuild/revision_20260907/13_main_text_model_candidate.tex,242,m,baseline or explicit boundary prose,"\int b(m)\mathbf 1\{r_i^*(q,m;M,p_m)=E\}\,dF(q,m)."
paper/model_rebuild/revision_20260907/13_main_text_model_candidate.tex,243,m,baseline or explicit boundary prose,\label{eq:p16m-project-demand}
paper/model_rebuild/revision_20260907/13_main_text_model_candidate.tex,248,m,baseline or explicit boundary prose,D_m^{\mathrm{MAH}}(p_m;M)
paper/model_rebuild/revision_20260907/13_main_text_model_candidate.tex,248,p_m,baseline or explicit boundary prose,D_m^{\mathrm{MAH}}(p_m;M)
paper/model_rebuild/revision_20260907/13_main_text_model_candidate.tex,248,M,baseline or explicit boundary prose,D_m^{\mathrm{MAH}}(p_m;M)
paper/model_rebuild/revision_20260907/13_main_text_model_candidate.tex,250,a_i,baseline or explicit boundary prose,"\int a_ix_i^*(M,p_m)\chi_i^E(p_m;M)\,dH(a,k),\\"
paper/model_rebuild/revision_20260907/13_main_text_model_candidate.tex,250,x_i,baseline or explicit boundary prose,"\int a_ix_i^*(M,p_m)\chi_i^E(p_m;M)\,dH(a,k),\\"
paper/model_rebuild/revision_20260907/13_main_text_model_candidate.tex,250,M,baseline or explicit boundary prose,"\int a_ix_i^*(M,p_m)\chi_i^E(p_m;M)\,dH(a,k),\\"
paper/model_rebuild/revision_20260907/13_main_text_model_candidate.tex,250,p_m,baseline or explicit boundary prose,"\int a_ix_i^*(M,p_m)\chi_i^E(p_m;M)\,dH(a,k),\\"
paper/model_rebuild/revision_20260907/13_main_text_model_candidate.tex,250,p_m,baseline or explicit boundary prose,"\int a_ix_i^*(M,p_m)\chi_i^E(p_m;M)\,dH(a,k),\\"
paper/model_rebuild/revision_20260907/13_main_text_model_candidate.tex,250,M,baseline or explicit boundary prose,"\int a_ix_i^*(M,p_m)\chi_i^E(p_m;M)\,dH(a,k),\\"
paper/model_rebuild/revision_20260907/13_main_text_model_candidate.tex,251,m,baseline or explicit boundary prose,D_m(p_m;M)
paper/model_rebuild/revision_20260907/13_main_text_model_candidate.tex,251,p_m,baseline or explicit boundary prose,D_m(p_m;M)
paper/model_rebuild/revision_20260907/13_main_text_model_candidate.tex,251,M,baseline or explicit boundary prose,D_m(p_m;M)
paper/model_rebuild/revision_20260907/13_main_text_model_candidate.tex,252,m,baseline or explicit boundary prose,&=D_m^B(p_m)+D_m^{\mathrm{MAH}}(p_m;M).
paper/model_rebuild/revision_20260907/13_main_text_model_candidate.tex,252,p_m,baseline or explicit boundary prose,&=D_m^B(p_m)+D_m^{\mathrm{MAH}}(p_m;M).
paper/model_rebuild/revision_20260907/13_main_text_model_candidate.tex,252,m,baseline or explicit boundary prose,&=D_m^B(p_m)+D_m^{\mathrm{MAH}}(p_m;M).
paper/model_rebuild/revision_20260907/13_main_text_model_candidate.tex,252,p_m,baseline or explicit boundary prose,&=D_m^B(p_m)+D_m^{\mathrm{MAH}}(p_m;M).
paper/model_rebuild/revision_20260907/13_main_text_model_candidate.tex,252,M,baseline or explicit boundary prose,&=D_m^B(p_m)+D_m^{\mathrm{MAH}}(p_m;M).
paper/model_rebuild/revision_20260907/13_main_text_model_candidate.tex,254,m,baseline or explicit boundary prose,\label{eq:p16m-demand}
paper/model_rebuild/revision_20260907/13_main_text_model_candidate.tex,267,m,baseline or explicit boundary prose,D_m(p_m^*;M)=S_m(p_m^*).
paper/model_rebuild/revision_20260907/13_main_text_model_candidate.tex,267,p_m,baseline or explicit boundary prose,D_m(p_m^*;M)=S_m(p_m^*).
paper/model_rebuild/revision_20260907/13_main_text_model_candidate.tex,267,M,baseline or explicit boundary prose,D_m(p_m^*;M)=S_m(p_m^*).
paper/model_rebuild/revision_20260907/13_main_text_model_candidate.tex,267,m,baseline or explicit boundary prose,D_m(p_m^*;M)=S_m(p_m^*).
paper/model_rebuild/revision_20260907/13_main_text_model_candidate.tex,267,p_m,baseline or explicit boundary prose,D_m(p_m^*;M)=S_m(p_m^*).
paper/model_rebuild/revision_20260907/13_main_text_model_candidate.tex,268,m,baseline or explicit boundary prose,\label{eq:p16m-clearing}
paper/model_rebuild/revision_20260907/13_main_text_model_candidate.tex,274,p_m,baseline or explicit boundary prose,"old price, \(p_m^*(1)>p_m^*(0)\): CMO scarcity attenuates the reform rather"
paper/model_rebuild/revision_20260907/13_main_text_model_candidate.tex,274,p_m,baseline or explicit boundary prose,"old price, \(p_m^*(1)>p_m^*(0)\): CMO scarcity attenuates the reform rather"
paper/model_rebuild/revision_20260907/13_main_text_model_candidate.tex,280,p_m,baseline or explicit boundary prose,"p_m^*,\;"
paper/model_rebuild/revision_20260907/13_main_text_model_candidate.tex,281,x_i,baseline or explicit boundary prose,"x_i^*,\;"
paper/model_rebuild/revision_20260907/13_main_text_model_candidate.tex,282,q,baseline or explicit boundary prose,"r_i^*(q,m),\;"
paper/model_rebuild/revision_20260907/13_main_text_model_candidate.tex,282,m,baseline or explicit boundary prose,"r_i^*(q,m),\;"
paper/model_rebuild/revision_20260907/13_main_text_model_candidate.tex,285,m,baseline or explicit boundary prose,\label{eq:p16m-equilibrium}
paper/model_rebuild/revision_20260907/13_main_text_model_candidate.tex,291,m,baseline or explicit boundary prose,\label{subsec:p16m-predictions}
paper/model_rebuild/revision_20260907/13_main_text_model_candidate.tex,303,a_i,baseline or explicit boundary prose,"Across developers, higher \(a_i\) scales a given surplus response upward;"
paper/model_rebuild/revision_20260907/13_main_text_model_candidate.tex,304,k_i,baseline or explicit boundary prose,a larger response at lower \(k_i\) additionally uses \(\nu\geq1\) and the
paper/model_rebuild/revision_20260907/13_main_text_model_candidate.tex,307,a_i,baseline or explicit boundary prose,"\(a_i\), project quality, or the advancement-cost function."
paper/model_rebuild/revision_20260907/13_main_text_model_candidate.tex,318,a_i,baseline or explicit boundary prose,"\Lambda_i^{\mathrm{plan}}=a_ix_i^*,"
paper/model_rebuild/revision_20260907/13_main_text_model_candidate.tex,318,a_i,baseline or explicit boundary prose,"\Lambda_i^{\mathrm{plan}}=a_ix_i^*,"
paper/model_rebuild/revision_20260907/13_main_text_model_candidate.tex,318,x_i,baseline or explicit boundary prose,"\Lambda_i^{\mathrm{plan}}=a_ix_i^*,"
paper/model_rebuild/revision_20260907/13_main_text_model_candidate.tex,324,a_i,baseline or explicit boundary prose,a_ix_i^*
paper/model_rebuild/revision_20260907/13_main_text_model_candidate.tex,324,x_i,baseline or explicit boundary prose,a_ix_i^*
paper/model_rebuild/revision_20260907/13_main_text_model_candidate.tex,325,s(q),baseline or explicit boundary prose,\int s(q)
paper/model_rebuild/revision_20260907/13_main_text_model_candidate.tex,330,q,baseline or explicit boundary prose,"\right]dF(q,m)."
paper/model_rebuild/revision_20260907/13_main_text_model_candidate.tex,330,m,baseline or explicit boundary prose,"\right]dF(q,m)."
paper/model_rebuild/revision_20260907/13_main_text_model_candidate.tex,331,m,baseline or explicit boundary prose,\label{eq:p16m-retained-outcome}
paper/model_rebuild/revision_20260907/13_main_text_model_candidate.tex,335,x_i,baseline or explicit boundary prose,cannot cause the earlier \(x_i\) choice.
paper/model_rebuild/revision_20260907/13_main_text_model_candidate.tex,338,x_i,baseline or explicit boundary prose,"For \(g\in\{O,\mathrm{Inc}\}\), outcomes use the same \(x_i^*\) and the"
paper/model_rebuild/revision_20260907/13_main_text_model_candidate.tex,339,s(q),baseline or explicit boundary prose,"mixture \(\rho_gF_g\), with the same realization kernel \(s(q)\)."
paper/model_rebuild/revision_20260907/14_appendix_model_candidate.tex,41,\tau_E,baseline or explicit boundary prose,"institutional wedge \(\tau_E(M)\), whose infinite/finite value encodes the"
paper/model_rebuild/revision_20260907/14_appendix_model_candidate.tex,41,M,baseline or explicit boundary prose,"institutional wedge \(\tau_E(M)\), whose infinite/finite value encodes the"
paper/model_rebuild/revision_20260907/14_appendix_model_candidate.tex,42,x_i,baseline or explicit boundary prose,effective availability of retained entrusted manufacturing. The common control \(x_i\) is project-development / advancement intensity. It advances viable projects
paper/model_rebuild/revision_20260907/14_appendix_model_candidate.tex,46,M,baseline or explicit boundary prose,M
paper/model_rebuild/revision_20260907/14_appendix_model_candidate.tex,50,\Omega_i,baseline or explicit boundary prose,\Omega_i
paper/model_rebuild/revision_20260907/14_appendix_model_candidate.tex,52,x_i,baseline or explicit boundary prose,"x_i^*,"
paper/model_rebuild/revision_20260907/14_appendix_model_candidate.tex,79,x_i,baseline or explicit boundary prose,"\(x_i\), exogenous shares \(\rho_g\), and conditional distributions \(F_g\)"
